  0
SECTION
  2
HEADER
  9
$ACADVER
  1
AC1024
  9
$ACADMAINTVER
 70
6
  9
$DWGCODEPAGE
  3
ANSI_1252
  9
$LASTSAVEDBY
  1
ezdxf
  9
$INSBASE
 10
0.0
 20
0.0
 30
0.0
  9
$EXTMIN
 10
1e+20
 20
1e+20
 30
1e+20
  9
$EXTMAX
 10
-1e+20
 20
-1e+20
 30
-1e+20
  9
$LIMMIN
 10
0.0
 20
0.0
  9
$LIMMAX
 10
420.0
 20
297.0
  9
$ORTHOMODE
 70
0
  9
$REGENMODE
 70
1
  9
$FILLMODE
 70
1
  9
$QTEXTMODE
 70
0
  9
$MIRRTEXT
 70
1
  9
$LTSCALE
 40
1.0
  9
$ATTMODE
 70
1
  9
$TEXTSIZE
 40
2.5
  9
$TRACEWID
 40
1.0
  9
$TEXTSTYLE
  7
OpenSans
  9
$CLAYER
  8
0
  9
$CELTYPE
  6
ByLayer
  9
$CECOLOR
 62
256
  9
$CELTSCALE
 40
1.0
  9
$DISPSILH
 70
0
  9
$DIMSCALE
 40
1.0
  9
$DIMASZ
 40
0.175
  9
$DIMEXO
 40
0.125
  9
$DIMDLI
 40
3.75
  9
$DIMRND
 40
0.0
  9
$DIMDLE
 40
0.0
  9
$DIMEXE
 40
0.375
  9
$DIMTP
 40
0.0
  9
$DIMTM
 40
0.0
  9
$DIMTXT
 40
0.25
  9
$DIMCEN
 40
2.5
  9
$DIMTSZ
 40
0.0
  9
$DIMTOL
 70
0
  9
$DIMLIM
 70
0
  9
$DIMTIH
 70
0
  9
$DIMTOH
 70
0
  9
$DIMSE1
 70
0
  9
$DIMSE2
 70
0
  9
$DIMTAD
 70
1
  9
$DIMZIN
 70
12
  9
$DIMBLK
  1
ARCHTICK
  9
$DIMASO
 70
1
  9
$DIMSHO
 70
1
  9
$DIMPOST
  1

  9
$DIMAPOST
  1

  9
$DIMALT
 70
0
  9
$DIMALTD
 70
3
  9
$DIMALTF
 40
0.03937007874
  9
$DIMLFAC
 40
100.0
  9
$DIMTOFL
 70
1
  9
$DIMTVP
 40
0.0
  9
$DIMTIX
 70
0
  9
$DIMSOXD
 70
0
  9
$DIMSAH
 70
0
  9
$DIMBLK1
  1

  9
$DIMBLK2
  1

  9
$DIMSTYLE
  2
EZDXF
  9
$DIMCLRD
 70
0
  9
$DIMCLRE
 70
0
  9
$DIMCLRT
 70
0
  9
$DIMTFAC
 40
0.5
  9
$DIMGAP
 40
0.1
  9
$DIMJUST
 70
0
  9
$DIMSD1
 70
0
  9
$DIMSD2
 70
0
  9
$DIMTOLJ
 70
0
  9
$DIMTZIN
 70
8
  9
$DIMALTZ
 70
0
  9
$DIMALTTZ
 70
0
  9
$DIMUPT
 70
1
  9
$DIMDEC
 70
2
  9
$DIMTDEC
 70
2
  9
$DIMALTU
 70
2
  9
$DIMALTTD
 70
3
  9
$DIMTXSTY
  7
OpenSansCondensed-Light
  9
$DIMAUNIT
 70
0
  9
$DIMADEC
 70
2
  9
$DIMALTRND
 40
0.0
  9
$DIMAZIN
 70
3
  9
$DIMDSEP
 70
46
  9
$DIMATFIT
 70
3
  9
$DIMFRAC
 70
0
  9
$DIMLDRBLK
  1

  9
$DIMLUNIT
 70
2
  9
$DIMLWD
 70
-2
  9
$DIMLWE
 70
-2
  9
$DIMTMOVE
 70
2
  9
$DIMFXL
 40
1.0
  9
$DIMFXLON
 70
0
  9
$DIMJOGANG
 40
0.785398163397
  9
$DIMTFILL
 70
0
  9
$DIMTFILLCLR
 70
0
  9
$DIMARCSYM
 70
0
  9
$DIMLTYPE
  6

  9
$DIMLTEX1
  6

  9
$DIMLTEX2
  6

  9
$DIMTXTDIRECTION
 70
0
  9
$LUNITS
 70
2
  9
$LUPREC
 70
4
  9
$SKETCHINC
 40
1.0
  9
$FILLETRAD
 40
10.0
  9
$AUNITS
 70
0
  9
$AUPREC
 70
2
  9
$MENU
  1
.
  9
$ELEVATION
 40
0.0
  9
$PELEVATION
 40
0.0
  9
$THICKNESS
 40
0.0
  9
$LIMCHECK
 70
0
  9
$CHAMFERA
 40
0.0
  9
$CHAMFERB
 40
0.0
  9
$CHAMFERC
 40
0.0
  9
$CHAMFERD
 40
0.0
  9
$SKPOLY
 70
0
  9
$TDCREATE
 40
2461175.521516204
  9
$TDUCREATE
 40
2458532.153996898
  9
$TDUPDATE
 40
2461175.521516204
  9
$TDUUPDATE
 40
2458532.1544311
  9
$TDINDWG
 40
0.0
  9
$TDUSRTIMER
 40
0.0
  9
$USRTIMER
 70
1
  9
$ANGBASE
 50
0.0
  9
$ANGDIR
 70
0
  9
$PDMODE
 70
0
  9
$PDSIZE
 40
0.0
  9
$PLINEWID
 40
0.0
  9
$SPLFRAME
 70
0
  9
$SPLINETYPE
 70
6
  9
$SPLINESEGS
 70
8
  9
$HANDSEED
  5
66C
  9
$SURFTAB1
 70
6
  9
$SURFTAB2
 70
6
  9
$SURFTYPE
 70
6
  9
$SURFU
 70
6
  9
$SURFV
 70
6
  9
$UCSBASE
  2

  9
$UCSNAME
  2

  9
$UCSORG
 10
0.0
 20
0.0
 30
0.0
  9
$UCSXDIR
 10
1.0
 20
0.0
 30
0.0
  9
$UCSYDIR
 10
0.0
 20
1.0
 30
0.0
  9
$UCSORTHOREF
  2

  9
$UCSORTHOVIEW
 70
0
  9
$UCSORGTOP
 10
0.0
 20
0.0
 30
0.0
  9
$UCSORGBOTTOM
 10
0.0
 20
0.0
 30
0.0
  9
$UCSORGLEFT
 10
0.0
 20
0.0
 30
0.0
  9
$UCSORGRIGHT
 10
0.0
 20
0.0
 30
0.0
  9
$UCSORGFRONT
 10
0.0
 20
0.0
 30
0.0
  9
$UCSORGBACK
 10
0.0
 20
0.0
 30
0.0
  9
$PUCSBASE
  2

  9
$PUCSNAME
  2

  9
$PUCSORG
 10
0.0
 20
0.0
 30
0.0
  9
$PUCSXDIR
 10
1.0
 20
0.0
 30
0.0
  9
$PUCSYDIR
 10
0.0
 20
1.0
 30
0.0
  9
$PUCSORTHOREF
  2

  9
$PUCSORTHOVIEW
 70
0
  9
$PUCSORGTOP
 10
0.0
 20
0.0
 30
0.0
  9
$PUCSORGBOTTOM
 10
0.0
 20
0.0
 30
0.0
  9
$PUCSORGLEFT
 10
0.0
 20
0.0
 30
0.0
  9
$PUCSORGRIGHT
 10
0.0
 20
0.0
 30
0.0
  9
$PUCSORGFRONT
 10
0.0
 20
0.0
 30
0.0
  9
$PUCSORGBACK
 10
0.0
 20
0.0
 30
0.0
  9
$USERI1
 70
0
  9
$USERI2
 70
0
  9
$USERI3
 70
0
  9
$USERI4
 70
0
  9
$USERI5
 70
0
  9
$USERR1
 40
0.0
  9
$USERR2
 40
0.0
  9
$USERR3
 40
0.0
  9
$USERR4
 40
0.0
  9
$USERR5
 40
0.0
  9
$WORLDVIEW
 70
1
  9
$SHADEDGE
 70
3
  9
$SHADEDIF
 70
70
  9
$TILEMODE
 70
1
  9
$MAXACTVP
 70
64
  9
$PINSBASE
 10
0.0
 20
0.0
 30
0.0
  9
$PLIMCHECK
 70
0
  9
$PEXTMIN
 10
1e+20
 20
1e+20
 30
1e+20
  9
$PEXTMAX
 10
-1e+20
 20
-1e+20
 30
-1e+20
  9
$PLIMMIN
 10
0.0
 20
0.0
  9
$PLIMMAX
 10
420.0
 20
297.0
  9
$UNITMODE
 70
0
  9
$VISRETAIN
 70
1
  9
$PLINEGEN
 70
0
  9
$PSLTSCALE
 70
1
  9
$TREEDEPTH
 70
3020
  9
$CMLSTYLE
  2
Standard
  9
$CMLJUST
 70
0
  9
$CMLSCALE
 40
20.0
  9
$PROXYGRAPHICS
 70
1
  9
$MEASUREMENT
 70
1
  9
$CELWEIGHT
370
-1
  9
$ENDCAPS
280
0
  9
$JOINSTYLE
280
0
  9
$LWDISPLAY
290
0
  9
$INSUNITS
 70
6
  9
$HYPERLINKBASE
  1

  9
$STYLESHEET
  1

  9
$XEDIT
290
1
  9
$CEPSNTYPE
380
0
  9
$PSTYLEMODE
290
1
  9
$FINGERPRINTGUID
  2
{DBA98348-A124-4B31-B191-F8237FC38139}
  9
$VERSIONGUID
  2
{D1BD7B1B-AF22-4AE2-88C4-EECEB273C0E6}
  9
$EXTNAMES
290
1
  9
$PSVPSCALE
 40
0.0
  9
$OLESTARTUP
290
0
  9
$SORTENTS
280
127
  9
$INDEXCTL
280
0
  9
$HIDETEXT
280
1
  9
$XCLIPFRAME
280
1
  9
$HALOGAP
280
0
  9
$OBSCOLOR
 70
257
  9
$OBSLTYPE
280
0
  9
$INTERSECTIONDISPLAY
280
0
  9
$INTERSECTIONCOLOR
 70
257
  9
$DIMASSOC
280
2
  9
$PROJECTNAME
  1

  9
$CAMERADISPLAY
290
0
  9
$LENSLENGTH
 40
50.0
  9
$CAMERAHEIGHT
 40
0.0
  9
$STEPSPERSEC
 40
24.0
  9
$STEPSIZE
 40
100.0
  9
$3DDWFPREC
 40
2.0
  9
$PSOLWIDTH
 40
0.005
  9
$PSOLHEIGHT
 40
0.08
  9
$LOFTANG1
 40
1.570796326795
  9
$LOFTANG2
 40
1.570796326795
  9
$LOFTMAG1
 40
0.0
  9
$LOFTMAG2
 40
0.0
  9
$LOFTPARAM
 70
7
  9
$LOFTNORMALS
280
1
  9
$LATITUDE
 40
37.795
  9
$LONGITUDE
 40
-122.394
  9
$NORTHDIRECTION
 40
0.0
  9
$TIMEZONE
 70
-8000
  9
$LIGHTGLYPHDISPLAY
280
1
  9
$TILEMODELIGHTSYNCH
280
1
  9
$CMATERIAL
347
20
  9
$SOLIDHIST
280
0
  9
$SHOWHIST
280
1
  9
$DWFFRAME
280
2
  9
$DGNFRAME
280
2
  9
$REALWORLDSCALE
290
1
  9
$INTERFERECOLOR
 62
256
  9
$CSHADOW
280
0
  9
$SHADOWPLANELOCATION
 40
0.0
  0
ENDSEC
  0
SECTION
  2
CLASSES
  0
CLASS
  1
ACDBDICTIONARYWDFLT
  2
AcDbDictionaryWithDefault
  3
ObjectDBX Classes
 90
0
 91
0
280
0
281
0
  0
CLASS
  1
SUN
  2
AcDbSun
  3
SCENEOE
 90
1153
 91
0
280
0
281
0
  0
CLASS
  1
VISUALSTYLE
  2
AcDbVisualStyle
  3
ObjectDBX Classes
 90
4095
 91
0
280
0
281
0
  0
CLASS
  1
MATERIAL
  2
AcDbMaterial
  3
ObjectDBX Classes
 90
1153
 91
0
280
0
281
0
  0
CLASS
  1
SCALE
  2
AcDbScale
  3
ObjectDBX Classes
 90
1153
 91
0
280
0
281
0
  0
CLASS
  1
TABLESTYLE
  2
AcDbTableStyle
  3
ObjectDBX Classes
 90
4095
 91
0
280
0
281
0
  0
CLASS
  1
MLEADERSTYLE
  2
AcDbMLeaderStyle
  3
ACDB_MLEADERSTYLE_CLASS
 90
4095
 91
0
280
0
281
0
  0
CLASS
  1
DICTIONARYVAR
  2
AcDbDictionaryVar
  3
ObjectDBX Classes
 90
0
 91
0
280
0
281
0
  0
CLASS
  1
CELLSTYLEMAP
  2
AcDbCellStyleMap
  3
ObjectDBX Classes
 90
1152
 91
0
280
0
281
0
  0
CLASS
  1
MENTALRAYRENDERSETTINGS
  2
AcDbMentalRayRenderSettings
  3
SCENEOE
 90
1024
 91
0
280
0
281
0
  0
CLASS
  1
ACDBDETAILVIEWSTYLE
  2
AcDbDetailViewStyle
  3
ObjectDBX Classes
 90
1025
 91
0
280
0
281
0
  0
CLASS
  1
ACDBSECTIONVIEWSTYLE
  2
AcDbSectionViewStyle
  3
ObjectDBX Classes
 90
1025
 91
0
280
0
281
0
  0
CLASS
  1
RASTERVARIABLES
  2
AcDbRasterVariables
  3
ISM
 90
0
 91
0
280
0
281
0
  0
CLASS
  1
ACDBPLACEHOLDER
  2
AcDbPlaceHolder
  3
ObjectDBX Classes
 90
0
 91
0
280
0
281
0
  0
CLASS
  1
LAYOUT
  2
AcDbLayout
  3
ObjectDBX Classes
 90
0
 91
0
280
0
281
0
  0
ENDSEC
  0
SECTION
  2
TABLES
  0
TABLE
  2
VPORT
  5
8
330
0
100
AcDbSymbolTable
 70
1
  0
VPORT
  5
23
330
8
100
AcDbSymbolTableRecord
100
AcDbViewportTableRecord
  2
*Active
 70
0
 10
0.0
 20
0.0
 11
1.0
 21
1.0
 12
0.0
 22
0.0
 13
0.0
 23
0.0
 14
0.5
 24
0.5
 15
0.5
 25
0.5
 16
0.0
 26
0.0
 36
1.0
 17
0.0
 27
0.0
 37
0.0
 40
1000.0
 41
1.34
 42
50.0
 43
0.0
 44
0.0
 50
0.0
 51
0.0
 71
0
 72
1000
 73
1
 74
3
 75
0
 76
0
 77
0
 78
0
281
0
 65
0
146
0.0
  0
ENDTAB
  0
TABLE
  2
LTYPE
  5
2
330
0
100
AcDbSymbolTable
 70
21
  0
LTYPE
  5
24
330
2
100
AcDbSymbolTableRecord
100
AcDbLinetypeTableRecord
  2
ByBlock
 70
0
  3

 72
65
 73
0
 40
0.0
  0
LTYPE
  5
25
330
2
100
AcDbSymbolTableRecord
100
AcDbLinetypeTableRecord
  2
ByLayer
 70
0
  3

 72
65
 73
0
 40
0.0
  0
LTYPE
  5
26
330
2
100
AcDbSymbolTableRecord
100
AcDbLinetypeTableRecord
  2
Continuous
 70
0
  3

 72
65
 73
0
 40
0.0
  0
LTYPE
  5
2F
330
2
100
AcDbSymbolTableRecord
100
AcDbLinetypeTableRecord
  2
CENTER
 70
0
  3
Center ____ _ ____ _ ____ _ ____ _ ____ _ ____
 72
65
 73
4
 40
5.08
 49
3.175
 74
0
 49
-0.635
 74
0
 49
0.635
 74
0
 49
-0.635
 74
0
  0
LTYPE
  5
30
330
2
100
AcDbSymbolTableRecord
100
AcDbLinetypeTableRecord
  2
CENTERX2
 70
0
  3
Center (2x) ________  __  ________  __  ________
 72
65
 73
4
 40
8.89
 49
6.35
 74
0
 49
-0.635
 74
0
 49
1.27
 74
0
 49
-0.635
 74
0
  0
LTYPE
  5
31
330
2
100
AcDbSymbolTableRecord
100
AcDbLinetypeTableRecord
  2
CENTER2
 70
0
  3
Center (.5x) ____ _ ____ _ ____ _ ____ _ ____
 72
65
 73
4
 40
2.54
 49
1.587
 74
0
 49
-0.318
 74
0
 49
0.318
 74
0
 49
-0.318
 74
0
  0
LTYPE
  5
32
330
2
100
AcDbSymbolTableRecord
100
AcDbLinetypeTableRecord
  2
DASHED
 70
0
  3
Dashed __ __ __ __ __ __ __ __ __ __ __ __ __ _
 72
65
 73
2
 40
1.524
 49
1.27
 74
0
 49
-0.254
 74
0
  0
LTYPE
  5
33
330
2
100
AcDbSymbolTableRecord
100
AcDbLinetypeTableRecord
  2
DASHEDX2
 70
0
  3
Dashed (2x) ____  ____  ____  ____  ____  ____
 72
65
 73
2
 40
3.048
 49
2.54
 74
0
 49
-0.508
 74
0
  0
LTYPE
  5
34
330
2
100
AcDbSymbolTableRecord
100
AcDbLinetypeTableRecord
  2
DASHED2
 70
0
  3
Dashed (.5x) _ _ _ _ _ _ _ _ _ _ _ _ _ _
 72
65
 73
2
 40
0.762
 49
0.635
 74
0
 49
-0.127
 74
0
  0
LTYPE
  5
35
330
2
100
AcDbSymbolTableRecord
100
AcDbLinetypeTableRecord
  2
PHANTOM
 70
0
  3
Phantom ______  __  __  ______  __  __  ______
 72
65
 73
6
 40
6.35
 49
3.175
 74
0
 49
-0.635
 74
0
 49
0.635
 74
0
 49
-0.635
 74
0
 49
0.635
 74
0
 49
-0.635
 74
0
  0
LTYPE
  5
36
330
2
100
AcDbSymbolTableRecord
100
AcDbLinetypeTableRecord
  2
PHANTOMX2
 70
0
  3
Phantom (2x)____________    ____    ____    ____________
 72
65
 73
6
 40
10.795
 49
6.35
 74
0
 49
-0.635
 74
0
 49
1.27
 74
0
 49
-0.635
 74
0
 49
1.27
 74
0
 49
-0.635
 74
0
  0
LTYPE
  5
37
330
2
100
AcDbSymbolTableRecord
100
AcDbLinetypeTableRecord
  2
PHANTOM2
 70
0
  3
Phantom (.5x) ___ _ _ ___ _ _ ___ _ _ ___ _ _ ___
 72
65
 73
6
 40
3.175
 49
1.587
 74
0
 49
-0.318
 74
0
 49
0.318
 74
0
 49
-0.318
 74
0
 49
0.318
 74
0
 49
-0.318
 74
0
  0
LTYPE
  5
38
330
2
100
AcDbSymbolTableRecord
100
AcDbLinetypeTableRecord
  2
DASHDOT
 70
0
  3
Dash dot __ . __ . __ . __ . __ . __ . __ . __
 72
65
 73
4
 40
3.556
 49
2.54
 74
0
 49
-0.508
 74
0
 49
0.0
 74
0
 49
-0.508
 74
0
  0
LTYPE
  5
39
330
2
100
AcDbSymbolTableRecord
100
AcDbLinetypeTableRecord
  2
DASHDOTX2
 70
0
  3
Dash dot (2x) ____  .  ____  .  ____  .  ____
 72
65
 73
4
 40
6.096
 49
5.08
 74
0
 49
-0.508
 74
0
 49
0.0
 74
0
 49
-0.508
 74
0
  0
LTYPE
  5
3A
330
2
100
AcDbSymbolTableRecord
100
AcDbLinetypeTableRecord
  2
DASHDOT2
 70
0
  3
Dash dot (.5x) _ . _ . _ . _ . _ . _ . _ . _
 72
65
 73
4
 40
1.778
 49
1.27
 74
0
 49
-0.254
 74
0
 49
0.0
 74
0
 49
-0.254
 74
0
  0
LTYPE
  5
3B
330
2
100
AcDbSymbolTableRecord
100
AcDbLinetypeTableRecord
  2
DOT
 70
0
  3
Dot .  .  .  .  .  .  .  .  .  .  .  .  .  .  .  .
 72
65
 73
2
 40
0.508
 49
0.0
 74
0
 49
-0.508
 74
0
  0
LTYPE
  5
3C
330
2
100
AcDbSymbolTableRecord
100
AcDbLinetypeTableRecord
  2
DOTX2
 70
0
  3
Dot (2x) .    .    .    .    .    .    .    . 
 72
65
 73
2
 40
1.016
 49
0.0
 74
0
 49
-1.016
 74
0
  0
LTYPE
  5
3D
330
2
100
AcDbSymbolTableRecord
100
AcDbLinetypeTableRecord
  2
DOT2
 70
0
  3
Dot (.5) . . . . . . . . . . . . . . . . . . . 
 72
65
 73
2
 40
0.254
 49
0.0
 74
0
 49
-0.254
 74
0
  0
LTYPE
  5
3E
330
2
100
AcDbSymbolTableRecord
100
AcDbLinetypeTableRecord
  2
DIVIDE
 70
0
  3
Divide __ . . __ . . __ . . __ . . __ . . __
 72
65
 73
6
 40
4.064
 49
2.54
 74
0
 49
-0.508
 74
0
 49
0.0
 74
0
 49
-0.508
 74
0
 49
0.0
 74
0
 49
-0.508
 74
0
  0
LTYPE
  5
3F
330
2
100
AcDbSymbolTableRecord
100
AcDbLinetypeTableRecord
  2
DIVIDEX2
 70
0
  3
Divide (2x) ____  . .  ____  . .  ____  . .  ____
 72
65
 73
6
 40
6.604
 49
5.08
 74
0
 49
-0.508
 74
0
 49
0.0
 74
0
 49
-0.508
 74
0
 49
0.0
 74
0
 49
-0.508
 74
0
  0
LTYPE
  5
40
330
2
100
AcDbSymbolTableRecord
100
AcDbLinetypeTableRecord
  2
DIVIDE2
 70
0
  3
Divide(.5x) _ . _ . _ . _ . _ . _ . _ . _
 72
65
 73
6
 40
2.032
 49
1.27
 74
0
 49
-0.254
 74
0
 49
0.0
 74
0
 49
-0.254
 74
0
 49
0.0
 74
0
 49
-0.254
 74
0
  0
ENDTAB
  0
TABLE
  2
LAYER
  5
1
330
0
100
AcDbSymbolTable
 70
22
  0
LAYER
  5
27
330
1
100
AcDbSymbolTableRecord
100
AcDbLayerTableRecord
  2
0
 70
0
 62
7
  6
Continuous
370
-3
390
13
347
21
  0
LAYER
  5
28
330
1
100
AcDbSymbolTableRecord
100
AcDbLayerTableRecord
  2
Defpoints
 70
0
 62
7
  6
Continuous
290
0
370
-3
390
13
347
21
  0
LAYER
  5
8A
330
1
100
AcDbSymbolTableRecord
100
AcDbLayerTableRecord
  2
TR_PNT
 70
0
 62
7
  6
Continuous
370
-3
390
13
347
21
  0
LAYER
  5
8B
330
1
100
AcDbSymbolTableRecord
100
AcDbLayerTableRecord
  2
C1617
 70
0
 62
7
  6
Continuous
370
-3
390
13
347
21
  0
LAYER
  5
8C
330
1
100
AcDbSymbolTableRecord
100
AcDbLayerTableRecord
  2
C1609
 70
0
 62
7
  6
Continuous
370
-3
390
13
347
21
  0
LAYER
  5
8D
330
1
100
AcDbSymbolTableRecord
100
AcDbLayerTableRecord
  2
M1000
 70
0
 62
7
  6
Continuous
370
-3
390
13
347
21
  0
LAYER
  5
8E
330
1
100
AcDbSymbolTableRecord
100
AcDbLayerTableRecord
  2
M2200
 70
0
 62
7
  6
Continuous
370
-3
390
13
347
21
  0
LAYER
  5
8F
330
1
100
AcDbSymbolTableRecord
100
AcDbLayerTableRecord
  2
M2205
 70
0
 62
7
  6
Continuous
370
-3
390
13
347
21
  0
LAYER
  5
90
330
1
100
AcDbSymbolTableRecord
100
AcDbLayerTableRecord
  2
M2206
 70
0
 62
7
  6
Continuous
370
-3
390
13
347
21
  0
LAYER
  5
91
330
1
100
AcDbSymbolTableRecord
100
AcDbLayerTableRecord
  2
M2207
 70
0
 62
7
  6
Continuous
370
-3
390
13
347
21
  0
LAYER
  5
92
330
1
100
AcDbSymbolTableRecord
100
AcDbLayerTableRecord
  2
M2299
 70
0
 62
7
  6
Continuous
370
-3
390
13
347
21
  0
LAYER
  5
93
330
1
100
AcDbSymbolTableRecord
100
AcDbLayerTableRecord
  2
M2301
 70
0
 62
7
  6
Continuous
370
-3
390
13
347
21
  0
LAYER
  5
94
330
1
100
AcDbSymbolTableRecord
100
AcDbLayerTableRecord
  2
M2404
 70
0
 62
7
  6
Continuous
370
-3
390
13
347
21
  0
LAYER
  5
95
330
1
100
AcDbSymbolTableRecord
100
AcDbLayerTableRecord
  2
M2407
 70
0
 62
7
  6
Continuous
370
-3
390
13
347
21
  0
LAYER
  5
96
330
1
100
AcDbSymbolTableRecord
100
AcDbLayerTableRecord
  2
M2412
 70
0
 62
7
  6
Continuous
370
-3
390
13
347
21
  0
LAYER
  5
97
330
1
100
AcDbSymbolTableRecord
100
AcDbLayerTableRecord
  2
M2417
 70
0
 62
7
  6
Continuous
370
-3
390
13
347
21
  0
LAYER
  5
98
330
1
100
AcDbSymbolTableRecord
100
AcDbLayerTableRecord
  2
M2605
 70
0
 62
7
  6
Continuous
370
-3
390
13
347
21
  0
LAYER
  5
99
330
1
100
AcDbSymbolTableRecord
100
AcDbLayerTableRecord
  2
M2801
 70
0
 62
7
  6
Continuous
370
-3
390
13
347
21
  0
LAYER
  5
9A
330
1
100
AcDbSymbolTableRecord
100
AcDbLayerTableRecord
  2
M4402
 70
0
 62
7
  6
Continuous
370
-3
390
13
347
21
  0
LAYER
  5
9B
330
1
100
AcDbSymbolTableRecord
100
AcDbLayerTableRecord
  2
M4610
 70
0
 62
7
  6
Continuous
370
-3
390
13
347
21
  0
LAYER
  5
9C
330
1
100
AcDbSymbolTableRecord
100
AcDbLayerTableRecord
  2
M4903
 70
0
 62
7
  6
Continuous
370
-3
390
13
347
21
  0
LAYER
  5
9D
330
1
100
AcDbSymbolTableRecord
100
AcDbLayerTableRecord
  2
M5220
 70
0
 62
7
  6
Continuous
370
-3
390
13
347
21
  0
ENDTAB
  0
TABLE
  2
STYLE
  5
5
330
0
100
AcDbSymbolTable
 70
28
  0
STYLE
  5
29
330
5
100
AcDbSymbolTableRecord
100
AcDbTextStyleTableRecord
  2
Standard
 70
0
 40
0.0
 41
1.0
 50
0.0
 71
0
 42
2.5
  3
txt
  4

  0
STYLE
  5
41
330
5
100
AcDbSymbolTableRecord
100
AcDbTextStyleTableRecord
  2
OpenSans-Light
 70
0
 40
0.0
 41
1.0
 50
0.0
 71
0
 42
2.5
  3
OpenSans-Light.ttf
  4

  0
STYLE
  5
42
330
5
100
AcDbSymbolTableRecord
100
AcDbTextStyleTableRecord
  2
OpenSans-Light-Italic
 70
0
 40
0.0
 41
1.0
 50
0.0
 71
0
 42
2.5
  3
OpenSans-LightItalic.ttf
  4

  0
STYLE
  5
43
330
5
100
AcDbSymbolTableRecord
100
AcDbTextStyleTableRecord
  2
OpenSans
 70
0
 40
0.0
 41
1.0
 50
0.0
 71
0
 42
2.5
  3
OpenSans-Regular.ttf
  4

  0
STYLE
  5
44
330
5
100
AcDbSymbolTableRecord
100
AcDbTextStyleTableRecord
  2
OpenSans-Italic
 70
0
 40
0.0
 41
1.0
 50
0.0
 71
0
 42
2.5
  3
OpenSans-Italic.ttf
  4

  0
STYLE
  5
45
330
5
100
AcDbSymbolTableRecord
100
AcDbTextStyleTableRecord
  2
OpenSans-SemiBold
 70
0
 40
0.0
 41
1.0
 50
0.0
 71
0
 42
2.5
  3
OpenSans-SemiBold.ttf
  4

  0
STYLE
  5
46
330
5
100
AcDbSymbolTableRecord
100
AcDbTextStyleTableRecord
  2
OpenSans-SemiBoldItalic
 70
0
 40
0.0
 41
1.0
 50
0.0
 71
0
 42
2.5
  3
OpenSans-SemiBoldItalic.ttf
  4

  0
STYLE
  5
47
330
5
100
AcDbSymbolTableRecord
100
AcDbTextStyleTableRecord
  2
OpenSans-Bold
 70
0
 40
0.0
 41
1.0
 50
0.0
 71
0
 42
2.5
  3
OpenSans-Bold.ttf
  4

  0
STYLE
  5
48
330
5
100
AcDbSymbolTableRecord
100
AcDbTextStyleTableRecord
  2
OpenSans-BoldItalic
 70
0
 40
0.0
 41
1.0
 50
0.0
 71
0
 42
2.5
  3
OpenSans-BoldItalic.ttf
  4

  0
STYLE
  5
49
330
5
100
AcDbSymbolTableRecord
100
AcDbTextStyleTableRecord
  2
OpenSans-ExtraBold
 70
0
 40
0.0
 41
1.0
 50
0.0
 71
0
 42
2.5
  3
OpenSans-ExtraBold.ttf
  4

  0
STYLE
  5
4A
330
5
100
AcDbSymbolTableRecord
100
AcDbTextStyleTableRecord
  2
OpenSans-ExtraBoldItalic
 70
0
 40
0.0
 41
1.0
 50
0.0
 71
0
 42
2.5
  3
OpenSans-ExtraBoldItalic.ttf
  4

  0
STYLE
  5
4B
330
5
100
AcDbSymbolTableRecord
100
AcDbTextStyleTableRecord
  2
OpenSansCondensed-Bold
 70
0
 40
0.0
 41
1.0
 50
0.0
 71
0
 42
2.5
  3
OpenSansCondensed-Bold.ttf
  4

  0
STYLE
  5
4C
330
5
100
AcDbSymbolTableRecord
100
AcDbTextStyleTableRecord
  2
OpenSansCondensed-Light
 70
0
 40
0.0
 41
1.0
 50
0.0
 71
0
 42
2.5
  3
OpenSansCondensed-Light.ttf
  4

  0
STYLE
  5
4D
330
5
100
AcDbSymbolTableRecord
100
AcDbTextStyleTableRecord
  2
OpenSansCondensed-Italic
 70
0
 40
0.0
 41
1.0
 50
0.0
 71
0
 42
2.5
  3
OpenSansCondensed-LightItalic.ttf
  4

  0
STYLE
  5
4E
330
5
100
AcDbSymbolTableRecord
100
AcDbTextStyleTableRecord
  2
LiberationSans
 70
0
 40
0.0
 41
1.0
 50
0.0
 71
0
 42
2.5
  3
LiberationSans-Regular.ttf
  4

  0
STYLE
  5
4F
330
5
100
AcDbSymbolTableRecord
100
AcDbTextStyleTableRecord
  2
LiberationSans-Bold
 70
0
 40
0.0
 41
1.0
 50
0.0
 71
0
 42
2.5
  3
LiberationSans-Bold.ttf
  4

  0
STYLE
  5
50
330
5
100
AcDbSymbolTableRecord
100
AcDbTextStyleTableRecord
  2
LiberationSans-BoldItalic
 70
0
 40
0.0
 41
1.0
 50
0.0
 71
0
 42
2.5
  3
LiberationSans-BoldItalic.ttf
  4

  0
STYLE
  5
51
330
5
100
AcDbSymbolTableRecord
100
AcDbTextStyleTableRecord
  2
LiberationSans-Italic
 70
0
 40
0.0
 41
1.0
 50
0.0
 71
0
 42
2.5
  3
LiberationSans-Italic.ttf
  4

  0
STYLE
  5
52
330
5
100
AcDbSymbolTableRecord
100
AcDbTextStyleTableRecord
  2
LiberationSerif
 70
0
 40
0.0
 41
1.0
 50
0.0
 71
0
 42
2.5
  3
LiberationSerif-Regular.ttf
  4

  0
STYLE
  5
53
330
5
100
AcDbSymbolTableRecord
100
AcDbTextStyleTableRecord
  2
LiberationSerif-Bold
 70
0
 40
0.0
 41
1.0
 50
0.0
 71
0
 42
2.5
  3
LiberationSerif-Bold.ttf
  4

  0
STYLE
  5
54
330
5
100
AcDbSymbolTableRecord
100
AcDbTextStyleTableRecord
  2
LiberationSerif-BoldItalic
 70
0
 40
0.0
 41
1.0
 50
0.0
 71
0
 42
2.5
  3
LiberationSerif-BoldItalic.ttf
  4

  0
STYLE
  5
55
330
5
100
AcDbSymbolTableRecord
100
AcDbTextStyleTableRecord
  2
LiberationSerif-Italic
 70
0
 40
0.0
 41
1.0
 50
0.0
 71
0
 42
2.5
  3
LiberationSerif-Italic.ttf
  4

  0
STYLE
  5
56
330
5
100
AcDbSymbolTableRecord
100
AcDbTextStyleTableRecord
  2
LiberationMono
 70
0
 40
0.0
 41
1.0
 50
0.0
 71
0
 42
2.5
  3
LiberationMono-Regular.ttf
  4

  0
STYLE
  5
57
330
5
100
AcDbSymbolTableRecord
100
AcDbTextStyleTableRecord
  2
LiberationMono-Bold
 70
0
 40
0.0
 41
1.0
 50
0.0
 71
0
 42
2.5
  3
LiberationMono-Bold.ttf
  4

  0
STYLE
  5
58
330
5
100
AcDbSymbolTableRecord
100
AcDbTextStyleTableRecord
  2
LiberationMono-BoldItalic
 70
0
 40
0.0
 41
1.0
 50
0.0
 71
0
 42
2.5
  3
LiberationMono-BoldItalic.ttf
  4

  0
STYLE
  5
59
330
5
100
AcDbSymbolTableRecord
100
AcDbTextStyleTableRecord
  2
LiberationMono-Italic
 70
0
 40
0.0
 41
1.0
 50
0.0
 71
0
 42
2.5
  3
LiberationMono-Italic.ttf
  4

  0
STYLE
  5
9E
330
5
100
AcDbSymbolTableRecord
100
AcDbTextStyleTableRecord
  2
HANIT_TEXT
 70
0
 40
0.0
 41
1.0
 50
0.0
 71
0
 42
2.5
  3
Arial.ttf
  4

  0
STYLE
  5
9F
330
5
100
AcDbSymbolTableRecord
100
AcDbTextStyleTableRecord
  2
hebtxt
 70
0
 40
0.0
 41
1.0
 50
0.0
 71
0
 42
2.5
  3
Arial.ttf
  4

  0
ENDTAB
  0
TABLE
  2
VIEW
  5
7
330
0
100
AcDbSymbolTable
 70
0
  0
ENDTAB
  0
TABLE
  2
UCS
  5
6
330
0
100
AcDbSymbolTable
 70
0
  0
ENDTAB
  0
TABLE
  2
APPID
  5
3
330
0
100
AcDbSymbolTable
 70
3
  0
APPID
  5
2A
330
3
100
AcDbSymbolTableRecord
100
AcDbRegAppTableRecord
  2
ACAD
 70
0
  0
APPID
  5
669
330
3
100
AcDbSymbolTableRecord
100
AcDbRegAppTableRecord
  2
HATCHBACKGROUNDCOLOR
 70
0
  0
APPID
  5
66A
330
3
100
AcDbSymbolTableRecord
100
AcDbRegAppTableRecord
  2
EZDXF
 70
0
  0
ENDTAB
  0
TABLE
  2
DIMSTYLE
  5
4
330
0
100
AcDbSymbolTable
 70
12
100
AcDbDimStyleTable
  0
DIMSTYLE
105
2B
330
4
100
AcDbSymbolTableRecord
100
AcDbDimStyleTableRecord
  2
Standard
 70
0
 40
1.0
 41
2.5
 42
0.625
 43
3.75
 44
1.25
 45
0.0
 46
0.0
 47
0.0
 48
0.0
 49
2.5
140
2.5
141
2.5
142
0.0
143
0.03937007874
144
1.0
145
0.0
146
1.0
147
0.625
148
0.0
 69
0
 70
0
 71
0
 72
0
 73
0
 74
0
 75
0
 76
0
 77
1
 78
8
 79
3
170
0
171
3
172
1
173
0
174
0
175
0
176
0
177
0
178
0
179
2
271
2
272
2
273
2
274
3
275
0
276
0
277
2
278
44
279
0
280
0
281
0
282
0
283
0
284
8
285
0
286
0
288
0
289
3
290
0
371
-2
372
-2
  0
DIMSTYLE
105
73
330
4
100
AcDbSymbolTableRecord
100
AcDbDimStyleTableRecord
  2
EZDXF
 70
0
 40
1.0
 41
0.175
 42
0.125
 43
3.75
 44
0.375
 45
0.0
 46
0.0
 47
0.0
 48
0.0
 49
2.5
140
0.25
141
2.5
142
0.0
143
0.03937007874
144
100.0
145
0.0
146
0.5
147
0.1
148
0.0
 69
0
 70
0
 71
0
 72
0
 73
0
 74
0
 75
0
 76
0
 77
1
 78
12
 79
3
170
0
171
3
172
1
173
0
174
0
175
0
176
0
177
0
178
0
179
2
271
2
272
2
273
2
274
3
275
0
276
0
277
2
278
46
279
2
280
0
281
0
282
0
283
0
284
8
285
0
286
0
288
1
289
3
290
0
340
4C
342
74
371
-2
372
-2
  0
DIMSTYLE
105
7C
330
4
100
AcDbSymbolTableRecord
100
AcDbDimStyleTableRecord
  2
EZ_M_100_H25_CM
 70
0
 40
1.0
 41
0.25
 42
0.125
 43
3.75
 44
0.375
 45
0.0
 46
0.0
 47
0.0
 48
0.0
 49
2.5
140
0.25
141
2.5
142
0.125
143
0.03937007874
144
100.0
145
0.0
146
0.5
147
0.1
148
0.0
 69
0
 70
0
 71
0
 72
0
 73
0
 74
0
 75
0
 76
0
 77
1
 78
12
 79
3
170
0
171
3
172
1
173
0
174
0
175
0
176
0
177
0
178
0
179
2
271
2
272
2
273
2
274
3
275
0
276
0
277
2
278
46
279
2
280
0
281
0
282
0
283
0
284
8
285
0
286
0
288
1
289
3
290
0
340
4C
371
-2
372
-2
  0
DIMSTYLE
105
7D
330
4
100
AcDbSymbolTableRecord
100
AcDbDimStyleTableRecord
  2
EZ_M_50_H25_CM
 70
0
 40
1.0
 41
0.125
 42
0.0625
 43
3.75
 44
0.1875
 45
0.0
 46
0.0
 47
0.0
 48
0.0
 49
2.5
140
0.125
141
2.5
142
0.0625
143
0.03937007874
144
100.0
145
0.0
146
0.5
147
0.05
148
0.0
 69
0
 70
0
 71
0
 72
0
 73
0
 74
0
 75
0
 76
0
 77
1
 78
12
 79
3
170
0
171
3
172
1
173
0
174
0
175
0
176
0
177
0
178
0
179
2
271
2
272
2
273
2
274
3
275
0
276
0
277
2
278
46
279
2
280
0
281
0
282
0
283
0
284
8
285
0
286
0
288
1
289
3
290
0
340
4C
371
-2
372
-2
  0
DIMSTYLE
105
7E
330
4
100
AcDbSymbolTableRecord
100
AcDbDimStyleTableRecord
  2
EZ_M_25_H25_CM
 70
0
 40
1.0
 41
0.0625
 42
0.03125
 43
3.75
 44
0.09375
 45
0.0
 46
0.0
 47
0.0
 48
0.0
 49
2.5
140
0.0625
141
2.5
142
0.03125
143
0.03937007874
144
100.0
145
0.0
146
0.5
147
0.025
148
0.0
 69
0
 70
0
 71
0
 72
0
 73
0
 74
0
 75
0
 76
0
 77
1
 78
12
 79
3
170
0
171
3
172
1
173
0
174
0
175
0
176
0
177
0
178
0
179
2
271
2
272
2
273
2
274
3
275
0
276
0
277
2
278
46
279
2
280
0
281
0
282
0
283
0
284
8
285
0
286
0
288
1
289
3
290
0
340
4C
371
-2
372
-2
  0
DIMSTYLE
105
7F
330
4
100
AcDbSymbolTableRecord
100
AcDbDimStyleTableRecord
  2
EZ_M_20_H25_CM
 70
0
 40
1.0
 41
0.05
 42
0.025
 43
3.75
 44
0.07500000000000001
 45
0.0
 46
0.0
 47
0.0
 48
0.0
 49
2.5
140
0.05
141
2.5
142
0.025
143
0.03937007874
144
100.0
145
0.0
146
0.5
147
0.020000000000000004
148
0.0
 69
0
 70
0
 71
0
 72
0
 73
0
 74
0
 75
0
 76
0
 77
1
 78
12
 79
3
170
0
171
3
172
1
173
0
174
0
175
0
176
0
177
0
178
0
179
2
271
2
272
2
273
2
274
3
275
0
276
0
277
2
278
46
279
2
280
0
281
0
282
0
283
0
284
8
285
0
286
0
288
1
289
3
290
0
340
4C
371
-2
372
-2
  0
DIMSTYLE
105
80
330
4
100
AcDbSymbolTableRecord
100
AcDbDimStyleTableRecord
  2
EZ_M_10_H25_CM
 70
0
 40
1.0
 41
0.025
 42
0.0125
 43
3.75
 44
0.037500000000000006
 45
0.0
 46
0.0
 47
0.0
 48
0.0
 49
2.5
140
0.025
141
2.5
142
0.0125
143
0.03937007874
144
100.0
145
0.0
146
0.5
147
0.010000000000000002
148
0.0
 69
0
 70
0
 71
0
 72
0
 73
0
 74
0
 75
0
 76
0
 77
1
 78
12
 79
3
170
0
171
3
172
1
173
0
174
0
175
0
176
0
177
0
178
0
179
2
271
2
272
2
273
2
274
3
275
0
276
0
277
2
278
46
279
2
280
0
281
0
282
0
283
0
284
8
285
0
286
0
288
1
289
3
290
0
340
4C
371
-2
372
-2
  0
DIMSTYLE
105
81
330
4
100
AcDbSymbolTableRecord
100
AcDbDimStyleTableRecord
  2
EZ_M_5_H25_CM
 70
0
 40
1.0
 41
0.0125
 42
0.00625
 43
3.75
 44
0.018750000000000003
 45
0.0
 46
0.0
 47
0.0
 48
0.0
 49
2.5
140
0.0125
141
2.5
142
0.00625
143
0.03937007874
144
100.0
145
0.0
146
0.5
147
0.005000000000000001
148
0.0
 69
0
 70
0
 71
0
 72
0
 73
0
 74
0
 75
0
 76
0
 77
1
 78
12
 79
3
170
0
171
3
172
1
173
0
174
0
175
0
176
0
177
0
178
0
179
2
271
2
272
2
273
2
274
3
275
0
276
0
277
2
278
46
279
2
280
0
281
0
282
0
283
0
284
8
285
0
286
0
288
1
289
3
290
0
340
4C
371
-2
372
-2
  0
DIMSTYLE
105
82
330
4
100
AcDbSymbolTableRecord
100
AcDbDimStyleTableRecord
  2
EZ_M_1_H25_CM
 70
0
 40
1.0
 41
0.0025
 42
0.00125
 43
3.75
 44
0.00375
 45
0.0
 46
0.0
 47
0.0
 48
0.0
 49
2.5
140
0.0025
141
2.5
142
0.00125
143
0.03937007874
144
100.0
145
0.0
146
0.5
147
0.001
148
0.0
 69
0
 70
0
 71
0
 72
0
 73
0
 74
0
 75
0
 76
0
 77
1
 78
12
 79
3
170
0
171
3
172
1
173
0
174
0
175
0
176
0
177
0
178
0
179
2
271
2
272
2
273
2
274
3
275
0
276
0
277
2
278
46
279
2
280
0
281
0
282
0
283
0
284
8
285
0
286
0
288
1
289
3
290
0
340
4C
371
-2
372
-2
  0
DIMSTYLE
105
83
330
4
100
AcDbSymbolTableRecord
100
AcDbDimStyleTableRecord
  2
EZ_RADIUS
 70
0
 40
1.0
 41
0.25
 42
0.125
 43
3.75
 44
0.375
 45
0.0
 46
0.0
 47
0.0
 48
0.0
 49
2.5
140
0.25
141
0.0
142
0.0
143
0.03937007874
144
100.0
145
0.0
146
0.5
147
0.1
148
0.0
 69
0
 70
0
 71
0
 72
0
 73
0
 74
0
 75
0
 76
0
 77
1
 78
12
 79
3
170
0
171
3
172
0
173
0
174
0
175
0
176
0
177
0
178
0
179
2
271
2
272
2
273
2
274
3
275
0
276
0
277
2
278
46
279
1
280
0
281
0
282
0
283
0
284
8
285
0
286
0
288
1
289
3
290
0
340
4C
342
84
371
-2
372
-2
  0
DIMSTYLE
105
88
330
4
100
AcDbSymbolTableRecord
100
AcDbDimStyleTableRecord
  2
EZ_RADIUS_INSIDE
 70
0
 40
1.0
 41
0.25
 42
0.125
 43
3.75
 44
0.375
 45
0.0
 46
0.0
 47
0.0
 48
0.0
 49
2.5
140
0.25
141
0.0
142
0.0
143
0.03937007874
144
100.0
145
0.0
146
0.5
147
0.1
148
0.0
 69
0
 70
0
 71
0
 72
0
 73
0
 74
0
 75
0
 76
0
 77
0
 78
12
 79
3
170
0
171
3
172
0
173
0
174
1
175
0
176
0
177
0
178
0
179
2
271
2
272
2
273
2
274
3
275
0
276
0
277
2
278
46
279
0
280
0
281
0
282
0
283
0
284
8
285
0
286
0
288
1
289
0
290
0
340
4C
342
84
371
-2
372
-2
  0
DIMSTYLE
105
89
330
4
100
AcDbSymbolTableRecord
100
AcDbDimStyleTableRecord
  2
EZ_CURVED
 70
0
 40
1.0
 41
0.25
 42
0.125
 43
3.75
 44
0.375
 45
0.0
 46
0.0
 47
0.0
 48
0.0
 49
2.5
140
0.25
141
2.5
142
0.0
143
0.03937007874
144
100.0
145
0.0
146
0.5
147
0.1
148
0.0
 69
0
 70
0
 71
0
 72
0
 73
0
 74
0
 75
0
 76
0
 77
1
 78
12
 79
2
 90
2
170
0
171
3
172
1
173
0
174
0
175
0
176
0
177
0
178
0
179
2
271
2
272
2
273
2
274
3
275
0
276
0
277
2
278
46
279
2
280
0
281
0
282
0
283
0
284
8
285
0
286
0
288
1
289
3
290
0
340
4C
371
-2
372
-2
  0
ENDTAB
  0
TABLE
  2
BLOCK_RECORD
  5
9
330
0
100
AcDbSymbolTable
 70
14
  0
BLOCK_RECORD
  5
17
330
9
100
AcDbSymbolTableRecord
100
AcDbBlockTableRecord
  2
*Model_Space
340
1A
 70
0
280
1
281
0
  0
BLOCK_RECORD
  5
1B
330
9
100
AcDbSymbolTableRecord
100
AcDbBlockTableRecord
  2
*Paper_Space
340
1E
 70
0
280
1
281
0
  0
BLOCK_RECORD
  5
74
330
9
100
AcDbSymbolTableRecord
100
AcDbBlockTableRecord
  2
_ARCHTICK
340
0
 70
0
280
1
281
0
  0
BLOCK_RECORD
  5
78
330
9
100
AcDbSymbolTableRecord
100
AcDbBlockTableRecord
  2
_CLOSEDFILLED
340
0
 70
0
280
1
281
0
  0
BLOCK_RECORD
  5
84
330
9
100
AcDbSymbolTableRecord
100
AcDbBlockTableRecord
  2
_CLOSEDBLANK
340
0
 70
0
280
1
281
0
  0
BLOCK_RECORD
  5
A0
330
9
100
AcDbSymbolTableRecord
100
AcDbBlockTableRecord
  2
M1502_P
340
0
 70
0
280
1
281
0
  0
BLOCK_RECORD
  5
A8
330
9
100
AcDbSymbolTableRecord
100
AcDbBlockTableRecord
  2
C1617
340
0
 70
0
280
1
281
0
  0
BLOCK_RECORD
  5
B4
330
9
100
AcDbSymbolTableRecord
100
AcDbBlockTableRecord
  2
M1000_E
340
0
 70
0
280
1
281
0
  0
BLOCK_RECORD
  5
B8
330
9
100
AcDbSymbolTableRecord
100
AcDbBlockTableRecord
  2
C1609
340
0
 70
0
280
1
281
0
  0
BLOCK_RECORD
  5
C3
330
9
100
AcDbSymbolTableRecord
100
AcDbBlockTableRecord
  2
M2801_E
340
0
 70
0
280
1
281
0
  0
BLOCK_RECORD
  5
CF
330
9
100
AcDbSymbolTableRecord
100
AcDbBlockTableRecord
  2
M4402_E
340
0
 70
0
280
1
281
0
  0
BLOCK_RECORD
  5
D9
330
9
100
AcDbSymbolTableRecord
100
AcDbBlockTableRecord
  2
M4610_E
340
0
 70
0
280
1
281
0
  0
BLOCK_RECORD
  5
E1
330
9
100
AcDbSymbolTableRecord
100
AcDbBlockTableRecord
  2
M4903_E
340
0
 70
0
280
1
281
0
  0
BLOCK_RECORD
  5
EC
330
9
100
AcDbSymbolTableRecord
100
AcDbBlockTableRecord
  2
M5220_E
340
0
 70
0
280
1
281
0
  0
ENDTAB
  0
ENDSEC
  0
SECTION
  2
BLOCKS
  0
BLOCK
  5
18
330
17
100
AcDbEntity
  8
0
100
AcDbBlockBegin
  2
*Model_Space
 70
0
 10
0.0
 20
0.0
 30
0.0
  3
*Model_Space
  1

  0
ENDBLK
  5
19
330
17
100
AcDbEntity
  8
0
100
AcDbBlockEnd
  0
BLOCK
  5
1C
330
1B
100
AcDbEntity
  8
0
100
AcDbBlockBegin
  2
*Paper_Space
 70
0
 10
0.0
 20
0.0
 30
0.0
  3
*Paper_Space
  1

  0
ENDBLK
  5
1D
330
1B
100
AcDbEntity
  8
0
100
AcDbBlockEnd
  0
BLOCK
  5
75
330
74
100
AcDbEntity
  8
0
100
AcDbBlockBegin
  2
_ARCHTICK
 70
0
 10
0.0
 20
0.0
 30
0.0
  3
_ARCHTICK
  1

  0
LWPOLYLINE
  5
77
330
74
100
AcDbEntity
  8
0
  6
BYBLOCK
 62
0
100
AcDbPolyline
 90
2
 70
0
 43
0.15
 10
-0.5
 20
-0.5
 10
0.5
 20
0.5
  0
ENDBLK
  5
76
330
74
100
AcDbEntity
  8
0
100
AcDbBlockEnd
  0
BLOCK
  5
79
330
78
100
AcDbEntity
  8
0
100
AcDbBlockBegin
  2
_CLOSEDFILLED
 70
0
 10
0.0
 20
0.0
 30
0.0
  3
_CLOSEDFILLED
  1

  0
SOLID
  5
7B
330
78
100
AcDbEntity
  8
0
  6
BYBLOCK
 62
0
100
AcDbTrace
 10
-1.0
 20
0.16439898372402537
 30
0.0
 11
0.0
 21
0.0
 31
0.0
 12
-1.0
 22
-0.16439898372402537
 32
0.0
 13
-1.0
 23
-0.16439898372402537
 33
0.0
  0
ENDBLK
  5
7A
330
78
100
AcDbEntity
  8
0
100
AcDbBlockEnd
  0
BLOCK
  5
85
330
84
100
AcDbEntity
  8
0
100
AcDbBlockBegin
  2
_CLOSEDBLANK
 70
0
 10
0.0
 20
0.0
 30
0.0
  3
_CLOSEDBLANK
  1

  0
LWPOLYLINE
  5
87
330
84
100
AcDbEntity
  8
0
  6
BYBLOCK
 62
0
100
AcDbPolyline
 90
3
 70
1
 10
-1.0
 20
0.16439898372402537
 10
0.0
 20
0.0
 10
-1.0
 20
-0.16439898372402537
  0
ENDBLK
  5
86
330
84
100
AcDbEntity
  8
0
100
AcDbBlockEnd
  0
BLOCK
  5
A1
330
A0
100
AcDbEntity
  8
0
100
AcDbBlockBegin
  2
M1502_P
 70
2
 10
0.0
 20
0.0
 30
0.0
  3
M1502_P
  1

  0
LINE
  5
A3
330
A0
100
AcDbEntity
  8
0
100
AcDbLine
 10
-0.4
 20
0.0
 30
0.0
 11
0.4
 21
0.0
 31
0.0
  0
LINE
  5
A4
330
A0
100
AcDbEntity
  8
0
100
AcDbLine
 10
0.0
 20
-0.4
 30
0.0
 11
0.0
 21
0.4
 31
0.0
  0
ATTDEF
  5
A5
330
A0
100
AcDbEntity
  8
0
100
AcDbText
 10
-0.13
 20
1.03
 30
0.0
 40
0.4
  1

  7
HANIT_TEXT
 72
1
100
AcDbAttributeDefinition
  3

  2
NAME
 70
0
  0
ATTDEF
  5
A6
330
A0
100
AcDbEntity
  8
0
100
AcDbText
 10
0.0
 20
-2.6
 30
0.0
 40
0.4
  1

  7
HANIT_TEXT
 72
1
100
AcDbAttributeDefinition
  3

  2
HEIGHT
 70
0
  0
ATTDEF
  5
A7
330
A0
100
AcDbEntity
  8
0
100
AcDbText
 10
-0.53
 20
-4.6
 30
0.0
 40
0.4
  1

  7
HANIT_TEXT
 72
1
100
AcDbAttributeDefinition
  3

  2
MARK
 70
0
  0
ENDBLK
  5
A2
330
A0
100
AcDbEntity
  8
0
100
AcDbBlockEnd
  0
BLOCK
  5
A9
330
A8
100
AcDbEntity
  8
0
100
AcDbBlockBegin
  2
C1617
 70
2
 10
0.0
 20
0.0
 30
0.0
  3
C1617
  1

  0
LWPOLYLINE
  5
AB
330
A8
100
AcDbEntity
  8
0
100
AcDbPolyline
 90
4
 70
0
 10
0.0
 20
-1.0
 10
1.0
 20
1.0
 10
-1.0
 20
1.0
 10
0.0
 20
-1.0
  0
ATTDEF
  5
AC
330
A8
100
AcDbEntity
  8
0
100
AcDbText
 10
-1.24
 20
1.17
 30
0.0
 40
0.5
  1

  7
hebtxt
 72
1
100
AcDbAttributeDefinition
  3

  2
POINT_NAME
 70
0
  0
ATTDEF
  5
AD
330
A8
100
AcDbEntity
  8
0
100
AcDbText
 10
-0.67
 20
-5.0
 30
0.0
 40
0.5
  1

  7
hebtxt
 72
1
100
AcDbAttributeDefinition
  3

  2
MARK_DESC
 70
0
  0
ATTDEF
  5
AE
330
A8
100
AcDbEntity
  8
0
100
AcDbText
 10
0.0
 20
-2.0
 30
0.0
 40
0.5
  1

  7
hebtxt
 72
1
100
AcDbAttributeDefinition
  3

  2
MARK
 70
0
  0
ATTDEF
  5
AF
330
A8
100
AcDbEntity
  8
0
100
AcDbText
 10
0.0
 20
-3.5
 30
0.0
 40
0.5
  1

  7
hebtxt
 72
1
100
AcDbAttributeDefinition
  3

  2
CLASS
 70
0
  0
ATTDEF
  5
B0
330
A8
100
AcDbEntity
  8
0
100
AcDbText
 10
0.0
 20
-5.0
 30
0.0
 40
0.5
  1

  7
hebtxt
 72
1
100
AcDbAttributeDefinition
  3

  2
SOURCE
 70
0
  0
ATTDEF
  5
B1
330
A8
100
AcDbEntity
  8
0
100
AcDbText
 10
0.0
 20
-6.5
 30
0.0
 40
0.5
  1

  7
hebtxt
 72
1
100
AcDbAttributeDefinition
  3

  2
TOPO
 70
0
  0
ATTDEF
  5
B2
330
A8
100
AcDbEntity
  8
0
100
AcDbText
 10
-2.39
 20
-2.0
 30
0.0
 40
0.5
  1

  7
hebtxt
 72
1
100
AcDbAttributeDefinition
  3

  2
HEIGHT
 70
0
  0
ATTDEF
  5
B3
330
A8
100
AcDbEntity
  8
0
100
AcDbText
 10
0.0
 20
-9.5
 30
0.0
 40
0.5
  1

  7
hebtxt
 72
1
100
AcDbAttributeDefinition
  3

  2
COMMENT
 70
0
  0
ENDBLK
  5
AA
330
A8
100
AcDbEntity
  8
0
100
AcDbBlockEnd
  0
BLOCK
  5
B5
330
B4
100
AcDbEntity
  8
0
100
AcDbBlockBegin
  2
M1000_E
 70
2
 10
0.0
 20
0.0
 30
0.0
  3
M1000_E
  1

  0
ATTDEF
  5
B7
330
B4
100
AcDbEntity
  8
0
100
AcDbText
 10
-2.58
 20
0.5
 30
0.0
 40
0.25
  1

  7
hebtxt
 72
1
100
AcDbAttributeDefinition
  3

  2
DESC
 70
0
  0
ENDBLK
  5
B6
330
B4
100
AcDbEntity
  8
0
100
AcDbBlockEnd
  0
BLOCK
  5
B9
330
B8
100
AcDbEntity
  8
0
100
AcDbBlockBegin
  2
C1609
 70
2
 10
0.0
 20
0.0
 30
0.0
  3
C1609
  1

  0
CIRCLE
  5
BB
330
B8
100
AcDbEntity
  8
0
100
AcDbCircle
 10
0.0
 20
0.0
 30
0.0
 40
0.5
  0
ATTDEF
  5
BC
330
B8
100
AcDbEntity
  8
0
100
AcDbText
 10
1.5
 20
0.12
 30
0.0
 40
0.35
  1

  7
hebtxt
 72
1
100
AcDbAttributeDefinition
  3

  2
LEGAL_LENGTH
 70
0
  0
ATTDEF
  5
BD
330
B8
100
AcDbEntity
  8
0
100
AcDbText
 10
0.69
 20
-2.12
 30
0.0
 40
0.35
  1

  7
hebtxt
 72
1
100
AcDbAttributeDefinition
  3

  2
CALC_LENGTH
 70
0
  0
ATTDEF
  5
BE
330
B8
100
AcDbEntity
  8
0
100
AcDbText
 10
1.5
 20
0.12
 30
0.0
 40
0.35
  1

  7
hebtxt
 72
1
100
AcDbAttributeDefinition
  3

  2
RADIUS
 70
0
  0
ATTDEF
  5
BF
330
B8
100
AcDbEntity
  8
0
100
AcDbText
 10
1.5
 20
0.12
 30
0.0
 40
0.35
  1

  7
hebtxt
 72
1
100
AcDbAttributeDefinition
  3

  2
CROSS
 70
0
  0
ATTDEF
  5
C0
330
B8
100
AcDbEntity
  8
0
100
AcDbText
 10
-4.48
 20
-0.37
 30
0.0
 40
0.25
  1

  7
hebtxt
 72
1
100
AcDbAttributeDefinition
  3

  2
LINE_NAME
 70
0
  0
ATTDEF
  5
C1
330
B8
100
AcDbEntity
  8
0
100
AcDbText
 10
-5.98
 20
-0.49
 30
0.0
 40
0.25
  1

  7
hebtxt
 72
1
100
AcDbAttributeDefinition
  3

  2
TOPO
 70
0
  0
ATTDEF
  5
C2
330
B8
100
AcDbEntity
  8
0
100
AcDbText
 10
-7.47
 20
-0.62
 30
0.0
 40
0.25
  1

  7
hebtxt
 72
1
100
AcDbAttributeDefinition
  3

  2
COMMENT
 70
0
  0
ENDBLK
  5
BA
330
B8
100
AcDbEntity
  8
0
100
AcDbBlockEnd
  0
BLOCK
  5
C4
330
C3
100
AcDbEntity
  8
0
100
AcDbBlockBegin
  2
M2801_E
 70
2
 10
0.0
 20
0.0
 30
0.0
  3
M2801_E
  1

  0
CIRCLE
  5
C6
330
C3
100
AcDbEntity
  8
0
100
AcDbCircle
 10
0.0
 20
0.0
 30
0.0
 40
1.0
  0
LINE
  5
C7
330
C3
100
AcDbEntity
  8
0
100
AcDbLine
 10
-1.0
 20
-1.0
 30
0.0
 11
1.0
 21
1.0
 31
0.0
  0
LINE
  5
C8
330
C3
100
AcDbEntity
  8
0
100
AcDbLine
 10
-1.0
 20
1.0
 30
0.0
 11
1.0
 21
-1.0
 31
0.0
  0
ATTDEF
  5
C9
330
C3
100
AcDbEntity
  8
0
100
AcDbText
 10
-2.46
 20
1.03
 30
0.0
 40
0.4
  1

  7
HANIT_TEXT
 72
1
100
AcDbAttributeDefinition
  3

  2
NAME
 70
0
  0
ATTDEF
  5
CA
330
C3
100
AcDbEntity
  8
0
100
AcDbText
 10
-3.87
 20
-2.6
 30
0.0
 40
0.4
  1

  7
HANIT_TEXT
 72
1
100
AcDbAttributeDefinition
  3

  2
HEIGHT
 70
0
  0
ATTDEF
  5
CB
330
C3
100
AcDbEntity
  8
0
100
AcDbText
 10
-1.24
 20
-4.6
 30
0.0
 40
0.4
  1

  7
HANIT_TEXT
 72
1
100
AcDbAttributeDefinition
  3

  2
MARK
 70
0
  0
ATTDEF
  5
CC
330
C3
100
AcDbEntity
  8
0
100
AcDbText
 10
0.0
 20
-6.6
 30
0.0
 40
0.4
  1

  7
HANIT_TEXT
 72
1
100
AcDbAttributeDefinition
  3

  2
DIAMETER
 70
0
  0
ATTDEF
  5
CD
330
C3
100
AcDbEntity
  8
0
100
AcDbText
 10
0.0
 20
-10.6
 30
0.0
 40
0.4
  1

  7
HANIT_TEXT
 72
1
100
AcDbAttributeDefinition
  3

  2
TYPE
 70
0
  0
ATTDEF
  5
CE
330
C3
100
AcDbEntity
  8
0
100
AcDbText
 10
0.0
 20
-8.6
 30
0.0
 40
0.4
  1

  7
HANIT_TEXT
 72
1
100
AcDbAttributeDefinition
  3

  2
TOP_DIAMETER
 70
0
  0
ENDBLK
  5
C5
330
C3
100
AcDbEntity
  8
0
100
AcDbBlockEnd
  0
BLOCK
  5
D0
330
CF
100
AcDbEntity
  8
0
100
AcDbBlockBegin
  2
M4402_E
 70
2
 10
0.0
 20
0.0
 30
0.0
  3
M4402_E
  1

  0
LWPOLYLINE
  5
D2
330
CF
100
AcDbEntity
  8
0
100
AcDbPolyline
 90
4
 70
1
 10
-1.2
 20
-1.2
 10
1.2
 20
-1.2
 10
1.2
 20
1.2
 10
-1.2
 20
1.2
  0
LINE
  5
D3
330
CF
100
AcDbEntity
  8
0
100
AcDbLine
 10
-1.2
 20
-1.2
 30
0.0
 11
1.2
 21
1.2
 31
0.0
  0
ATTDEF
  5
D4
330
CF
100
AcDbEntity
  8
0
100
AcDbText
 10
-1.3
 20
1.03
 30
0.0
 40
0.4
  1

  7
HANIT_TEXT
 72
1
100
AcDbAttributeDefinition
  3

  2
NAME
 70
0
  0
ATTDEF
  5
D5
330
CF
100
AcDbEntity
  8
0
100
AcDbText
 10
-3.79
 20
-2.6
 30
0.0
 40
0.4
  1

  7
HANIT_TEXT
 72
1
100
AcDbAttributeDefinition
  3

  2
HEIGHT
 70
0
  0
ATTDEF
  5
D6
330
CF
100
AcDbEntity
  8
0
100
AcDbText
 10
-1.93
 20
-4.6
 30
0.0
 40
0.4
  1

  7
HANIT_TEXT
 72
1
100
AcDbAttributeDefinition
  3

  2
MARK
 70
0
  0
ATTDEF
  5
D7
330
CF
100
AcDbEntity
  8
0
100
AcDbText
 10
0.0
 20
-6.6
 30
0.0
 40
0.4
  1

  7
HANIT_TEXT
 72
1
100
AcDbAttributeDefinition
  3

  2
OWNER
 70
0
  0
ATTDEF
  5
D8
330
CF
100
AcDbEntity
  8
0
100
AcDbText
 10
0.0
 20
-8.6
 30
0.0
 40
0.4
  1

  7
HANIT_TEXT
 72
1
100
AcDbAttributeDefinition
  3

  2
TYPE
 70
0
  0
ENDBLK
  5
D1
330
CF
100
AcDbEntity
  8
0
100
AcDbBlockEnd
  0
BLOCK
  5
DA
330
D9
100
AcDbEntity
  8
0
100
AcDbBlockBegin
  2
M4610_E
 70
2
 10
0.0
 20
0.0
 30
0.0
  3
M4610_E
  1

  0
LWPOLYLINE
  5
DC
330
D9
100
AcDbEntity
  8
0
100
AcDbPolyline
 90
4
 70
1
 10
-0.8
 20
-0.8
 10
0.8
 20
-0.8
 10
0.8
 20
0.8
 10
-0.8
 20
0.8
  0
ATTDEF
  5
DD
330
D9
100
AcDbEntity
  8
0
100
AcDbText
 10
-1.19
 20
0.63
 30
0.0
 40
0.25
  1

  7
hebtxt
 72
1
100
AcDbAttributeDefinition
  3

  2
NAME
 70
0
  0
ATTDEF
  5
DE
330
D9
100
AcDbEntity
  8
0
100
AcDbText
 10
-2.39
 20
-1.4
 30
0.0
 40
0.25
  1

  7
hebtxt
 72
1
100
AcDbAttributeDefinition
  3

  2
HEIGHT
 70
0
  0
ATTDEF
  5
DF
330
D9
100
AcDbEntity
  8
0
100
AcDbText
 10
-4.5
 20
-2.03
 30
0.0
 40
0.25
  1

  7
hebtxt
 72
1
100
AcDbAttributeDefinition
  3

  2
MARK
 70
0
  0
ATTDEF
  5
E0
330
D9
100
AcDbEntity
  8
0
100
AcDbText
 10
0.0
 20
-3.5
 30
0.0
 40
0.25
  1

  7
hebtxt
 72
1
100
AcDbAttributeDefinition
  3

  2
OWNER
 70
0
  0
ENDBLK
  5
DB
330
D9
100
AcDbEntity
  8
0
100
AcDbBlockEnd
  0
BLOCK
  5
E2
330
E1
100
AcDbEntity
  8
0
100
AcDbBlockBegin
  2
M4903_E
 70
2
 10
0.0
 20
0.0
 30
0.0
  3
M4903_E
  1

  0
LWPOLYLINE
  5
E4
330
E1
100
AcDbEntity
  8
0
100
AcDbPolyline
 90
4
 70
1
 10
-1.0
 20
-1.5
 10
1.0
 20
-1.5
 10
1.0
 20
1.5
 10
-1.0
 20
1.5
  0
ATTDEF
  5
E5
330
E1
100
AcDbEntity
  8
0
100
AcDbText
 10
-1.49
 20
3.9
 30
0.0
 40
0.25
  1

  7
hebtxt
 72
1
100
AcDbAttributeDefinition
  3

  2
NAME
 70
0
  0
ATTDEF
  5
E6
330
E1
100
AcDbEntity
  8
0
100
AcDbText
 10
0.0
 20
2.49
 30
0.0
 40
0.25
  1

  7
hebtxt
 72
1
100
AcDbAttributeDefinition
  3

  2
HEIGHT
 70
0
  0
ATTDEF
  5
E7
330
E1
100
AcDbEntity
  8
0
100
AcDbText
 10
-1.33
 20
0.9
 30
0.0
 40
0.25
  1

  7
hebtxt
 72
1
100
AcDbAttributeDefinition
  3

  2
MARK
 70
0
  0
ATTDEF
  5
E8
330
E1
100
AcDbEntity
  8
0
100
AcDbText
 10
0.0
 20
-2.0
 30
0.0
 40
0.25
  1

  7
hebtxt
 72
1
100
AcDbAttributeDefinition
  3

  2
TL
 70
0
  0
ATTDEF
  5
E9
330
E1
100
AcDbEntity
  8
0
100
AcDbText
 10
0.0
 20
-3.49
 30
0.0
 40
0.25
  1

  7
hebtxt
 72
1
100
AcDbAttributeDefinition
  3

  2
IL
 70
0
  0
ATTDEF
  5
EA
330
E1
100
AcDbEntity
  8
0
100
AcDbText
 10
0.0
 20
-4.99
 30
0.0
 40
0.25
  1

  7
hebtxt
 72
1
100
AcDbAttributeDefinition
  3

  2
OWNER
 70
0
  0
ATTDEF
  5
EB
330
E1
100
AcDbEntity
  8
0
100
AcDbText
 10
0.0
 20
-6.48
 30
0.0
 40
0.25
  1

  7
hebtxt
 72
1
100
AcDbAttributeDefinition
  3

  2
DESC
 70
0
  0
ENDBLK
  5
E3
330
E1
100
AcDbEntity
  8
0
100
AcDbBlockEnd
  0
BLOCK
  5
ED
330
EC
100
AcDbEntity
  8
0
100
AcDbBlockBegin
  2
M5220_E
 70
2
 10
0.0
 20
0.0
 30
0.0
  3
M5220_E
  1

  0
LWPOLYLINE
  5
EF
330
EC
100
AcDbEntity
  8
0
100
AcDbPolyline
 90
4
 70
1
 10
-1.0
 20
-1.0
 10
1.0
 20
-1.0
 10
1.0
 20
1.0
 10
-1.0
 20
1.0
  0
LINE
  5
F0
330
EC
100
AcDbEntity
  8
0
100
AcDbLine
 10
-1.0
 20
-1.0
 30
0.0
 11
1.0
 21
1.0
 31
0.0
  0
LINE
  5
F1
330
EC
100
AcDbEntity
  8
0
100
AcDbLine
 10
-1.0
 20
1.0
 30
0.0
 11
1.0
 21
-1.0
 31
0.0
  0
ATTDEF
  5
F2
330
EC
100
AcDbEntity
  8
0
100
AcDbText
 10
-3.55
 20
-1.9
 30
0.0
 40
0.375
  1

  7
hebtxt
 72
1
100
AcDbAttributeDefinition
  3

  2
HEIGHT
 70
0
  0
ATTDEF
  5
F3
330
EC
100
AcDbEntity
  8
0
100
AcDbText
 10
-1.78
 20
0.8
 30
0.0
 40
0.375
  1

  7
hebtxt
 72
1
100
AcDbAttributeDefinition
  3

  2
NAME
 70
0
  0
ATTDEF
  5
F4
330
EC
100
AcDbEntity
  8
0
100
AcDbText
 10
-1.6
 20
-3.9
 30
0.0
 40
0.375
  1

  7
hebtxt
 72
1
100
AcDbAttributeDefinition
  3

  2
MARK
 70
0
  0
ATTDEF
  5
F5
330
EC
100
AcDbEntity
  8
0
100
AcDbText
 10
-7.33
 20
-0.91
 30
0.0
 40
0.375
  1

  7
hebtxt
 72
1
100
AcDbAttributeDefinition
  3

  2
DESC
 70
0
  0
ENDBLK
  5
EE
330
EC
100
AcDbEntity
  8
0
100
AcDbBlockEnd
  0
ENDSEC
  0
SECTION
  2
ENTITIES
  0
INSERT
  5
F6
330
17
100
AcDbEntity
  8
TR_PNT
100
AcDbBlockReference
 66
1
  2
M1502_P
 10
1009.962
 20
1005.154
 30
0.0
 41
0.25
 42
0.25
 43
0.25
  0
ATTRIB
  5
F8
330
17
100
AcDbEntity
  8
0
100
AcDbText
 10
1009.9295
 20
1005.4115
 30
0.0
 40
0.1
  1
1
  7
HANIT_TEXT
 72
1
 11
1009.9295
 21
1005.4115
 31
0.0
100
AcDbAttribute
  2
NAME
 70
0
  0
ATTRIB
  5
F9
330
17
100
AcDbEntity
  8
0
100
AcDbText
 10
1009.962
 20
1004.504
 30
0.0
 40
0.1
  1

  7
HANIT_TEXT
 72
1
 11
1009.962
 21
1004.504
 31
0.0
100
AcDbAttribute
  2
HEIGHT
 70
0
  0
ATTRIB
  5
FA
330
17
100
AcDbEntity
  8
0
100
AcDbText
 10
1009.8294999999999
 20
1004.004
 30
0.0
 40
0.1
  1
 
  7
HANIT_TEXT
 72
1
 11
1009.8294999999999
 21
1004.004
 31
0.0
100
AcDbAttribute
  2
MARK
 70
0
  0
SEQEND
  5
F7
330
F6
100
AcDbEntity
  8
TR_PNT
  0
INSERT
  5
FB
330
17
100
AcDbEntity
  8
TR_PNT
100
AcDbBlockReference
 66
1
  2
M1502_P
 10
1010.066
 20
999.903
 30
0.0
 41
0.25
 42
0.25
 43
0.25
  0
ATTRIB
  5
FD
330
17
100
AcDbEntity
  8
0
100
AcDbText
 10
1010.0335
 20
1000.1605000000001
 30
0.0
 40
0.1
  1
2
  7
HANIT_TEXT
 72
1
 11
1010.0335
 21
1000.1605000000001
 31
0.0
100
AcDbAttribute
  2
NAME
 70
0
  0
ATTRIB
  5
FE
330
17
100
AcDbEntity
  8
0
100
AcDbText
 10
1010.066
 20
999.253
 30
0.0
 40
0.1
  1

  7
HANIT_TEXT
 72
1
 11
1010.066
 21
999.253
 31
0.0
100
AcDbAttribute
  2
HEIGHT
 70
0
  0
ATTRIB
  5
FF
330
17
100
AcDbEntity
  8
0
100
AcDbText
 10
1009.9335
 20
998.753
 30
0.0
 40
0.1
  1
 
  7
HANIT_TEXT
 72
1
 11
1009.9335
 21
998.753
 31
0.0
100
AcDbAttribute
  2
MARK
 70
0
  0
SEQEND
  5
FC
330
FB
100
AcDbEntity
  8
TR_PNT
  0
INSERT
  5
100
330
17
100
AcDbEntity
  8
TR_PNT
100
AcDbBlockReference
 66
1
  2
M1502_P
 10
1010.238
 20
997.925
 30
0.0
 41
0.25
 42
0.25
 43
0.25
  0
ATTRIB
  5
102
330
17
100
AcDbEntity
  8
0
100
AcDbText
 10
1010.2055
 20
998.1825
 30
0.0
 40
0.1
  1
3
  7
HANIT_TEXT
 72
1
 11
1010.2055
 21
998.1825
 31
0.0
100
AcDbAttribute
  2
NAME
 70
0
  0
ATTRIB
  5
103
330
17
100
AcDbEntity
  8
0
100
AcDbText
 10
1010.238
 20
997.275
 30
0.0
 40
0.1
  1

  7
HANIT_TEXT
 72
1
 11
1010.238
 21
997.275
 31
0.0
100
AcDbAttribute
  2
HEIGHT
 70
0
  0
ATTRIB
  5
104
330
17
100
AcDbEntity
  8
0
100
AcDbText
 10
1010.1055
 20
996.775
 30
0.0
 40
0.1
  1
 
  7
HANIT_TEXT
 72
1
 11
1010.1055
 21
996.775
 31
0.0
100
AcDbAttribute
  2
MARK
 70
0
  0
SEQEND
  5
101
330
100
100
AcDbEntity
  8
TR_PNT
  0
INSERT
  5
105
330
17
100
AcDbEntity
  8
TR_PNT
100
AcDbBlockReference
 66
1
  2
M1502_P
 10
1010.61
 20
993.245
 30
0.0
 41
0.25
 42
0.25
 43
0.25
  0
ATTRIB
  5
107
330
17
100
AcDbEntity
  8
0
100
AcDbText
 10
1010.5775
 20
993.5025
 30
0.0
 40
0.1
  1
4
  7
HANIT_TEXT
 72
1
 11
1010.5775
 21
993.5025
 31
0.0
100
AcDbAttribute
  2
NAME
 70
0
  0
ATTRIB
  5
108
330
17
100
AcDbEntity
  8
0
100
AcDbText
 10
1010.61
 20
992.595
 30
0.0
 40
0.1
  1

  7
HANIT_TEXT
 72
1
 11
1010.61
 21
992.595
 31
0.0
100
AcDbAttribute
  2
HEIGHT
 70
0
  0
ATTRIB
  5
109
330
17
100
AcDbEntity
  8
0
100
AcDbText
 10
1010.4775
 20
992.095
 30
0.0
 40
0.1
  1
 
  7
HANIT_TEXT
 72
1
 11
1010.4775
 21
992.095
 31
0.0
100
AcDbAttribute
  2
MARK
 70
0
  0
SEQEND
  5
106
330
105
100
AcDbEntity
  8
TR_PNT
  0
INSERT
  5
10A
330
17
100
AcDbEntity
  8
TR_PNT
100
AcDbBlockReference
 66
1
  2
M1502_P
 10
1010.615
 20
993.242
 30
0.0
 41
0.25
 42
0.25
 43
0.25
  0
ATTRIB
  5
10C
330
17
100
AcDbEntity
  8
0
100
AcDbText
 10
1010.5825
 20
993.4995
 30
0.0
 40
0.1
  1
4A
  7
HANIT_TEXT
 72
1
 11
1010.5825
 21
993.4995
 31
0.0
100
AcDbAttribute
  2
NAME
 70
0
  0
ATTRIB
  5
10D
330
17
100
AcDbEntity
  8
0
100
AcDbText
 10
1010.615
 20
992.592
 30
0.0
 40
0.1
  1

  7
HANIT_TEXT
 72
1
 11
1010.615
 21
992.592
 31
0.0
100
AcDbAttribute
  2
HEIGHT
 70
0
  0
ATTRIB
  5
10E
330
17
100
AcDbEntity
  8
0
100
AcDbText
 10
1010.4825
 20
992.092
 30
0.0
 40
0.1
  1
 
  7
HANIT_TEXT
 72
1
 11
1010.4825
 21
992.092
 31
0.0
100
AcDbAttribute
  2
MARK
 70
0
  0
SEQEND
  5
10B
330
10A
100
AcDbEntity
  8
TR_PNT
  0
INSERT
  5
10F
330
17
100
AcDbEntity
  8
TR_PNT
100
AcDbBlockReference
 66
1
  2
M1502_P
 10
1010.084
 20
999.143
 30
110.503
 41
0.25
 42
0.25
 43
0.25
  0
ATTRIB
  5
111
330
17
100
AcDbEntity
  8
0
100
AcDbText
 10
1010.0514999999999
 20
999.4005000000001
 30
110.503
 40
0.1
  1
5
  7
HANIT_TEXT
 72
1
 11
1010.0514999999999
 21
999.4005000000001
 31
110.503
100
AcDbAttribute
  2
NAME
 70
0
  0
ATTRIB
  5
112
330
17
100
AcDbEntity
  8
0
100
AcDbText
 10
1010.084
 20
998.493
 30
110.503
 40
0.1
  1
110.50
  7
HANIT_TEXT
 72
1
 11
1010.084
 21
998.493
 31
110.503
100
AcDbAttribute
  2
HEIGHT
 70
0
  0
ATTRIB
  5
113
330
17
100
AcDbEntity
  8
0
100
AcDbText
 10
1009.9514999999999
 20
997.993
 30
110.503
 40
0.1
  1
 
  7
HANIT_TEXT
 72
1
 11
1009.9514999999999
 21
997.993
 31
110.503
100
AcDbAttribute
  2
MARK
 70
0
  0
SEQEND
  5
110
330
10F
100
AcDbEntity
  8
TR_PNT
  0
INSERT
  5
114
330
17
100
AcDbEntity
  8
TR_PNT
100
AcDbBlockReference
 66
1
  2
M1502_P
 10
1007.383
 20
995.844
 30
100.259
 41
0.25
 42
0.25
 43
0.25
  0
ATTRIB
  5
116
330
17
100
AcDbEntity
  8
0
100
AcDbText
 10
1007.3505
 20
996.1015000000001
 30
100.259
 40
0.1
  1
6
  7
HANIT_TEXT
 72
1
 11
1007.3505
 21
996.1015000000001
 31
100.259
100
AcDbAttribute
  2
NAME
 70
0
  0
ATTRIB
  5
117
330
17
100
AcDbEntity
  8
0
100
AcDbText
 10
1007.383
 20
995.1940000000001
 30
100.259
 40
0.1
  1
100.26
  7
HANIT_TEXT
 72
1
 11
1007.383
 21
995.1940000000001
 31
100.259
100
AcDbAttribute
  2
HEIGHT
 70
0
  0
ATTRIB
  5
118
330
17
100
AcDbEntity
  8
0
100
AcDbText
 10
1007.2505
 20
994.6940000000001
 30
100.259
 40
0.1
  1
 
  7
HANIT_TEXT
 72
1
 11
1007.2505
 21
994.6940000000001
 31
100.259
100
AcDbAttribute
  2
MARK
 70
0
  0
SEQEND
  5
115
330
114
100
AcDbEntity
  8
TR_PNT
  0
INSERT
  5
119
330
17
100
AcDbEntity
  8
TR_PNT
100
AcDbBlockReference
 66
1
  2
M1502_P
 10
1008.013
 20
988.019
 30
100.393
 41
0.25
 42
0.25
 43
0.25
  0
ATTRIB
  5
11B
330
17
100
AcDbEntity
  8
0
100
AcDbText
 10
1007.9805
 20
988.2765
 30
100.393
 40
0.1
  1
7
  7
HANIT_TEXT
 72
1
 11
1007.9805
 21
988.2765
 31
100.393
100
AcDbAttribute
  2
NAME
 70
0
  0
ATTRIB
  5
11C
330
17
100
AcDbEntity
  8
0
100
AcDbText
 10
1008.013
 20
987.369
 30
100.393
 40
0.1
  1
100.39
  7
HANIT_TEXT
 72
1
 11
1008.013
 21
987.369
 31
100.393
100
AcDbAttribute
  2
HEIGHT
 70
0
  0
ATTRIB
  5
11D
330
17
100
AcDbEntity
  8
0
100
AcDbText
 10
1007.8805
 20
986.869
 30
100.393
 40
0.1
  1
 
  7
HANIT_TEXT
 72
1
 11
1007.8805
 21
986.869
 31
100.393
100
AcDbAttribute
  2
MARK
 70
0
  0
SEQEND
  5
11A
330
119
100
AcDbEntity
  8
TR_PNT
  0
INSERT
  5
11E
330
17
100
AcDbEntity
  8
TR_PNT
100
AcDbBlockReference
 66
1
  2
M1502_P
 10
1006.603
 20
1005.062
 30
100.19
 41
0.25
 42
0.25
 43
0.25
  0
ATTRIB
  5
120
330
17
100
AcDbEntity
  8
0
100
AcDbText
 10
1006.5704999999999
 20
1005.3195000000001
 30
100.19
 40
0.1
  1
8
  7
HANIT_TEXT
 72
1
 11
1006.5704999999999
 21
1005.3195000000001
 31
100.19
100
AcDbAttribute
  2
NAME
 70
0
  0
ATTRIB
  5
121
330
17
100
AcDbEntity
  8
0
100
AcDbText
 10
1006.603
 20
1004.412
 30
100.19
 40
0.1
  1
100.19
  7
HANIT_TEXT
 72
1
 11
1006.603
 21
1004.412
 31
100.19
100
AcDbAttribute
  2
HEIGHT
 70
0
  0
ATTRIB
  5
122
330
17
100
AcDbEntity
  8
0
100
AcDbText
 10
1006.4704999999999
 20
1003.912
 30
100.19
 40
0.1
  1
 
  7
HANIT_TEXT
 72
1
 11
1006.4704999999999
 21
1003.912
 31
100.19
100
AcDbAttribute
  2
MARK
 70
0
  0
SEQEND
  5
11F
330
11E
100
AcDbEntity
  8
TR_PNT
  0
INSERT
  5
123
330
17
100
AcDbEntity
  8
TR_PNT
100
AcDbBlockReference
 66
1
  2
M1502_P
 10
1007.365
 20
995.975
 30
101.85
 41
0.25
 42
0.25
 43
0.25
  0
ATTRIB
  5
125
330
17
100
AcDbEntity
  8
0
100
AcDbText
 10
1007.3325
 20
996.2325000000001
 30
101.85
 40
0.1
  1
9
  7
HANIT_TEXT
 72
1
 11
1007.3325
 21
996.2325000000001
 31
101.85
100
AcDbAttribute
  2
NAME
 70
0
  0
ATTRIB
  5
126
330
17
100
AcDbEntity
  8
0
100
AcDbText
 10
1007.365
 20
995.325
 30
101.85
 40
0.1
  1
101.85
  7
HANIT_TEXT
 72
1
 11
1007.365
 21
995.325
 31
101.85
100
AcDbAttribute
  2
HEIGHT
 70
0
  0
ATTRIB
  5
127
330
17
100
AcDbEntity
  8
0
100
AcDbText
 10
1007.2325
 20
994.825
 30
101.85
 40
0.1
  1
 
  7
HANIT_TEXT
 72
1
 11
1007.2325
 21
994.825
 31
101.85
100
AcDbAttribute
  2
MARK
 70
0
  0
SEQEND
  5
124
330
123
100
AcDbEntity
  8
TR_PNT
  0
INSERT
  5
128
330
17
100
AcDbEntity
  8
TR_PNT
100
AcDbBlockReference
 66
1
  2
M1502_P
 10
1007.44
 20
995.633
 30
102.882
 41
0.25
 42
0.25
 43
0.25
  0
ATTRIB
  5
12A
330
17
100
AcDbEntity
  8
0
100
AcDbText
 10
1007.4075
 20
995.8905000000001
 30
102.882
 40
0.1
  1
10
  7
HANIT_TEXT
 72
1
 11
1007.4075
 21
995.8905000000001
 31
102.882
100
AcDbAttribute
  2
NAME
 70
0
  0
ATTRIB
  5
12B
330
17
100
AcDbEntity
  8
0
100
AcDbText
 10
1007.44
 20
994.9830000000001
 30
102.882
 40
0.1
  1
102.88
  7
HANIT_TEXT
 72
1
 11
1007.44
 21
994.9830000000001
 31
102.882
100
AcDbAttribute
  2
HEIGHT
 70
0
  0
ATTRIB
  5
12C
330
17
100
AcDbEntity
  8
0
100
AcDbText
 10
1007.3075
 20
994.4830000000001
 30
102.882
 40
0.1
  1
 
  7
HANIT_TEXT
 72
1
 11
1007.3075
 21
994.4830000000001
 31
102.882
100
AcDbAttribute
  2
MARK
 70
0
  0
SEQEND
  5
129
330
128
100
AcDbEntity
  8
TR_PNT
  0
INSERT
  5
12D
330
17
100
AcDbEntity
  8
TR_PNT
100
AcDbBlockReference
 66
1
  2
M1502_P
 10
989.098
 20
986.733
 30
101.335
 41
0.25
 42
0.25
 43
0.25
  0
ATTRIB
  5
12F
330
17
100
AcDbEntity
  8
0
100
AcDbText
 10
989.0654999999999
 20
986.9905
 30
101.335
 40
0.1
  1
11
  7
HANIT_TEXT
 72
1
 11
989.0654999999999
 21
986.9905
 31
101.335
100
AcDbAttribute
  2
NAME
 70
0
  0
ATTRIB
  5
130
330
17
100
AcDbEntity
  8
0
100
AcDbText
 10
989.098
 20
986.083
 30
101.335
 40
0.1
  1
101.33
  7
HANIT_TEXT
 72
1
 11
989.098
 21
986.083
 31
101.335
100
AcDbAttribute
  2
HEIGHT
 70
0
  0
ATTRIB
  5
131
330
17
100
AcDbEntity
  8
0
100
AcDbText
 10
988.9654999999999
 20
985.583
 30
101.335
 40
0.1
  1
 
  7
HANIT_TEXT
 72
1
 11
988.9654999999999
 21
985.583
 31
101.335
100
AcDbAttribute
  2
MARK
 70
0
  0
SEQEND
  5
12E
330
12D
100
AcDbEntity
  8
TR_PNT
  0
INSERT
  5
132
330
17
100
AcDbEntity
  8
TR_PNT
100
AcDbBlockReference
 66
1
  2
M1502_P
 10
987.681
 20
989.474
 30
102.2
 41
0.25
 42
0.25
 43
0.25
  0
ATTRIB
  5
134
330
17
100
AcDbEntity
  8
0
100
AcDbText
 10
987.6485
 20
989.7315000000001
 30
102.2
 40
0.1
  1
12
  7
HANIT_TEXT
 72
1
 11
987.6485
 21
989.7315000000001
 31
102.2
100
AcDbAttribute
  2
NAME
 70
0
  0
ATTRIB
  5
135
330
17
100
AcDbEntity
  8
0
100
AcDbText
 10
987.681
 20
988.8240000000001
 30
102.2
 40
0.1
  1
102.20
  7
HANIT_TEXT
 72
1
 11
987.681
 21
988.8240000000001
 31
102.2
100
AcDbAttribute
  2
HEIGHT
 70
0
  0
ATTRIB
  5
136
330
17
100
AcDbEntity
  8
0
100
AcDbText
 10
987.5485
 20
988.3240000000001
 30
102.2
 40
0.1
  1
 
  7
HANIT_TEXT
 72
1
 11
987.5485
 21
988.3240000000001
 31
102.2
100
AcDbAttribute
  2
MARK
 70
0
  0
SEQEND
  5
133
330
132
100
AcDbEntity
  8
TR_PNT
  0
INSERT
  5
137
330
17
100
AcDbEntity
  8
TR_PNT
100
AcDbBlockReference
 66
1
  2
M1502_P
 10
986.726
 20
1001.528
 30
102.207
 41
0.25
 42
0.25
 43
0.25
  0
ATTRIB
  5
139
330
17
100
AcDbEntity
  8
0
100
AcDbText
 10
986.6935
 20
1001.7855000000001
 30
102.207
 40
0.1
  1
13
  7
HANIT_TEXT
 72
1
 11
986.6935
 21
1001.7855000000001
 31
102.207
100
AcDbAttribute
  2
NAME
 70
0
  0
ATTRIB
  5
13A
330
17
100
AcDbEntity
  8
0
100
AcDbText
 10
986.726
 20
1000.878
 30
102.207
 40
0.1
  1
102.21
  7
HANIT_TEXT
 72
1
 11
986.726
 21
1000.878
 31
102.207
100
AcDbAttribute
  2
HEIGHT
 70
0
  0
ATTRIB
  5
13B
330
17
100
AcDbEntity
  8
0
100
AcDbText
 10
986.5935
 20
1000.378
 30
102.207
 40
0.1
  1
 
  7
HANIT_TEXT
 72
1
 11
986.5935
 21
1000.378
 31
102.207
100
AcDbAttribute
  2
MARK
 70
0
  0
SEQEND
  5
138
330
137
100
AcDbEntity
  8
TR_PNT
  0
INSERT
  5
13C
330
17
100
AcDbEntity
  8
TR_PNT
100
AcDbBlockReference
 66
1
  2
M1502_P
 10
991.399
 20
981.562
 30
110.706
 41
0.25
 42
0.25
 43
0.25
  0
ATTRIB
  5
13E
330
17
100
AcDbEntity
  8
0
100
AcDbText
 10
991.3665
 20
981.8195000000001
 30
110.706
 40
0.1
  1
14
  7
HANIT_TEXT
 72
1
 11
991.3665
 21
981.8195000000001
 31
110.706
100
AcDbAttribute
  2
NAME
 70
0
  0
ATTRIB
  5
13F
330
17
100
AcDbEntity
  8
0
100
AcDbText
 10
991.399
 20
980.912
 30
110.706
 40
0.1
  1
110.71
  7
HANIT_TEXT
 72
1
 11
991.399
 21
980.912
 31
110.706
100
AcDbAttribute
  2
HEIGHT
 70
0
  0
ATTRIB
  5
140
330
17
100
AcDbEntity
  8
0
100
AcDbText
 10
991.2665
 20
980.412
 30
110.706
 40
0.1
  1
 
  7
HANIT_TEXT
 72
1
 11
991.2665
 21
980.412
 31
110.706
100
AcDbAttribute
  2
MARK
 70
0
  0
SEQEND
  5
13D
330
13C
100
AcDbEntity
  8
TR_PNT
  0
INSERT
  5
141
330
17
100
AcDbEntity
  8
TR_PNT
100
AcDbBlockReference
 66
1
  2
M1502_P
 10
993.975
 20
981.752
 30
0.0
 41
0.25
 42
0.25
 43
0.25
  0
ATTRIB
  5
143
330
17
100
AcDbEntity
  8
0
100
AcDbText
 10
993.9425
 20
982.0095
 30
0.0
 40
0.1
  1
15
  7
HANIT_TEXT
 72
1
 11
993.9425
 21
982.0095
 31
0.0
100
AcDbAttribute
  2
NAME
 70
0
  0
ATTRIB
  5
144
330
17
100
AcDbEntity
  8
0
100
AcDbText
 10
993.975
 20
981.102
 30
0.0
 40
0.1
  1

  7
HANIT_TEXT
 72
1
 11
993.975
 21
981.102
 31
0.0
100
AcDbAttribute
  2
HEIGHT
 70
0
  0
ATTRIB
  5
145
330
17
100
AcDbEntity
  8
0
100
AcDbText
 10
993.8425
 20
980.602
 30
0.0
 40
0.1
  1
 
  7
HANIT_TEXT
 72
1
 11
993.8425
 21
980.602
 31
0.0
100
AcDbAttribute
  2
MARK
 70
0
  0
SEQEND
  5
142
330
141
100
AcDbEntity
  8
TR_PNT
  0
INSERT
  5
146
330
17
100
AcDbEntity
  8
TR_PNT
100
AcDbBlockReference
 66
1
  2
M1502_P
 10
988.091
 20
981.259
 30
0.0
 41
0.25
 42
0.25
 43
0.25
  0
ATTRIB
  5
148
330
17
100
AcDbEntity
  8
0
100
AcDbText
 10
988.0585
 20
981.5165000000001
 30
0.0
 40
0.1
  1
16
  7
HANIT_TEXT
 72
1
 11
988.0585
 21
981.5165000000001
 31
0.0
100
AcDbAttribute
  2
NAME
 70
0
  0
ATTRIB
  5
149
330
17
100
AcDbEntity
  8
0
100
AcDbText
 10
988.091
 20
980.609
 30
0.0
 40
0.1
  1

  7
HANIT_TEXT
 72
1
 11
988.091
 21
980.609
 31
0.0
100
AcDbAttribute
  2
HEIGHT
 70
0
  0
ATTRIB
  5
14A
330
17
100
AcDbEntity
  8
0
100
AcDbText
 10
987.9585
 20
980.109
 30
0.0
 40
0.1
  1
 
  7
HANIT_TEXT
 72
1
 11
987.9585
 21
980.109
 31
0.0
100
AcDbAttribute
  2
MARK
 70
0
  0
SEQEND
  5
147
330
146
100
AcDbEntity
  8
TR_PNT
  0
INSERT
  5
14B
330
17
100
AcDbEntity
  8
TR_PNT
100
AcDbBlockReference
 66
1
  2
M1502_P
 10
985.891
 20
981.056
 30
0.0
 41
0.25
 42
0.25
 43
0.25
  0
ATTRIB
  5
14D
330
17
100
AcDbEntity
  8
0
100
AcDbText
 10
985.8584999999999
 20
981.3135000000001
 30
0.0
 40
0.1
  1
17
  7
HANIT_TEXT
 72
1
 11
985.8584999999999
 21
981.3135000000001
 31
0.0
100
AcDbAttribute
  2
NAME
 70
0
  0
ATTRIB
  5
14E
330
17
100
AcDbEntity
  8
0
100
AcDbText
 10
985.891
 20
980.4060000000001
 30
0.0
 40
0.1
  1

  7
HANIT_TEXT
 72
1
 11
985.891
 21
980.4060000000001
 31
0.0
100
AcDbAttribute
  2
HEIGHT
 70
0
  0
ATTRIB
  5
14F
330
17
100
AcDbEntity
  8
0
100
AcDbText
 10
985.7584999999999
 20
979.9060000000001
 30
0.0
 40
0.1
  1
 
  7
HANIT_TEXT
 72
1
 11
985.7584999999999
 21
979.9060000000001
 31
0.0
100
AcDbAttribute
  2
MARK
 70
0
  0
SEQEND
  5
14C
330
14B
100
AcDbEntity
  8
TR_PNT
  0
INSERT
  5
150
330
17
100
AcDbEntity
  8
TR_PNT
100
AcDbBlockReference
 66
1
  2
M1502_P
 10
979.976
 20
980.582
 30
0.0
 41
0.25
 42
0.25
 43
0.25
  0
ATTRIB
  5
152
330
17
100
AcDbEntity
  8
0
100
AcDbText
 10
979.9435
 20
980.8395
 30
0.0
 40
0.1
  1
18
  7
HANIT_TEXT
 72
1
 11
979.9435
 21
980.8395
 31
0.0
100
AcDbAttribute
  2
NAME
 70
0
  0
ATTRIB
  5
153
330
17
100
AcDbEntity
  8
0
100
AcDbText
 10
979.976
 20
979.932
 30
0.0
 40
0.1
  1

  7
HANIT_TEXT
 72
1
 11
979.976
 21
979.932
 31
0.0
100
AcDbAttribute
  2
HEIGHT
 70
0
  0
ATTRIB
  5
154
330
17
100
AcDbEntity
  8
0
100
AcDbText
 10
979.8435
 20
979.432
 30
0.0
 40
0.1
  1
 
  7
HANIT_TEXT
 72
1
 11
979.8435
 21
979.432
 31
0.0
100
AcDbAttribute
  2
MARK
 70
0
  0
SEQEND
  5
151
330
150
100
AcDbEntity
  8
TR_PNT
  0
INSERT
  5
155
330
17
100
AcDbEntity
  8
TR_PNT
100
AcDbBlockReference
 66
1
  2
M1502_P
 10
988.135
 20
986.71
 30
100.274
 41
0.25
 42
0.25
 43
0.25
  0
ATTRIB
  5
157
330
17
100
AcDbEntity
  8
0
100
AcDbText
 10
988.1025
 20
986.9675000000001
 30
100.274
 40
0.1
  1
19
  7
HANIT_TEXT
 72
1
 11
988.1025
 21
986.9675000000001
 31
100.274
100
AcDbAttribute
  2
NAME
 70
0
  0
ATTRIB
  5
158
330
17
100
AcDbEntity
  8
0
100
AcDbText
 10
988.135
 20
986.0600000000001
 30
100.274
 40
0.1
  1
100.27
  7
HANIT_TEXT
 72
1
 11
988.135
 21
986.0600000000001
 31
100.274
100
AcDbAttribute
  2
HEIGHT
 70
0
  0
ATTRIB
  5
159
330
17
100
AcDbEntity
  8
0
100
AcDbText
 10
988.0024999999999
 20
985.5600000000001
 30
100.274
 40
0.1
  1
 
  7
HANIT_TEXT
 72
1
 11
988.0024999999999
 21
985.5600000000001
 31
100.274
100
AcDbAttribute
  2
MARK
 70
0
  0
SEQEND
  5
156
330
155
100
AcDbEntity
  8
TR_PNT
  0
INSERT
  5
15A
330
17
100
AcDbEntity
  8
TR_PNT
100
AcDbBlockReference
 66
1
  2
M1502_P
 10
995.635
 20
987.965
 30
100.207
 41
0.25
 42
0.25
 43
0.25
  0
ATTRIB
  5
15C
330
17
100
AcDbEntity
  8
0
100
AcDbText
 10
995.6025
 20
988.2225000000001
 30
100.207
 40
0.1
  1
20
  7
HANIT_TEXT
 72
1
 11
995.6025
 21
988.2225000000001
 31
100.207
100
AcDbAttribute
  2
NAME
 70
0
  0
ATTRIB
  5
15D
330
17
100
AcDbEntity
  8
0
100
AcDbText
 10
995.635
 20
987.315
 30
100.207
 40
0.1
  1
100.21
  7
HANIT_TEXT
 72
1
 11
995.635
 21
987.315
 31
100.207
100
AcDbAttribute
  2
HEIGHT
 70
0
  0
ATTRIB
  5
15E
330
17
100
AcDbEntity
  8
0
100
AcDbText
 10
995.5024999999999
 20
986.815
 30
100.207
 40
0.1
  1
 
  7
HANIT_TEXT
 72
1
 11
995.5024999999999
 21
986.815
 31
100.207
100
AcDbAttribute
  2
MARK
 70
0
  0
SEQEND
  5
15B
330
15A
100
AcDbEntity
  8
TR_PNT
  0
INSERT
  5
15F
330
17
100
AcDbEntity
  8
TR_PNT
100
AcDbBlockReference
 66
1
  2
M1502_P
 10
996.595
 20
987.113
 30
100.259
 41
0.25
 42
0.25
 43
0.25
  0
ATTRIB
  5
161
330
17
100
AcDbEntity
  8
0
100
AcDbText
 10
996.5625
 20
987.3705000000001
 30
100.259
 40
0.1
  1
21
  7
HANIT_TEXT
 72
1
 11
996.5625
 21
987.3705000000001
 31
100.259
100
AcDbAttribute
  2
NAME
 70
0
  0
ATTRIB
  5
162
330
17
100
AcDbEntity
  8
0
100
AcDbText
 10
996.595
 20
986.4630000000001
 30
100.259
 40
0.1
  1
100.26
  7
HANIT_TEXT
 72
1
 11
996.595
 21
986.4630000000001
 31
100.259
100
AcDbAttribute
  2
HEIGHT
 70
0
  0
ATTRIB
  5
163
330
17
100
AcDbEntity
  8
0
100
AcDbText
 10
996.4625
 20
985.9630000000001
 30
100.259
 40
0.1
  1
 
  7
HANIT_TEXT
 72
1
 11
996.4625
 21
985.9630000000001
 31
100.259
100
AcDbAttribute
  2
MARK
 70
0
  0
SEQEND
  5
160
330
15F
100
AcDbEntity
  8
TR_PNT
  0
INSERT
  5
164
330
17
100
AcDbEntity
  8
TR_PNT
100
AcDbBlockReference
 66
1
  2
M1502_P
 10
1003.021
 20
973.121
 30
100.611
 41
0.25
 42
0.25
 43
0.25
  0
ATTRIB
  5
166
330
17
100
AcDbEntity
  8
0
100
AcDbText
 10
1002.9884999999999
 20
973.3785
 30
100.611
 40
0.1
  1
23
  7
HANIT_TEXT
 72
1
 11
1002.9884999999999
 21
973.3785
 31
100.611
100
AcDbAttribute
  2
NAME
 70
0
  0
ATTRIB
  5
167
330
17
100
AcDbEntity
  8
0
100
AcDbText
 10
1003.021
 20
972.471
 30
100.611
 40
0.1
  1
100.61
  7
HANIT_TEXT
 72
1
 11
1003.021
 21
972.471
 31
100.611
100
AcDbAttribute
  2
HEIGHT
 70
0
  0
ATTRIB
  5
168
330
17
100
AcDbEntity
  8
0
100
AcDbText
 10
1002.8884999999999
 20
971.971
 30
100.611
 40
0.1
  1
 
  7
HANIT_TEXT
 72
1
 11
1002.8884999999999
 21
971.971
 31
100.611
100
AcDbAttribute
  2
MARK
 70
0
  0
SEQEND
  5
165
330
164
100
AcDbEntity
  8
TR_PNT
  0
INSERT
  5
169
330
17
100
AcDbEntity
  8
TR_PNT
100
AcDbBlockReference
 66
1
  2
M1502_P
 10
1001.98
 20
968.491
 30
100.612
 41
0.25
 42
0.25
 43
0.25
  0
ATTRIB
  5
16B
330
17
100
AcDbEntity
  8
0
100
AcDbText
 10
1001.9475
 20
968.7485
 30
100.612
 40
0.1
  1
23X
  7
HANIT_TEXT
 72
1
 11
1001.9475
 21
968.7485
 31
100.612
100
AcDbAttribute
  2
NAME
 70
0
  0
ATTRIB
  5
16C
330
17
100
AcDbEntity
  8
0
100
AcDbText
 10
1001.98
 20
967.841
 30
100.612
 40
0.1
  1
100.61
  7
HANIT_TEXT
 72
1
 11
1001.98
 21
967.841
 31
100.612
100
AcDbAttribute
  2
HEIGHT
 70
0
  0
ATTRIB
  5
16D
330
17
100
AcDbEntity
  8
0
100
AcDbText
 10
1001.8475
 20
967.341
 30
100.612
 40
0.1
  1
 
  7
HANIT_TEXT
 72
1
 11
1001.8475
 21
967.341
 31
100.612
100
AcDbAttribute
  2
MARK
 70
0
  0
SEQEND
  5
16A
330
169
100
AcDbEntity
  8
TR_PNT
  0
INSERT
  5
16E
330
17
100
AcDbEntity
  8
TR_PNT
100
AcDbBlockReference
 66
1
  2
M1502_P
 10
1005.507
 20
974.762
 30
101.754
 41
0.25
 42
0.25
 43
0.25
  0
ATTRIB
  5
170
330
17
100
AcDbEntity
  8
0
100
AcDbText
 10
1005.4744999999999
 20
975.0195
 30
101.754
 40
0.1
  1
24
  7
HANIT_TEXT
 72
1
 11
1005.4744999999999
 21
975.0195
 31
101.754
100
AcDbAttribute
  2
NAME
 70
0
  0
ATTRIB
  5
171
330
17
100
AcDbEntity
  8
0
100
AcDbText
 10
1005.507
 20
974.112
 30
101.754
 40
0.1
  1
101.75
  7
HANIT_TEXT
 72
1
 11
1005.507
 21
974.112
 31
101.754
100
AcDbAttribute
  2
HEIGHT
 70
0
  0
ATTRIB
  5
172
330
17
100
AcDbEntity
  8
0
100
AcDbText
 10
1005.3744999999999
 20
973.612
 30
101.754
 40
0.1
  1
 
  7
HANIT_TEXT
 72
1
 11
1005.3744999999999
 21
973.612
 31
101.754
100
AcDbAttribute
  2
MARK
 70
0
  0
SEQEND
  5
16F
330
16E
100
AcDbEntity
  8
TR_PNT
  0
INSERT
  5
173
330
17
100
AcDbEntity
  8
TR_PNT
100
AcDbBlockReference
 66
1
  2
M1502_P
 10
1004.824
 20
968.725
 30
102.606
 41
0.25
 42
0.25
 43
0.25
  0
ATTRIB
  5
175
330
17
100
AcDbEntity
  8
0
100
AcDbText
 10
1004.7914999999999
 20
968.9825000000001
 30
102.606
 40
0.1
  1
24X
  7
HANIT_TEXT
 72
1
 11
1004.7914999999999
 21
968.9825000000001
 31
102.606
100
AcDbAttribute
  2
NAME
 70
0
  0
ATTRIB
  5
176
330
17
100
AcDbEntity
  8
0
100
AcDbText
 10
1004.824
 20
968.075
 30
102.606
 40
0.1
  1
102.61
  7
HANIT_TEXT
 72
1
 11
1004.824
 21
968.075
 31
102.606
100
AcDbAttribute
  2
HEIGHT
 70
0
  0
ATTRIB
  5
177
330
17
100
AcDbEntity
  8
0
100
AcDbText
 10
1004.6914999999999
 20
967.575
 30
102.606
 40
0.1
  1
 
  7
HANIT_TEXT
 72
1
 11
1004.6914999999999
 21
967.575
 31
102.606
100
AcDbAttribute
  2
MARK
 70
0
  0
SEQEND
  5
174
330
173
100
AcDbEntity
  8
TR_PNT
  0
INSERT
  5
178
330
17
100
AcDbEntity
  8
TR_PNT
100
AcDbBlockReference
 66
1
  2
M1502_P
 10
1003.952
 20
968.846
 30
104.574
 41
0.25
 42
0.25
 43
0.25
  0
ATTRIB
  5
17A
330
17
100
AcDbEntity
  8
0
100
AcDbText
 10
1003.9195
 20
969.1035
 30
104.574
 40
0.1
  1
25
  7
HANIT_TEXT
 72
1
 11
1003.9195
 21
969.1035
 31
104.574
100
AcDbAttribute
  2
NAME
 70
0
  0
ATTRIB
  5
17B
330
17
100
AcDbEntity
  8
0
100
AcDbText
 10
1003.952
 20
968.196
 30
104.574
 40
0.1
  1
104.57
  7
HANIT_TEXT
 72
1
 11
1003.952
 21
968.196
 31
104.574
100
AcDbAttribute
  2
HEIGHT
 70
0
  0
ATTRIB
  5
17C
330
17
100
AcDbEntity
  8
0
100
AcDbText
 10
1003.8195
 20
967.696
 30
104.574
 40
0.1
  1
 
  7
HANIT_TEXT
 72
1
 11
1003.8195
 21
967.696
 31
104.574
100
AcDbAttribute
  2
MARK
 70
0
  0
SEQEND
  5
179
330
178
100
AcDbEntity
  8
TR_PNT
  0
INSERT
  5
17D
330
17
100
AcDbEntity
  8
TR_PNT
100
AcDbBlockReference
 66
1
  2
M1502_P
 10
983.778
 20
1002.108
 30
109.375
 41
0.25
 42
0.25
 43
0.25
  0
ATTRIB
  5
17F
330
17
100
AcDbEntity
  8
0
100
AcDbText
 10
983.7455
 20
1002.3655
 30
109.375
 40
0.1
  1
26
  7
HANIT_TEXT
 72
1
 11
983.7455
 21
1002.3655
 31
109.375
100
AcDbAttribute
  2
NAME
 70
0
  0
ATTRIB
  5
180
330
17
100
AcDbEntity
  8
0
100
AcDbText
 10
983.778
 20
1001.458
 30
109.375
 40
0.1
  1
109.38
  7
HANIT_TEXT
 72
1
 11
983.778
 21
1001.458
 31
109.375
100
AcDbAttribute
  2
HEIGHT
 70
0
  0
ATTRIB
  5
181
330
17
100
AcDbEntity
  8
0
100
AcDbText
 10
983.6455
 20
1000.958
 30
109.375
 40
0.1
  1
 
  7
HANIT_TEXT
 72
1
 11
983.6455
 21
1000.958
 31
109.375
100
AcDbAttribute
  2
MARK
 70
0
  0
SEQEND
  5
17E
330
17D
100
AcDbEntity
  8
TR_PNT
  0
INSERT
  5
182
330
17
100
AcDbEntity
  8
TR_PNT
100
AcDbBlockReference
 66
1
  2
M1502_P
 10
984.494
 20
991.019
 30
0.0
 41
0.25
 42
0.25
 43
0.25
  0
ATTRIB
  5
184
330
17
100
AcDbEntity
  8
0
100
AcDbText
 10
984.4615
 20
991.2765
 30
0.0
 40
0.1
  1
27
  7
HANIT_TEXT
 72
1
 11
984.4615
 21
991.2765
 31
0.0
100
AcDbAttribute
  2
NAME
 70
0
  0
ATTRIB
  5
185
330
17
100
AcDbEntity
  8
0
100
AcDbText
 10
984.494
 20
990.369
 30
0.0
 40
0.1
  1

  7
HANIT_TEXT
 72
1
 11
984.494
 21
990.369
 31
0.0
100
AcDbAttribute
  2
HEIGHT
 70
0
  0
ATTRIB
  5
186
330
17
100
AcDbEntity
  8
0
100
AcDbText
 10
984.3615
 20
989.869
 30
0.0
 40
0.1
  1
 
  7
HANIT_TEXT
 72
1
 11
984.3615
 21
989.869
 31
0.0
100
AcDbAttribute
  2
MARK
 70
0
  0
SEQEND
  5
183
330
182
100
AcDbEntity
  8
TR_PNT
  0
INSERT
  5
187
330
17
100
AcDbEntity
  8
TR_PNT
100
AcDbBlockReference
 66
1
  2
M1502_P
 10
984.125
 20
995.2
 30
0.0
 41
0.25
 42
0.25
 43
0.25
  0
ATTRIB
  5
189
330
17
100
AcDbEntity
  8
0
100
AcDbText
 10
984.0925
 20
995.4575000000001
 30
0.0
 40
0.1
  1
28
  7
HANIT_TEXT
 72
1
 11
984.0925
 21
995.4575000000001
 31
0.0
100
AcDbAttribute
  2
NAME
 70
0
  0
ATTRIB
  5
18A
330
17
100
AcDbEntity
  8
0
100
AcDbText
 10
984.125
 20
994.5500000000001
 30
0.0
 40
0.1
  1

  7
HANIT_TEXT
 72
1
 11
984.125
 21
994.5500000000001
 31
0.0
100
AcDbAttribute
  2
HEIGHT
 70
0
  0
ATTRIB
  5
18B
330
17
100
AcDbEntity
  8
0
100
AcDbText
 10
983.9925
 20
994.0500000000001
 30
0.0
 40
0.1
  1
 
  7
HANIT_TEXT
 72
1
 11
983.9925
 21
994.0500000000001
 31
0.0
100
AcDbAttribute
  2
MARK
 70
0
  0
SEQEND
  5
188
330
187
100
AcDbEntity
  8
TR_PNT
  0
INSERT
  5
18C
330
17
100
AcDbEntity
  8
TR_PNT
100
AcDbBlockReference
 66
1
  2
M1502_P
 10
984.226
 20
995.479
 30
0.0
 41
0.25
 42
0.25
 43
0.25
  0
ATTRIB
  5
18E
330
17
100
AcDbEntity
  8
0
100
AcDbText
 10
984.1935
 20
995.7365000000001
 30
0.0
 40
0.1
  1
29
  7
HANIT_TEXT
 72
1
 11
984.1935
 21
995.7365000000001
 31
0.0
100
AcDbAttribute
  2
NAME
 70
0
  0
ATTRIB
  5
18F
330
17
100
AcDbEntity
  8
0
100
AcDbText
 10
984.226
 20
994.8290000000001
 30
0.0
 40
0.1
  1

  7
HANIT_TEXT
 72
1
 11
984.226
 21
994.8290000000001
 31
0.0
100
AcDbAttribute
  2
HEIGHT
 70
0
  0
ATTRIB
  5
190
330
17
100
AcDbEntity
  8
0
100
AcDbText
 10
984.0935
 20
994.3290000000001
 30
0.0
 40
0.1
  1
 
  7
HANIT_TEXT
 72
1
 11
984.0935
 21
994.3290000000001
 31
0.0
100
AcDbAttribute
  2
MARK
 70
0
  0
SEQEND
  5
18D
330
18C
100
AcDbEntity
  8
TR_PNT
  0
INSERT
  5
191
330
17
100
AcDbEntity
  8
TR_PNT
100
AcDbBlockReference
 66
1
  2
M1502_P
 10
983.978
 20
998.307
 30
0.0
 41
0.25
 42
0.25
 43
0.25
  0
ATTRIB
  5
193
330
17
100
AcDbEntity
  8
0
100
AcDbText
 10
983.9454999999999
 20
998.5645000000001
 30
0.0
 40
0.1
  1
30
  7
HANIT_TEXT
 72
1
 11
983.9454999999999
 21
998.5645000000001
 31
0.0
100
AcDbAttribute
  2
NAME
 70
0
  0
ATTRIB
  5
194
330
17
100
AcDbEntity
  8
0
100
AcDbText
 10
983.978
 20
997.657
 30
0.0
 40
0.1
  1

  7
HANIT_TEXT
 72
1
 11
983.978
 21
997.657
 31
0.0
100
AcDbAttribute
  2
HEIGHT
 70
0
  0
ATTRIB
  5
195
330
17
100
AcDbEntity
  8
0
100
AcDbText
 10
983.8454999999999
 20
997.157
 30
0.0
 40
0.1
  1
 
  7
HANIT_TEXT
 72
1
 11
983.8454999999999
 21
997.157
 31
0.0
100
AcDbAttribute
  2
MARK
 70
0
  0
SEQEND
  5
192
330
191
100
AcDbEntity
  8
TR_PNT
  0
INSERT
  5
196
330
17
100
AcDbEntity
  8
TR_PNT
100
AcDbBlockReference
 66
1
  2
M1502_P
 10
983.712
 20
1000.056
 30
0.0
 41
0.25
 42
0.25
 43
0.25
  0
ATTRIB
  5
198
330
17
100
AcDbEntity
  8
0
100
AcDbText
 10
983.6795
 20
1000.3135000000001
 30
0.0
 40
0.1
  1
31
  7
HANIT_TEXT
 72
1
 11
983.6795
 21
1000.3135000000001
 31
0.0
100
AcDbAttribute
  2
NAME
 70
0
  0
ATTRIB
  5
199
330
17
100
AcDbEntity
  8
0
100
AcDbText
 10
983.712
 20
999.4060000000001
 30
0.0
 40
0.1
  1

  7
HANIT_TEXT
 72
1
 11
983.712
 21
999.4060000000001
 31
0.0
100
AcDbAttribute
  2
HEIGHT
 70
0
  0
ATTRIB
  5
19A
330
17
100
AcDbEntity
  8
0
100
AcDbText
 10
983.5794999999999
 20
998.9060000000001
 30
0.0
 40
0.1
  1
 
  7
HANIT_TEXT
 72
1
 11
983.5794999999999
 21
998.9060000000001
 31
0.0
100
AcDbAttribute
  2
MARK
 70
0
  0
SEQEND
  5
197
330
196
100
AcDbEntity
  8
TR_PNT
  0
INSERT
  5
19B
330
17
100
AcDbEntity
  8
TR_PNT
100
AcDbBlockReference
 66
1
  2
M1502_P
 10
983.669
 20
1001.929
 30
0.0
 41
0.25
 42
0.25
 43
0.25
  0
ATTRIB
  5
19D
330
17
100
AcDbEntity
  8
0
100
AcDbText
 10
983.6365
 20
1002.1865
 30
0.0
 40
0.1
  1
32
  7
HANIT_TEXT
 72
1
 11
983.6365
 21
1002.1865
 31
0.0
100
AcDbAttribute
  2
NAME
 70
0
  0
ATTRIB
  5
19E
330
17
100
AcDbEntity
  8
0
100
AcDbText
 10
983.669
 20
1001.279
 30
0.0
 40
0.1
  1

  7
HANIT_TEXT
 72
1
 11
983.669
 21
1001.279
 31
0.0
100
AcDbAttribute
  2
HEIGHT
 70
0
  0
ATTRIB
  5
19F
330
17
100
AcDbEntity
  8
0
100
AcDbText
 10
983.5364999999999
 20
1000.779
 30
0.0
 40
0.1
  1
 
  7
HANIT_TEXT
 72
1
 11
983.5364999999999
 21
1000.779
 31
0.0
100
AcDbAttribute
  2
MARK
 70
0
  0
SEQEND
  5
19C
330
19B
100
AcDbEntity
  8
TR_PNT
  0
INSERT
  5
1A0
330
17
100
AcDbEntity
  8
TR_PNT
100
AcDbBlockReference
 66
1
  2
M1502_P
 10
983.321
 20
1005.959
 30
0.0
 41
0.25
 42
0.25
 43
0.25
  0
ATTRIB
  5
1A2
330
17
100
AcDbEntity
  8
0
100
AcDbText
 10
983.2885
 20
1006.2165
 30
0.0
 40
0.1
  1
33
  7
HANIT_TEXT
 72
1
 11
983.2885
 21
1006.2165
 31
0.0
100
AcDbAttribute
  2
NAME
 70
0
  0
ATTRIB
  5
1A3
330
17
100
AcDbEntity
  8
0
100
AcDbText
 10
983.321
 20
1005.309
 30
0.0
 40
0.1
  1

  7
HANIT_TEXT
 72
1
 11
983.321
 21
1005.309
 31
0.0
100
AcDbAttribute
  2
HEIGHT
 70
0
  0
ATTRIB
  5
1A4
330
17
100
AcDbEntity
  8
0
100
AcDbText
 10
983.1885
 20
1004.809
 30
0.0
 40
0.1
  1
 
  7
HANIT_TEXT
 72
1
 11
983.1885
 21
1004.809
 31
0.0
100
AcDbAttribute
  2
MARK
 70
0
  0
SEQEND
  5
1A1
330
1A0
100
AcDbEntity
  8
TR_PNT
  0
INSERT
  5
1A5
330
17
100
AcDbEntity
  8
TR_PNT
100
AcDbBlockReference
 66
1
  2
M1502_P
 10
989.402
 20
1005.203
 30
100.25
 41
0.25
 42
0.25
 43
0.25
  0
ATTRIB
  5
1A7
330
17
100
AcDbEntity
  8
0
100
AcDbText
 10
989.3695
 20
1005.4605
 30
100.25
 40
0.1
  1
34
  7
HANIT_TEXT
 72
1
 11
989.3695
 21
1005.4605
 31
100.25
100
AcDbAttribute
  2
NAME
 70
0
  0
ATTRIB
  5
1A8
330
17
100
AcDbEntity
  8
0
100
AcDbText
 10
989.402
 20
1004.553
 30
100.25
 40
0.1
  1
100.25
  7
HANIT_TEXT
 72
1
 11
989.402
 21
1004.553
 31
100.25
100
AcDbAttribute
  2
HEIGHT
 70
0
  0
ATTRIB
  5
1A9
330
17
100
AcDbEntity
  8
0
100
AcDbText
 10
989.2695
 20
1004.053
 30
100.25
 40
0.1
  1
 
  7
HANIT_TEXT
 72
1
 11
989.2695
 21
1004.053
 31
100.25
100
AcDbAttribute
  2
MARK
 70
0
  0
SEQEND
  5
1A6
330
1A5
100
AcDbEntity
  8
TR_PNT
  0
INSERT
  5
1AA
330
17
100
AcDbEntity
  8
TR_PNT
100
AcDbBlockReference
 66
1
  2
M1502_P
 10
986.269
 20
1005.783
 30
100.248
 41
0.25
 42
0.25
 43
0.25
  0
ATTRIB
  5
1AC
330
17
100
AcDbEntity
  8
0
100
AcDbText
 10
986.2365
 20
1006.0405000000001
 30
100.248
 40
0.1
  1
35
  7
HANIT_TEXT
 72
1
 11
986.2365
 21
1006.0405000000001
 31
100.248
100
AcDbAttribute
  2
NAME
 70
0
  0
ATTRIB
  5
1AD
330
17
100
AcDbEntity
  8
0
100
AcDbText
 10
986.269
 20
1005.133
 30
100.248
 40
0.1
  1
100.25
  7
HANIT_TEXT
 72
1
 11
986.269
 21
1005.133
 31
100.248
100
AcDbAttribute
  2
HEIGHT
 70
0
  0
ATTRIB
  5
1AE
330
17
100
AcDbEntity
  8
0
100
AcDbText
 10
986.1365
 20
1004.633
 30
100.248
 40
0.1
  1
 
  7
HANIT_TEXT
 72
1
 11
986.1365
 21
1004.633
 31
100.248
100
AcDbAttribute
  2
MARK
 70
0
  0
SEQEND
  5
1AB
330
1AA
100
AcDbEntity
  8
TR_PNT
  0
INSERT
  5
1AF
330
17
100
AcDbEntity
  8
TR_PNT
100
AcDbBlockReference
 66
1
  2
M1502_P
 10
987.073
 20
997.224
 30
100.022
 41
0.25
 42
0.25
 43
0.25
  0
ATTRIB
  5
1B1
330
17
100
AcDbEntity
  8
0
100
AcDbText
 10
987.0405
 20
997.4815000000001
 30
100.022
 40
0.1
  1
36
  7
HANIT_TEXT
 72
1
 11
987.0405
 21
997.4815000000001
 31
100.022
100
AcDbAttribute
  2
NAME
 70
0
  0
ATTRIB
  5
1B2
330
17
100
AcDbEntity
  8
0
100
AcDbText
 10
987.073
 20
996.5740000000001
 30
100.022
 40
0.1
  1
100.02
  7
HANIT_TEXT
 72
1
 11
987.073
 21
996.5740000000001
 31
100.022
100
AcDbAttribute
  2
HEIGHT
 70
0
  0
ATTRIB
  5
1B3
330
17
100
AcDbEntity
  8
0
100
AcDbText
 10
986.9404999999999
 20
996.0740000000001
 30
100.022
 40
0.1
  1
 
  7
HANIT_TEXT
 72
1
 11
986.9404999999999
 21
996.0740000000001
 31
100.022
100
AcDbAttribute
  2
MARK
 70
0
  0
SEQEND
  5
1B0
330
1AF
100
AcDbEntity
  8
TR_PNT
  0
INSERT
  5
1B4
330
17
100
AcDbEntity
  8
TR_PNT
100
AcDbBlockReference
 66
1
  2
M1502_P
 10
989.708
 20
1002.215
 30
100.059
 41
0.25
 42
0.25
 43
0.25
  0
ATTRIB
  5
1B6
330
17
100
AcDbEntity
  8
0
100
AcDbText
 10
989.6754999999999
 20
1002.4725000000001
 30
100.059
 40
0.1
  1
37
  7
HANIT_TEXT
 72
1
 11
989.6754999999999
 21
1002.4725000000001
 31
100.059
100
AcDbAttribute
  2
NAME
 70
0
  0
ATTRIB
  5
1B7
330
17
100
AcDbEntity
  8
0
100
AcDbText
 10
989.708
 20
1001.565
 30
100.059
 40
0.1
  1
100.06
  7
HANIT_TEXT
 72
1
 11
989.708
 21
1001.565
 31
100.059
100
AcDbAttribute
  2
HEIGHT
 70
0
  0
ATTRIB
  5
1B8
330
17
100
AcDbEntity
  8
0
100
AcDbText
 10
989.5754999999999
 20
1001.065
 30
100.059
 40
0.1
  1
 
  7
HANIT_TEXT
 72
1
 11
989.5754999999999
 21
1001.065
 31
100.059
100
AcDbAttribute
  2
MARK
 70
0
  0
SEQEND
  5
1B5
330
1B4
100
AcDbEntity
  8
TR_PNT
  0
INSERT
  5
1B9
330
17
100
AcDbEntity
  8
TR_PNT
100
AcDbBlockReference
 66
1
  2
M1502_P
 10
987.42
 20
997.245
 30
0.0
 41
0.25
 42
0.25
 43
0.25
  0
ATTRIB
  5
1BB
330
17
100
AcDbEntity
  8
0
100
AcDbText
 10
987.3874999999999
 20
997.5025
 30
0.0
 40
0.1
  1
38
  7
HANIT_TEXT
 72
1
 11
987.3874999999999
 21
997.5025
 31
0.0
100
AcDbAttribute
  2
NAME
 70
0
  0
ATTRIB
  5
1BC
330
17
100
AcDbEntity
  8
0
100
AcDbText
 10
987.42
 20
996.595
 30
0.0
 40
0.1
  1

  7
HANIT_TEXT
 72
1
 11
987.42
 21
996.595
 31
0.0
100
AcDbAttribute
  2
HEIGHT
 70
0
  0
ATTRIB
  5
1BD
330
17
100
AcDbEntity
  8
0
100
AcDbText
 10
987.2874999999999
 20
996.095
 30
0.0
 40
0.1
  1
 
  7
HANIT_TEXT
 72
1
 11
987.2874999999999
 21
996.095
 31
0.0
100
AcDbAttribute
  2
MARK
 70
0
  0
SEQEND
  5
1BA
330
1B9
100
AcDbEntity
  8
TR_PNT
  0
INSERT
  5
1BE
330
17
100
AcDbEntity
  8
TR_PNT
100
AcDbBlockReference
 66
1
  2
M1502_P
 10
990.219
 20
997.441
 30
100.03
 41
0.25
 42
0.25
 43
0.25
  0
ATTRIB
  5
1C0
330
17
100
AcDbEntity
  8
0
100
AcDbText
 10
990.1865
 20
997.6985000000001
 30
100.03
 40
0.1
  1
39
  7
HANIT_TEXT
 72
1
 11
990.1865
 21
997.6985000000001
 31
100.03
100
AcDbAttribute
  2
NAME
 70
0
  0
ATTRIB
  5
1C1
330
17
100
AcDbEntity
  8
0
100
AcDbText
 10
990.219
 20
996.791
 30
100.03
 40
0.1
  1
100.03
  7
HANIT_TEXT
 72
1
 11
990.219
 21
996.791
 31
100.03
100
AcDbAttribute
  2
HEIGHT
 70
0
  0
ATTRIB
  5
1C2
330
17
100
AcDbEntity
  8
0
100
AcDbText
 10
990.0865
 20
996.291
 30
100.03
 40
0.1
  1
 
  7
HANIT_TEXT
 72
1
 11
990.0865
 21
996.291
 31
100.03
100
AcDbAttribute
  2
MARK
 70
0
  0
SEQEND
  5
1BF
330
1BE
100
AcDbEntity
  8
TR_PNT
  0
INSERT
  5
1C3
330
17
100
AcDbEntity
  8
TR_PNT
100
AcDbBlockReference
 66
1
  2
M1502_P
 10
990.214
 20
997.464
 30
0.0
 41
0.25
 42
0.25
 43
0.25
  0
ATTRIB
  5
1C5
330
17
100
AcDbEntity
  8
0
100
AcDbText
 10
990.1815
 20
997.7215000000001
 30
0.0
 40
0.1
  1
39A
  7
HANIT_TEXT
 72
1
 11
990.1815
 21
997.7215000000001
 31
0.0
100
AcDbAttribute
  2
NAME
 70
0
  0
ATTRIB
  5
1C6
330
17
100
AcDbEntity
  8
0
100
AcDbText
 10
990.214
 20
996.8140000000001
 30
0.0
 40
0.1
  1

  7
HANIT_TEXT
 72
1
 11
990.214
 21
996.8140000000001
 31
0.0
100
AcDbAttribute
  2
HEIGHT
 70
0
  0
ATTRIB
  5
1C7
330
17
100
AcDbEntity
  8
0
100
AcDbText
 10
990.0815
 20
996.3140000000001
 30
0.0
 40
0.1
  1
 
  7
HANIT_TEXT
 72
1
 11
990.0815
 21
996.3140000000001
 31
0.0
100
AcDbAttribute
  2
MARK
 70
0
  0
SEQEND
  5
1C4
330
1C3
100
AcDbEntity
  8
TR_PNT
  0
INSERT
  5
1C8
330
17
100
AcDbEntity
  8
TR_PNT
100
AcDbBlockReference
 66
1
  2
M1502_P
 10
990.545
 20
993.147
 30
100.144
 41
0.25
 42
0.25
 43
0.25
  0
ATTRIB
  5
1CA
330
17
100
AcDbEntity
  8
0
100
AcDbText
 10
990.5124999999999
 20
993.4045000000001
 30
100.144
 40
0.1
  1
40
  7
HANIT_TEXT
 72
1
 11
990.5124999999999
 21
993.4045000000001
 31
100.144
100
AcDbAttribute
  2
NAME
 70
0
  0
ATTRIB
  5
1CB
330
17
100
AcDbEntity
  8
0
100
AcDbText
 10
990.545
 20
992.4970000000001
 30
100.144
 40
0.1
  1
100.14
  7
HANIT_TEXT
 72
1
 11
990.545
 21
992.4970000000001
 31
100.144
100
AcDbAttribute
  2
HEIGHT
 70
0
  0
ATTRIB
  5
1CC
330
17
100
AcDbEntity
  8
0
100
AcDbText
 10
990.4124999999999
 20
991.9970000000001
 30
100.144
 40
0.1
  1
 
  7
HANIT_TEXT
 72
1
 11
990.4124999999999
 21
991.9970000000001
 31
100.144
100
AcDbAttribute
  2
MARK
 70
0
  0
SEQEND
  5
1C9
330
1C8
100
AcDbEntity
  8
TR_PNT
  0
INSERT
  5
1CD
330
17
100
AcDbEntity
  8
TR_PNT
100
AcDbBlockReference
 66
1
  2
M1502_P
 10
987.677
 20
991.01
 30
100.019
 41
0.25
 42
0.25
 43
0.25
  0
ATTRIB
  5
1CF
330
17
100
AcDbEntity
  8
0
100
AcDbText
 10
987.6445
 20
991.2675
 30
100.019
 40
0.1
  1
41
  7
HANIT_TEXT
 72
1
 11
987.6445
 21
991.2675
 31
100.019
100
AcDbAttribute
  2
NAME
 70
0
  0
ATTRIB
  5
1D0
330
17
100
AcDbEntity
  8
0
100
AcDbText
 10
987.677
 20
990.36
 30
100.019
 40
0.1
  1
100.02
  7
HANIT_TEXT
 72
1
 11
987.677
 21
990.36
 31
100.019
100
AcDbAttribute
  2
HEIGHT
 70
0
  0
ATTRIB
  5
1D1
330
17
100
AcDbEntity
  8
0
100
AcDbText
 10
987.5445
 20
989.86
 30
100.019
 40
0.1
  1
 
  7
HANIT_TEXT
 72
1
 11
987.5445
 21
989.86
 31
100.019
100
AcDbAttribute
  2
MARK
 70
0
  0
SEQEND
  5
1CE
330
1CD
100
AcDbEntity
  8
TR_PNT
  0
INSERT
  5
1D2
330
17
100
AcDbEntity
  8
TR_PNT
100
AcDbBlockReference
 66
1
  2
M1502_P
 10
993.454
 20
1005.55
 30
100.246
 41
0.25
 42
0.25
 43
0.25
  0
ATTRIB
  5
1D4
330
17
100
AcDbEntity
  8
0
100
AcDbText
 10
993.4214999999999
 20
1005.8075
 30
100.246
 40
0.1
  1
42
  7
HANIT_TEXT
 72
1
 11
993.4214999999999
 21
1005.8075
 31
100.246
100
AcDbAttribute
  2
NAME
 70
0
  0
ATTRIB
  5
1D5
330
17
100
AcDbEntity
  8
0
100
AcDbText
 10
993.454
 20
1004.9
 30
100.246
 40
0.1
  1
100.25
  7
HANIT_TEXT
 72
1
 11
993.454
 21
1004.9
 31
100.246
100
AcDbAttribute
  2
HEIGHT
 70
0
  0
ATTRIB
  5
1D6
330
17
100
AcDbEntity
  8
0
100
AcDbText
 10
993.3214999999999
 20
1004.4
 30
100.246
 40
0.1
  1
 
  7
HANIT_TEXT
 72
1
 11
993.3214999999999
 21
1004.4
 31
100.246
100
AcDbAttribute
  2
MARK
 70
0
  0
SEQEND
  5
1D3
330
1D2
100
AcDbEntity
  8
TR_PNT
  0
INSERT
  5
1D7
330
17
100
AcDbEntity
  8
TR_PNT
100
AcDbBlockReference
 66
1
  2
M1502_P
 10
996.41
 20
1005.317
 30
99.995
 41
0.25
 42
0.25
 43
0.25
  0
ATTRIB
  5
1D9
330
17
100
AcDbEntity
  8
0
100
AcDbText
 10
996.3774999999999
 20
1005.5745000000001
 30
99.995
 40
0.1
  1
43
  7
HANIT_TEXT
 72
1
 11
996.3774999999999
 21
1005.5745000000001
 31
99.995
100
AcDbAttribute
  2
NAME
 70
0
  0
ATTRIB
  5
1DA
330
17
100
AcDbEntity
  8
0
100
AcDbText
 10
996.41
 20
1004.667
 30
99.995
 40
0.1
  1
100.00
  7
HANIT_TEXT
 72
1
 11
996.41
 21
1004.667
 31
99.995
100
AcDbAttribute
  2
HEIGHT
 70
0
  0
ATTRIB
  5
1DB
330
17
100
AcDbEntity
  8
0
100
AcDbText
 10
996.2774999999999
 20
1004.167
 30
99.995
 40
0.1
  1
 
  7
HANIT_TEXT
 72
1
 11
996.2774999999999
 21
1004.167
 31
99.995
100
AcDbAttribute
  2
MARK
 70
0
  0
SEQEND
  5
1D8
330
1D7
100
AcDbEntity
  8
TR_PNT
  0
INSERT
  5
1DC
330
17
100
AcDbEntity
  8
TR_PNT
100
AcDbBlockReference
 66
1
  2
M1502_P
 10
997.811
 20
1006.248
 30
0.0
 41
0.25
 42
0.25
 43
0.25
  0
ATTRIB
  5
1DE
330
17
100
AcDbEntity
  8
0
100
AcDbText
 10
997.7785
 20
1006.5055000000001
 30
0.0
 40
0.1
  1
44
  7
HANIT_TEXT
 72
1
 11
997.7785
 21
1006.5055000000001
 31
0.0
100
AcDbAttribute
  2
NAME
 70
0
  0
ATTRIB
  5
1DF
330
17
100
AcDbEntity
  8
0
100
AcDbText
 10
997.811
 20
1005.5980000000001
 30
0.0
 40
0.1
  1

  7
HANIT_TEXT
 72
1
 11
997.811
 21
1005.5980000000001
 31
0.0
100
AcDbAttribute
  2
HEIGHT
 70
0
  0
ATTRIB
  5
1E0
330
17
100
AcDbEntity
  8
0
100
AcDbText
 10
997.6785
 20
1005.0980000000001
 30
0.0
 40
0.1
  1
 
  7
HANIT_TEXT
 72
1
 11
997.6785
 21
1005.0980000000001
 31
0.0
100
AcDbAttribute
  2
MARK
 70
0
  0
SEQEND
  5
1DD
330
1DC
100
AcDbEntity
  8
TR_PNT
  0
INSERT
  5
1E1
330
17
100
AcDbEntity
  8
TR_PNT
100
AcDbBlockReference
 66
1
  2
M1502_P
 10
993.118
 20
1009.55
 30
0.0
 41
0.25
 42
0.25
 43
0.25
  0
ATTRIB
  5
1E3
330
17
100
AcDbEntity
  8
0
100
AcDbText
 10
993.0855
 20
1009.8075
 30
0.0
 40
0.1
  1
45
  7
HANIT_TEXT
 72
1
 11
993.0855
 21
1009.8075
 31
0.0
100
AcDbAttribute
  2
NAME
 70
0
  0
ATTRIB
  5
1E4
330
17
100
AcDbEntity
  8
0
100
AcDbText
 10
993.118
 20
1008.9
 30
0.0
 40
0.1
  1

  7
HANIT_TEXT
 72
1
 11
993.118
 21
1008.9
 31
0.0
100
AcDbAttribute
  2
HEIGHT
 70
0
  0
ATTRIB
  5
1E5
330
17
100
AcDbEntity
  8
0
100
AcDbText
 10
992.9855
 20
1008.4
 30
0.0
 40
0.1
  1
 
  7
HANIT_TEXT
 72
1
 11
992.9855
 21
1008.4
 31
0.0
100
AcDbAttribute
  2
MARK
 70
0
  0
SEQEND
  5
1E2
330
1E1
100
AcDbEntity
  8
TR_PNT
  0
INSERT
  5
1E6
330
17
100
AcDbEntity
  8
TR_PNT
100
AcDbBlockReference
 66
1
  2
M1502_P
 10
995.675
 20
1009.769
 30
100.658
 41
0.25
 42
0.25
 43
0.25
  0
ATTRIB
  5
1E8
330
17
100
AcDbEntity
  8
0
100
AcDbText
 10
995.6424999999999
 20
1010.0265
 30
100.658
 40
0.1
  1
46
  7
HANIT_TEXT
 72
1
 11
995.6424999999999
 21
1010.0265
 31
100.658
100
AcDbAttribute
  2
NAME
 70
0
  0
ATTRIB
  5
1E9
330
17
100
AcDbEntity
  8
0
100
AcDbText
 10
995.675
 20
1009.119
 30
100.658
 40
0.1
  1
100.66
  7
HANIT_TEXT
 72
1
 11
995.675
 21
1009.119
 31
100.658
100
AcDbAttribute
  2
HEIGHT
 70
0
  0
ATTRIB
  5
1EA
330
17
100
AcDbEntity
  8
0
100
AcDbText
 10
995.5424999999999
 20
1008.619
 30
100.658
 40
0.1
  1
 
  7
HANIT_TEXT
 72
1
 11
995.5424999999999
 21
1008.619
 31
100.658
100
AcDbAttribute
  2
MARK
 70
0
  0
SEQEND
  5
1E7
330
1E6
100
AcDbEntity
  8
TR_PNT
  0
INSERT
  5
1EB
330
17
100
AcDbEntity
  8
TR_PNT
100
AcDbBlockReference
 66
1
  2
M1502_P
 10
999.417
 20
1002.37
 30
100.08
 41
0.25
 42
0.25
 43
0.25
  0
ATTRIB
  5
1ED
330
17
100
AcDbEntity
  8
0
100
AcDbText
 10
999.3845
 20
1002.6275
 30
100.08
 40
0.1
  1
47
  7
HANIT_TEXT
 72
1
 11
999.3845
 21
1002.6275
 31
100.08
100
AcDbAttribute
  2
NAME
 70
0
  0
ATTRIB
  5
1EE
330
17
100
AcDbEntity
  8
0
100
AcDbText
 10
999.417
 20
1001.72
 30
100.08
 40
0.1
  1
100.08
  7
HANIT_TEXT
 72
1
 11
999.417
 21
1001.72
 31
100.08
100
AcDbAttribute
  2
HEIGHT
 70
0
  0
ATTRIB
  5
1EF
330
17
100
AcDbEntity
  8
0
100
AcDbText
 10
999.2845
 20
1001.22
 30
100.08
 40
0.1
  1
 
  7
HANIT_TEXT
 72
1
 11
999.2845
 21
1001.22
 31
100.08
100
AcDbAttribute
  2
MARK
 70
0
  0
SEQEND
  5
1EC
330
1EB
100
AcDbEntity
  8
TR_PNT
  0
INSERT
  5
1F0
330
17
100
AcDbEntity
  8
TR_PNT
100
AcDbBlockReference
 66
1
  2
M1502_P
 10
1002.849
 20
1002.642
 30
100.036
 41
0.25
 42
0.25
 43
0.25
  0
ATTRIB
  5
1F2
330
17
100
AcDbEntity
  8
0
100
AcDbText
 10
1002.8165
 20
1002.8995000000001
 30
100.036
 40
0.1
  1
48
  7
HANIT_TEXT
 72
1
 11
1002.8165
 21
1002.8995000000001
 31
100.036
100
AcDbAttribute
  2
NAME
 70
0
  0
ATTRIB
  5
1F3
330
17
100
AcDbEntity
  8
0
100
AcDbText
 10
1002.849
 20
1001.9920000000001
 30
100.036
 40
0.1
  1
100.04
  7
HANIT_TEXT
 72
1
 11
1002.849
 21
1001.9920000000001
 31
100.036
100
AcDbAttribute
  2
HEIGHT
 70
0
  0
ATTRIB
  5
1F4
330
17
100
AcDbEntity
  8
0
100
AcDbText
 10
1002.7165
 20
1001.4920000000001
 30
100.036
 40
0.1
  1
 
  7
HANIT_TEXT
 72
1
 11
1002.7165
 21
1001.4920000000001
 31
100.036
100
AcDbAttribute
  2
MARK
 70
0
  0
SEQEND
  5
1F1
330
1F0
100
AcDbEntity
  8
TR_PNT
  0
INSERT
  5
1F5
330
17
100
AcDbEntity
  8
TR_PNT
100
AcDbBlockReference
 66
1
  2
M1502_P
 10
996.376
 20
1005.699
 30
104.319
 41
0.25
 42
0.25
 43
0.25
  0
ATTRIB
  5
1F7
330
17
100
AcDbEntity
  8
0
100
AcDbText
 10
996.3435
 20
1005.9565
 30
104.319
 40
0.1
  1
52
  7
HANIT_TEXT
 72
1
 11
996.3435
 21
1005.9565
 31
104.319
100
AcDbAttribute
  2
NAME
 70
0
  0
ATTRIB
  5
1F8
330
17
100
AcDbEntity
  8
0
100
AcDbText
 10
996.376
 20
1005.049
 30
104.319
 40
0.1
  1
104.32
  7
HANIT_TEXT
 72
1
 11
996.376
 21
1005.049
 31
104.319
100
AcDbAttribute
  2
HEIGHT
 70
0
  0
ATTRIB
  5
1F9
330
17
100
AcDbEntity
  8
0
100
AcDbText
 10
996.2434999999999
 20
1004.549
 30
104.319
 40
0.1
  1
 
  7
HANIT_TEXT
 72
1
 11
996.2434999999999
 21
1004.549
 31
104.319
100
AcDbAttribute
  2
MARK
 70
0
  0
SEQEND
  5
1F6
330
1F5
100
AcDbEntity
  8
TR_PNT
  0
INSERT
  5
1FA
330
17
100
AcDbEntity
  8
TR_PNT
100
AcDbBlockReference
 66
1
  2
M1502_P
 10
985.72
 20
1011.515
 30
100.404
 41
0.25
 42
0.25
 43
0.25
  0
ATTRIB
  5
1FC
330
17
100
AcDbEntity
  8
0
100
AcDbText
 10
985.6875
 20
1011.7725
 30
100.404
 40
0.1
  1
53
  7
HANIT_TEXT
 72
1
 11
985.6875
 21
1011.7725
 31
100.404
100
AcDbAttribute
  2
NAME
 70
0
  0
ATTRIB
  5
1FD
330
17
100
AcDbEntity
  8
0
100
AcDbText
 10
985.72
 20
1010.865
 30
100.404
 40
0.1
  1
100.40
  7
HANIT_TEXT
 72
1
 11
985.72
 21
1010.865
 31
100.404
100
AcDbAttribute
  2
HEIGHT
 70
0
  0
ATTRIB
  5
1FE
330
17
100
AcDbEntity
  8
0
100
AcDbText
 10
985.5875
 20
1010.365
 30
100.404
 40
0.1
  1
 
  7
HANIT_TEXT
 72
1
 11
985.5875
 21
1010.365
 31
100.404
100
AcDbAttribute
  2
MARK
 70
0
  0
SEQEND
  5
1FB
330
1FA
100
AcDbEntity
  8
TR_PNT
  0
INSERT
  5
1FF
330
17
100
AcDbEntity
  8
TR_PNT
100
AcDbBlockReference
 66
1
  2
M1502_P
 10
985.842
 20
1010.399
 30
102.359
 41
0.25
 42
0.25
 43
0.25
  0
ATTRIB
  5
201
330
17
100
AcDbEntity
  8
0
100
AcDbText
 10
985.8095
 20
1010.6565
 30
102.359
 40
0.1
  1
54
  7
HANIT_TEXT
 72
1
 11
985.8095
 21
1010.6565
 31
102.359
100
AcDbAttribute
  2
NAME
 70
0
  0
ATTRIB
  5
202
330
17
100
AcDbEntity
  8
0
100
AcDbText
 10
985.842
 20
1009.749
 30
102.359
 40
0.1
  1
102.36
  7
HANIT_TEXT
 72
1
 11
985.842
 21
1009.749
 31
102.359
100
AcDbAttribute
  2
HEIGHT
 70
0
  0
ATTRIB
  5
203
330
17
100
AcDbEntity
  8
0
100
AcDbText
 10
985.7094999999999
 20
1009.249
 30
102.359
 40
0.1
  1
 
  7
HANIT_TEXT
 72
1
 11
985.7094999999999
 21
1009.249
 31
102.359
100
AcDbAttribute
  2
MARK
 70
0
  0
SEQEND
  5
200
330
1FF
100
AcDbEntity
  8
TR_PNT
  0
INSERT
  5
204
330
17
100
AcDbEntity
  8
TR_PNT
100
AcDbBlockReference
 66
1
  2
M1502_P
 10
988.206
 20
1018.939
 30
100.52
 41
0.25
 42
0.25
 43
0.25
  0
ATTRIB
  5
206
330
17
100
AcDbEntity
  8
0
100
AcDbText
 10
988.1735
 20
1019.1965
 30
100.52
 40
0.1
  1
55
  7
HANIT_TEXT
 72
1
 11
988.1735
 21
1019.1965
 31
100.52
100
AcDbAttribute
  2
NAME
 70
0
  0
ATTRIB
  5
207
330
17
100
AcDbEntity
  8
0
100
AcDbText
 10
988.206
 20
1018.289
 30
100.52
 40
0.1
  1
100.52
  7
HANIT_TEXT
 72
1
 11
988.206
 21
1018.289
 31
100.52
100
AcDbAttribute
  2
HEIGHT
 70
0
  0
ATTRIB
  5
208
330
17
100
AcDbEntity
  8
0
100
AcDbText
 10
988.0735
 20
1017.789
 30
100.52
 40
0.1
  1
 
  7
HANIT_TEXT
 72
1
 11
988.0735
 21
1017.789
 31
100.52
100
AcDbAttribute
  2
MARK
 70
0
  0
SEQEND
  5
205
330
204
100
AcDbEntity
  8
TR_PNT
  0
INSERT
  5
209
330
17
100
AcDbEntity
  8
TR_PNT
100
AcDbBlockReference
 66
1
  2
M1502_P
 10
987.634
 20
1019.18
 30
100.471
 41
0.25
 42
0.25
 43
0.25
  0
ATTRIB
  5
20B
330
17
100
AcDbEntity
  8
0
100
AcDbText
 10
987.6015
 20
1019.4375
 30
100.471
 40
0.1
  1
56
  7
HANIT_TEXT
 72
1
 11
987.6015
 21
1019.4375
 31
100.471
100
AcDbAttribute
  2
NAME
 70
0
  0
ATTRIB
  5
20C
330
17
100
AcDbEntity
  8
0
100
AcDbText
 10
987.634
 20
1018.53
 30
100.471
 40
0.1
  1
100.47
  7
HANIT_TEXT
 72
1
 11
987.634
 21
1018.53
 31
100.471
100
AcDbAttribute
  2
HEIGHT
 70
0
  0
ATTRIB
  5
20D
330
17
100
AcDbEntity
  8
0
100
AcDbText
 10
987.5015
 20
1018.03
 30
100.471
 40
0.1
  1
 
  7
HANIT_TEXT
 72
1
 11
987.5015
 21
1018.03
 31
100.471
100
AcDbAttribute
  2
MARK
 70
0
  0
SEQEND
  5
20A
330
209
100
AcDbEntity
  8
TR_PNT
  0
INSERT
  5
20E
330
17
100
AcDbEntity
  8
TR_PNT
100
AcDbBlockReference
 66
1
  2
M1502_P
 10
987.529
 20
1024.917
 30
100.613
 41
0.25
 42
0.25
 43
0.25
  0
ATTRIB
  5
210
330
17
100
AcDbEntity
  8
0
100
AcDbText
 10
987.4965
 20
1025.1744999999999
 30
100.613
 40
0.1
  1
57
  7
HANIT_TEXT
 72
1
 11
987.4965
 21
1025.1744999999999
 31
100.613
100
AcDbAttribute
  2
NAME
 70
0
  0
ATTRIB
  5
211
330
17
100
AcDbEntity
  8
0
100
AcDbText
 10
987.529
 20
1024.2669999999998
 30
100.613
 40
0.1
  1
100.61
  7
HANIT_TEXT
 72
1
 11
987.529
 21
1024.2669999999998
 31
100.613
100
AcDbAttribute
  2
HEIGHT
 70
0
  0
ATTRIB
  5
212
330
17
100
AcDbEntity
  8
0
100
AcDbText
 10
987.3965
 20
1023.7669999999999
 30
100.613
 40
0.1
  1
 
  7
HANIT_TEXT
 72
1
 11
987.3965
 21
1023.7669999999999
 31
100.613
100
AcDbAttribute
  2
MARK
 70
0
  0
SEQEND
  5
20F
330
20E
100
AcDbEntity
  8
TR_PNT
  0
INSERT
  5
213
330
17
100
AcDbEntity
  8
TR_PNT
100
AcDbBlockReference
 66
1
  2
M1502_P
 10
984.474
 20
1024.497
 30
100.634
 41
0.25
 42
0.25
 43
0.25
  0
ATTRIB
  5
215
330
17
100
AcDbEntity
  8
0
100
AcDbText
 10
984.4415
 20
1024.7545
 30
100.634
 40
0.1
  1
58
  7
HANIT_TEXT
 72
1
 11
984.4415
 21
1024.7545
 31
100.634
100
AcDbAttribute
  2
NAME
 70
0
  0
ATTRIB
  5
216
330
17
100
AcDbEntity
  8
0
100
AcDbText
 10
984.474
 20
1023.8470000000001
 30
100.634
 40
0.1
  1
100.63
  7
HANIT_TEXT
 72
1
 11
984.474
 21
1023.8470000000001
 31
100.634
100
AcDbAttribute
  2
HEIGHT
 70
0
  0
ATTRIB
  5
217
330
17
100
AcDbEntity
  8
0
100
AcDbText
 10
984.3415
 20
1023.3470000000001
 30
100.634
 40
0.1
  1
 
  7
HANIT_TEXT
 72
1
 11
984.3415
 21
1023.3470000000001
 31
100.634
100
AcDbAttribute
  2
MARK
 70
0
  0
SEQEND
  5
214
330
213
100
AcDbEntity
  8
TR_PNT
  0
INSERT
  5
218
330
17
100
AcDbEntity
  8
TR_PNT
100
AcDbBlockReference
 66
1
  2
M1502_P
 10
984.484
 20
1024.724
 30
100.644
 41
0.25
 42
0.25
 43
0.25
  0
ATTRIB
  5
21A
330
17
100
AcDbEntity
  8
0
100
AcDbText
 10
984.4515
 20
1024.9814999999999
 30
100.644
 40
0.1
  1
59
  7
HANIT_TEXT
 72
1
 11
984.4515
 21
1024.9814999999999
 31
100.644
100
AcDbAttribute
  2
NAME
 70
0
  0
ATTRIB
  5
21B
330
17
100
AcDbEntity
  8
0
100
AcDbText
 10
984.484
 20
1024.0739999999998
 30
100.644
 40
0.1
  1
100.64
  7
HANIT_TEXT
 72
1
 11
984.484
 21
1024.0739999999998
 31
100.644
100
AcDbAttribute
  2
HEIGHT
 70
0
  0
ATTRIB
  5
21C
330
17
100
AcDbEntity
  8
0
100
AcDbText
 10
984.3515
 20
1023.574
 30
100.644
 40
0.1
  1
 
  7
HANIT_TEXT
 72
1
 11
984.3515
 21
1023.574
 31
100.644
100
AcDbAttribute
  2
MARK
 70
0
  0
SEQEND
  5
219
330
218
100
AcDbEntity
  8
TR_PNT
  0
INSERT
  5
21D
330
17
100
AcDbEntity
  8
TR_PNT
100
AcDbBlockReference
 66
1
  2
M1502_P
 10
982.885
 20
1024.404
 30
100.712
 41
0.25
 42
0.25
 43
0.25
  0
ATTRIB
  5
21F
330
17
100
AcDbEntity
  8
0
100
AcDbText
 10
982.8525
 20
1024.6615
 30
100.712
 40
0.1
  1
60
  7
HANIT_TEXT
 72
1
 11
982.8525
 21
1024.6615
 31
100.712
100
AcDbAttribute
  2
NAME
 70
0
  0
ATTRIB
  5
220
330
17
100
AcDbEntity
  8
0
100
AcDbText
 10
982.885
 20
1023.754
 30
100.712
 40
0.1
  1
100.71
  7
HANIT_TEXT
 72
1
 11
982.885
 21
1023.754
 31
100.712
100
AcDbAttribute
  2
HEIGHT
 70
0
  0
ATTRIB
  5
221
330
17
100
AcDbEntity
  8
0
100
AcDbText
 10
982.7524999999999
 20
1023.254
 30
100.712
 40
0.1
  1
 
  7
HANIT_TEXT
 72
1
 11
982.7524999999999
 21
1023.254
 31
100.712
100
AcDbAttribute
  2
MARK
 70
0
  0
SEQEND
  5
21E
330
21D
100
AcDbEntity
  8
TR_PNT
  0
INSERT
  5
222
330
17
100
AcDbEntity
  8
TR_PNT
100
AcDbBlockReference
 66
1
  2
M1502_P
 10
982.083
 20
1024.34
 30
100.736
 41
0.25
 42
0.25
 43
0.25
  0
ATTRIB
  5
224
330
17
100
AcDbEntity
  8
0
100
AcDbText
 10
982.0504999999999
 20
1024.5974999999999
 30
100.736
 40
0.1
  1
61
  7
HANIT_TEXT
 72
1
 11
982.0504999999999
 21
1024.5974999999999
 31
100.736
100
AcDbAttribute
  2
NAME
 70
0
  0
ATTRIB
  5
225
330
17
100
AcDbEntity
  8
0
100
AcDbText
 10
982.083
 20
1023.6899999999999
 30
100.736
 40
0.1
  1
100.74
  7
HANIT_TEXT
 72
1
 11
982.083
 21
1023.6899999999999
 31
100.736
100
AcDbAttribute
  2
HEIGHT
 70
0
  0
ATTRIB
  5
226
330
17
100
AcDbEntity
  8
0
100
AcDbText
 10
981.9504999999999
 20
1023.1899999999999
 30
100.736
 40
0.1
  1
 
  7
HANIT_TEXT
 72
1
 11
981.9504999999999
 21
1023.1899999999999
 31
100.736
100
AcDbAttribute
  2
MARK
 70
0
  0
SEQEND
  5
223
330
222
100
AcDbEntity
  8
TR_PNT
  0
INSERT
  5
227
330
17
100
AcDbEntity
  8
TR_PNT
100
AcDbBlockReference
 66
1
  2
M1502_P
 10
982.147
 20
1023.519
 30
0.0
 41
0.25
 42
0.25
 43
0.25
  0
ATTRIB
  5
229
330
17
100
AcDbEntity
  8
0
100
AcDbText
 10
982.1145
 20
1023.7765
 30
0.0
 40
0.1
  1
62
  7
HANIT_TEXT
 72
1
 11
982.1145
 21
1023.7765
 31
0.0
100
AcDbAttribute
  2
NAME
 70
0
  0
ATTRIB
  5
22A
330
17
100
AcDbEntity
  8
0
100
AcDbText
 10
982.147
 20
1022.869
 30
0.0
 40
0.1
  1

  7
HANIT_TEXT
 72
1
 11
982.147
 21
1022.869
 31
0.0
100
AcDbAttribute
  2
HEIGHT
 70
0
  0
ATTRIB
  5
22B
330
17
100
AcDbEntity
  8
0
100
AcDbText
 10
982.0145
 20
1022.369
 30
0.0
 40
0.1
  1
 
  7
HANIT_TEXT
 72
1
 11
982.0145
 21
1022.369
 31
0.0
100
AcDbAttribute
  2
MARK
 70
0
  0
SEQEND
  5
228
330
227
100
AcDbEntity
  8
TR_PNT
  0
INSERT
  5
22C
330
17
100
AcDbEntity
  8
TR_PNT
100
AcDbBlockReference
 66
1
  2
M1502_P
 10
973.462
 20
1023.671
 30
100.802
 41
0.25
 42
0.25
 43
0.25
  0
ATTRIB
  5
22E
330
17
100
AcDbEntity
  8
0
100
AcDbText
 10
973.4295
 20
1023.9285000000001
 30
100.802
 40
0.1
  1
64
  7
HANIT_TEXT
 72
1
 11
973.4295
 21
1023.9285000000001
 31
100.802
100
AcDbAttribute
  2
NAME
 70
0
  0
ATTRIB
  5
22F
330
17
100
AcDbEntity
  8
0
100
AcDbText
 10
973.462
 20
1023.0210000000001
 30
100.802
 40
0.1
  1
100.80
  7
HANIT_TEXT
 72
1
 11
973.462
 21
1023.0210000000001
 31
100.802
100
AcDbAttribute
  2
HEIGHT
 70
0
  0
ATTRIB
  5
230
330
17
100
AcDbEntity
  8
0
100
AcDbText
 10
973.3294999999999
 20
1022.5210000000001
 30
100.802
 40
0.1
  1
 
  7
HANIT_TEXT
 72
1
 11
973.3294999999999
 21
1022.5210000000001
 31
100.802
100
AcDbAttribute
  2
MARK
 70
0
  0
SEQEND
  5
22D
330
22C
100
AcDbEntity
  8
TR_PNT
  0
INSERT
  5
231
330
17
100
AcDbEntity
  8
TR_PNT
100
AcDbBlockReference
 66
1
  2
M1502_P
 10
971.713
 20
1023.513
 30
100.817
 41
0.25
 42
0.25
 43
0.25
  0
ATTRIB
  5
233
330
17
100
AcDbEntity
  8
0
100
AcDbText
 10
971.6804999999999
 20
1023.7705000000001
 30
100.817
 40
0.1
  1
65
  7
HANIT_TEXT
 72
1
 11
971.6804999999999
 21
1023.7705000000001
 31
100.817
100
AcDbAttribute
  2
NAME
 70
0
  0
ATTRIB
  5
234
330
17
100
AcDbEntity
  8
0
100
AcDbText
 10
971.713
 20
1022.863
 30
100.817
 40
0.1
  1
100.82
  7
HANIT_TEXT
 72
1
 11
971.713
 21
1022.863
 31
100.817
100
AcDbAttribute
  2
HEIGHT
 70
0
  0
ATTRIB
  5
235
330
17
100
AcDbEntity
  8
0
100
AcDbText
 10
971.5804999999999
 20
1022.363
 30
100.817
 40
0.1
  1
 
  7
HANIT_TEXT
 72
1
 11
971.5804999999999
 21
1022.363
 31
100.817
100
AcDbAttribute
  2
MARK
 70
0
  0
SEQEND
  5
232
330
231
100
AcDbEntity
  8
TR_PNT
  0
INSERT
  5
236
330
17
100
AcDbEntity
  8
TR_PNT
100
AcDbBlockReference
 66
1
  2
M1502_P
 10
964.868
 20
1022.954
 30
100.678
 41
0.25
 42
0.25
 43
0.25
  0
ATTRIB
  5
238
330
17
100
AcDbEntity
  8
0
100
AcDbText
 10
964.8355
 20
1023.2115
 30
100.678
 40
0.1
  1
66
  7
HANIT_TEXT
 72
1
 11
964.8355
 21
1023.2115
 31
100.678
100
AcDbAttribute
  2
NAME
 70
0
  0
ATTRIB
  5
239
330
17
100
AcDbEntity
  8
0
100
AcDbText
 10
964.868
 20
1022.304
 30
100.678
 40
0.1
  1
100.68
  7
HANIT_TEXT
 72
1
 11
964.868
 21
1022.304
 31
100.678
100
AcDbAttribute
  2
HEIGHT
 70
0
  0
ATTRIB
  5
23A
330
17
100
AcDbEntity
  8
0
100
AcDbText
 10
964.7355
 20
1021.804
 30
100.678
 40
0.1
  1
 
  7
HANIT_TEXT
 72
1
 11
964.7355
 21
1021.804
 31
100.678
100
AcDbAttribute
  2
MARK
 70
0
  0
SEQEND
  5
237
330
236
100
AcDbEntity
  8
TR_PNT
  0
INSERT
  5
23B
330
17
100
AcDbEntity
  8
TR_PNT
100
AcDbBlockReference
 66
1
  2
M1502_P
 10
963.617
 20
1024.946
 30
100.714
 41
0.25
 42
0.25
 43
0.25
  0
ATTRIB
  5
23D
330
17
100
AcDbEntity
  8
0
100
AcDbText
 10
963.5844999999999
 20
1025.2034999999998
 30
100.714
 40
0.1
  1
67
  7
HANIT_TEXT
 72
1
 11
963.5844999999999
 21
1025.2034999999998
 31
100.714
100
AcDbAttribute
  2
NAME
 70
0
  0
ATTRIB
  5
23E
330
17
100
AcDbEntity
  8
0
100
AcDbText
 10
963.617
 20
1024.2959999999998
 30
100.714
 40
0.1
  1
100.71
  7
HANIT_TEXT
 72
1
 11
963.617
 21
1024.2959999999998
 31
100.714
100
AcDbAttribute
  2
HEIGHT
 70
0
  0
ATTRIB
  5
23F
330
17
100
AcDbEntity
  8
0
100
AcDbText
 10
963.4844999999999
 20
1023.7959999999999
 30
100.714
 40
0.1
  1
 
  7
HANIT_TEXT
 72
1
 11
963.4844999999999
 21
1023.7959999999999
 31
100.714
100
AcDbAttribute
  2
MARK
 70
0
  0
SEQEND
  5
23C
330
23B
100
AcDbEntity
  8
TR_PNT
  0
INSERT
  5
240
330
17
100
AcDbEntity
  8
TR_PNT
100
AcDbBlockReference
 66
1
  2
M1502_P
 10
976.364
 20
1026.031
 30
100.597
 41
0.25
 42
0.25
 43
0.25
  0
ATTRIB
  5
242
330
17
100
AcDbEntity
  8
0
100
AcDbText
 10
976.3315
 20
1026.2884999999999
 30
100.597
 40
0.1
  1
68
  7
HANIT_TEXT
 72
1
 11
976.3315
 21
1026.2884999999999
 31
100.597
100
AcDbAttribute
  2
NAME
 70
0
  0
ATTRIB
  5
243
330
17
100
AcDbEntity
  8
0
100
AcDbText
 10
976.364
 20
1025.3809999999999
 30
100.597
 40
0.1
  1
100.60
  7
HANIT_TEXT
 72
1
 11
976.364
 21
1025.3809999999999
 31
100.597
100
AcDbAttribute
  2
HEIGHT
 70
0
  0
ATTRIB
  5
244
330
17
100
AcDbEntity
  8
0
100
AcDbText
 10
976.2315
 20
1024.8809999999999
 30
100.597
 40
0.1
  1
 
  7
HANIT_TEXT
 72
1
 11
976.2315
 21
1024.8809999999999
 31
100.597
100
AcDbAttribute
  2
MARK
 70
0
  0
SEQEND
  5
241
330
240
100
AcDbEntity
  8
TR_PNT
  0
INSERT
  5
245
330
17
100
AcDbEntity
  8
TR_PNT
100
AcDbBlockReference
 66
1
  2
M1502_P
 10
991.223
 20
1027.247
 30
100.444
 41
0.25
 42
0.25
 43
0.25
  0
ATTRIB
  5
247
330
17
100
AcDbEntity
  8
0
100
AcDbText
 10
991.1904999999999
 20
1027.5045
 30
100.444
 40
0.1
  1
69
  7
HANIT_TEXT
 72
1
 11
991.1904999999999
 21
1027.5045
 31
100.444
100
AcDbAttribute
  2
NAME
 70
0
  0
ATTRIB
  5
248
330
17
100
AcDbEntity
  8
0
100
AcDbText
 10
991.223
 20
1026.597
 30
100.444
 40
0.1
  1
100.44
  7
HANIT_TEXT
 72
1
 11
991.223
 21
1026.597
 31
100.444
100
AcDbAttribute
  2
HEIGHT
 70
0
  0
ATTRIB
  5
249
330
17
100
AcDbEntity
  8
0
100
AcDbText
 10
991.0904999999999
 20
1026.097
 30
100.444
 40
0.1
  1
 
  7
HANIT_TEXT
 72
1
 11
991.0904999999999
 21
1026.097
 31
100.444
100
AcDbAttribute
  2
MARK
 70
0
  0
SEQEND
  5
246
330
245
100
AcDbEntity
  8
TR_PNT
  0
INSERT
  5
24A
330
17
100
AcDbEntity
  8
TR_PNT
100
AcDbBlockReference
 66
1
  2
M1502_P
 10
1000.559
 20
1028.026
 30
100.389
 41
0.25
 42
0.25
 43
0.25
  0
ATTRIB
  5
24C
330
17
100
AcDbEntity
  8
0
100
AcDbText
 10
1000.5264999999999
 20
1028.2835
 30
100.389
 40
0.1
  1
70
  7
HANIT_TEXT
 72
1
 11
1000.5264999999999
 21
1028.2835
 31
100.389
100
AcDbAttribute
  2
NAME
 70
0
  0
ATTRIB
  5
24D
330
17
100
AcDbEntity
  8
0
100
AcDbText
 10
1000.559
 20
1027.376
 30
100.389
 40
0.1
  1
100.39
  7
HANIT_TEXT
 72
1
 11
1000.559
 21
1027.376
 31
100.389
100
AcDbAttribute
  2
HEIGHT
 70
0
  0
ATTRIB
  5
24E
330
17
100
AcDbEntity
  8
0
100
AcDbText
 10
1000.4264999999999
 20
1026.876
 30
100.389
 40
0.1
  1
 
  7
HANIT_TEXT
 72
1
 11
1000.4264999999999
 21
1026.876
 31
100.389
100
AcDbAttribute
  2
MARK
 70
0
  0
SEQEND
  5
24B
330
24A
100
AcDbEntity
  8
TR_PNT
  0
INSERT
  5
24F
330
17
100
AcDbEntity
  8
TR_PNT
100
AcDbBlockReference
 66
1
  2
M1502_P
 10
999.218
 20
1032.867
 30
100.38
 41
0.25
 42
0.25
 43
0.25
  0
ATTRIB
  5
251
330
17
100
AcDbEntity
  8
0
100
AcDbText
 10
999.1854999999999
 20
1033.1245
 30
100.38
 40
0.1
  1
71
  7
HANIT_TEXT
 72
1
 11
999.1854999999999
 21
1033.1245
 31
100.38
100
AcDbAttribute
  2
NAME
 70
0
  0
ATTRIB
  5
252
330
17
100
AcDbEntity
  8
0
100
AcDbText
 10
999.218
 20
1032.2169999999999
 30
100.38
 40
0.1
  1
100.38
  7
HANIT_TEXT
 72
1
 11
999.218
 21
1032.2169999999999
 31
100.38
100
AcDbAttribute
  2
HEIGHT
 70
0
  0
ATTRIB
  5
253
330
17
100
AcDbEntity
  8
0
100
AcDbText
 10
999.0854999999999
 20
1031.7169999999999
 30
100.38
 40
0.1
  1
 
  7
HANIT_TEXT
 72
1
 11
999.0854999999999
 21
1031.7169999999999
 31
100.38
100
AcDbAttribute
  2
MARK
 70
0
  0
SEQEND
  5
250
330
24F
100
AcDbEntity
  8
TR_PNT
  0
INSERT
  5
254
330
17
100
AcDbEntity
  8
TR_PNT
100
AcDbBlockReference
 66
1
  2
M1502_P
 10
975.973
 20
1036.943
 30
100.481
 41
0.25
 42
0.25
 43
0.25
  0
ATTRIB
  5
256
330
17
100
AcDbEntity
  8
0
100
AcDbText
 10
975.9404999999999
 20
1037.2005
 30
100.481
 40
0.1
  1
72
  7
HANIT_TEXT
 72
1
 11
975.9404999999999
 21
1037.2005
 31
100.481
100
AcDbAttribute
  2
NAME
 70
0
  0
ATTRIB
  5
257
330
17
100
AcDbEntity
  8
0
100
AcDbText
 10
975.973
 20
1036.293
 30
100.481
 40
0.1
  1
100.48
  7
HANIT_TEXT
 72
1
 11
975.973
 21
1036.293
 31
100.481
100
AcDbAttribute
  2
HEIGHT
 70
0
  0
ATTRIB
  5
258
330
17
100
AcDbEntity
  8
0
100
AcDbText
 10
975.8404999999999
 20
1035.793
 30
100.481
 40
0.1
  1
 
  7
HANIT_TEXT
 72
1
 11
975.8404999999999
 21
1035.793
 31
100.481
100
AcDbAttribute
  2
MARK
 70
0
  0
SEQEND
  5
255
330
254
100
AcDbEntity
  8
TR_PNT
  0
INSERT
  5
259
330
17
100
AcDbEntity
  8
TR_PNT
100
AcDbBlockReference
 66
1
  2
M1502_P
 10
966.202
 20
1041.133
 30
100.517
 41
0.25
 42
0.25
 43
0.25
  0
ATTRIB
  5
25B
330
17
100
AcDbEntity
  8
0
100
AcDbText
 10
966.1695
 20
1041.3905
 30
100.517
 40
0.1
  1
73
  7
HANIT_TEXT
 72
1
 11
966.1695
 21
1041.3905
 31
100.517
100
AcDbAttribute
  2
NAME
 70
0
  0
ATTRIB
  5
25C
330
17
100
AcDbEntity
  8
0
100
AcDbText
 10
966.202
 20
1040.483
 30
100.517
 40
0.1
  1
100.52
  7
HANIT_TEXT
 72
1
 11
966.202
 21
1040.483
 31
100.517
100
AcDbAttribute
  2
HEIGHT
 70
0
  0
ATTRIB
  5
25D
330
17
100
AcDbEntity
  8
0
100
AcDbText
 10
966.0695
 20
1039.983
 30
100.517
 40
0.1
  1
 
  7
HANIT_TEXT
 72
1
 11
966.0695
 21
1039.983
 31
100.517
100
AcDbAttribute
  2
MARK
 70
0
  0
SEQEND
  5
25A
330
259
100
AcDbEntity
  8
TR_PNT
  0
INSERT
  5
25E
330
17
100
AcDbEntity
  8
TR_PNT
100
AcDbBlockReference
 66
1
  2
M1502_P
 10
964.328
 20
1042.911
 30
0.0
 41
0.25
 42
0.25
 43
0.25
  0
ATTRIB
  5
260
330
17
100
AcDbEntity
  8
0
100
AcDbText
 10
964.2955
 20
1043.1685
 30
0.0
 40
0.1
  1
74
  7
HANIT_TEXT
 72
1
 11
964.2955
 21
1043.1685
 31
0.0
100
AcDbAttribute
  2
NAME
 70
0
  0
ATTRIB
  5
261
330
17
100
AcDbEntity
  8
0
100
AcDbText
 10
964.328
 20
1042.261
 30
0.0
 40
0.1
  1

  7
HANIT_TEXT
 72
1
 11
964.328
 21
1042.261
 31
0.0
100
AcDbAttribute
  2
HEIGHT
 70
0
  0
ATTRIB
  5
262
330
17
100
AcDbEntity
  8
0
100
AcDbText
 10
964.1954999999999
 20
1041.761
 30
0.0
 40
0.1
  1
 
  7
HANIT_TEXT
 72
1
 11
964.1954999999999
 21
1041.761
 31
0.0
100
AcDbAttribute
  2
MARK
 70
0
  0
SEQEND
  5
25F
330
25E
100
AcDbEntity
  8
TR_PNT
  0
INSERT
  5
263
330
17
100
AcDbEntity
  8
TR_PNT
100
AcDbBlockReference
 66
1
  2
M1502_P
 10
968.804
 20
1043.356
 30
0.0
 41
0.25
 42
0.25
 43
0.25
  0
ATTRIB
  5
265
330
17
100
AcDbEntity
  8
0
100
AcDbText
 10
968.7715
 20
1043.6135
 30
0.0
 40
0.1
  1
75
  7
HANIT_TEXT
 72
1
 11
968.7715
 21
1043.6135
 31
0.0
100
AcDbAttribute
  2
NAME
 70
0
  0
ATTRIB
  5
266
330
17
100
AcDbEntity
  8
0
100
AcDbText
 10
968.804
 20
1042.706
 30
0.0
 40
0.1
  1

  7
HANIT_TEXT
 72
1
 11
968.804
 21
1042.706
 31
0.0
100
AcDbAttribute
  2
HEIGHT
 70
0
  0
ATTRIB
  5
267
330
17
100
AcDbEntity
  8
0
100
AcDbText
 10
968.6714999999999
 20
1042.206
 30
0.0
 40
0.1
  1
 
  7
HANIT_TEXT
 72
1
 11
968.6714999999999
 21
1042.206
 31
0.0
100
AcDbAttribute
  2
MARK
 70
0
  0
SEQEND
  5
264
330
263
100
AcDbEntity
  8
TR_PNT
  0
INSERT
  5
268
330
17
100
AcDbEntity
  8
TR_PNT
100
AcDbBlockReference
 66
1
  2
M1502_P
 10
971.021
 20
1043.608
 30
100.77
 41
0.25
 42
0.25
 43
0.25
  0
ATTRIB
  5
26A
330
17
100
AcDbEntity
  8
0
100
AcDbText
 10
970.9884999999999
 20
1043.8654999999999
 30
100.77
 40
0.1
  1
75X
  7
HANIT_TEXT
 72
1
 11
970.9884999999999
 21
1043.8654999999999
 31
100.77
100
AcDbAttribute
  2
NAME
 70
0
  0
ATTRIB
  5
26B
330
17
100
AcDbEntity
  8
0
100
AcDbText
 10
971.021
 20
1042.9579999999999
 30
100.77
 40
0.1
  1
100.77
  7
HANIT_TEXT
 72
1
 11
971.021
 21
1042.9579999999999
 31
100.77
100
AcDbAttribute
  2
HEIGHT
 70
0
  0
ATTRIB
  5
26C
330
17
100
AcDbEntity
  8
0
100
AcDbText
 10
970.8884999999999
 20
1042.4579999999999
 30
100.77
 40
0.1
  1
 
  7
HANIT_TEXT
 72
1
 11
970.8884999999999
 21
1042.4579999999999
 31
100.77
100
AcDbAttribute
  2
MARK
 70
0
  0
SEQEND
  5
269
330
268
100
AcDbEntity
  8
TR_PNT
  0
INSERT
  5
26D
330
17
100
AcDbEntity
  8
TR_PNT
100
AcDbBlockReference
 66
1
  2
M1502_P
 10
972.382
 20
1043.754
 30
100.764
 41
0.25
 42
0.25
 43
0.25
  0
ATTRIB
  5
26F
330
17
100
AcDbEntity
  8
0
100
AcDbText
 10
972.3494999999999
 20
1044.0114999999998
 30
100.764
 40
0.1
  1
76
  7
HANIT_TEXT
 72
1
 11
972.3494999999999
 21
1044.0114999999998
 31
100.764
100
AcDbAttribute
  2
NAME
 70
0
  0
ATTRIB
  5
270
330
17
100
AcDbEntity
  8
0
100
AcDbText
 10
972.382
 20
1043.1039999999998
 30
100.764
 40
0.1
  1
100.76
  7
HANIT_TEXT
 72
1
 11
972.382
 21
1043.1039999999998
 31
100.764
100
AcDbAttribute
  2
HEIGHT
 70
0
  0
ATTRIB
  5
271
330
17
100
AcDbEntity
  8
0
100
AcDbText
 10
972.2494999999999
 20
1042.6039999999998
 30
100.764
 40
0.1
  1
 
  7
HANIT_TEXT
 72
1
 11
972.2494999999999
 21
1042.6039999999998
 31
100.764
100
AcDbAttribute
  2
MARK
 70
0
  0
SEQEND
  5
26E
330
26D
100
AcDbEntity
  8
TR_PNT
  0
INSERT
  5
272
330
17
100
AcDbEntity
  8
TR_PNT
100
AcDbBlockReference
 66
1
  2
M1502_P
 10
975.217
 20
1044.032
 30
100.775
 41
0.25
 42
0.25
 43
0.25
  0
ATTRIB
  5
274
330
17
100
AcDbEntity
  8
0
100
AcDbText
 10
975.1845
 20
1044.2894999999999
 30
100.775
 40
0.1
  1
77
  7
HANIT_TEXT
 72
1
 11
975.1845
 21
1044.2894999999999
 31
100.775
100
AcDbAttribute
  2
NAME
 70
0
  0
ATTRIB
  5
275
330
17
100
AcDbEntity
  8
0
100
AcDbText
 10
975.217
 20
1043.3819999999998
 30
100.775
 40
0.1
  1
100.78
  7
HANIT_TEXT
 72
1
 11
975.217
 21
1043.3819999999998
 31
100.775
100
AcDbAttribute
  2
HEIGHT
 70
0
  0
ATTRIB
  5
276
330
17
100
AcDbEntity
  8
0
100
AcDbText
 10
975.0844999999999
 20
1042.8819999999998
 30
100.775
 40
0.1
  1
 
  7
HANIT_TEXT
 72
1
 11
975.0844999999999
 21
1042.8819999999998
 31
100.775
100
AcDbAttribute
  2
MARK
 70
0
  0
SEQEND
  5
273
330
272
100
AcDbEntity
  8
TR_PNT
  0
INSERT
  5
277
330
17
100
AcDbEntity
  8
TR_PNT
100
AcDbBlockReference
 66
1
  2
M1502_P
 10
976.788
 20
1049.263
 30
0.0
 41
0.25
 42
0.25
 43
0.25
  0
ATTRIB
  5
279
330
17
100
AcDbEntity
  8
0
100
AcDbText
 10
976.7555
 20
1049.5204999999999
 30
0.0
 40
0.1
  1
78
  7
HANIT_TEXT
 72
1
 11
976.7555
 21
1049.5204999999999
 31
0.0
100
AcDbAttribute
  2
NAME
 70
0
  0
ATTRIB
  5
27A
330
17
100
AcDbEntity
  8
0
100
AcDbText
 10
976.788
 20
1048.6129999999998
 30
0.0
 40
0.1
  1

  7
HANIT_TEXT
 72
1
 11
976.788
 21
1048.6129999999998
 31
0.0
100
AcDbAttribute
  2
HEIGHT
 70
0
  0
ATTRIB
  5
27B
330
17
100
AcDbEntity
  8
0
100
AcDbText
 10
976.6555
 20
1048.1129999999998
 30
0.0
 40
0.1
  1
 
  7
HANIT_TEXT
 72
1
 11
976.6555
 21
1048.1129999999998
 31
0.0
100
AcDbAttribute
  2
MARK
 70
0
  0
SEQEND
  5
278
330
277
100
AcDbEntity
  8
TR_PNT
  0
INSERT
  5
27C
330
17
100
AcDbEntity
  8
TR_PNT
100
AcDbBlockReference
 66
1
  2
M1502_P
 10
981.24
 20
1044.545
 30
100.649
 41
0.25
 42
0.25
 43
0.25
  0
ATTRIB
  5
27E
330
17
100
AcDbEntity
  8
0
100
AcDbText
 10
981.2075
 20
1044.8025
 30
100.649
 40
0.1
  1
79
  7
HANIT_TEXT
 72
1
 11
981.2075
 21
1044.8025
 31
100.649
100
AcDbAttribute
  2
NAME
 70
0
  0
ATTRIB
  5
27F
330
17
100
AcDbEntity
  8
0
100
AcDbText
 10
981.24
 20
1043.895
 30
100.649
 40
0.1
  1
100.65
  7
HANIT_TEXT
 72
1
 11
981.24
 21
1043.895
 31
100.649
100
AcDbAttribute
  2
HEIGHT
 70
0
  0
ATTRIB
  5
280
330
17
100
AcDbEntity
  8
0
100
AcDbText
 10
981.1075
 20
1043.395
 30
100.649
 40
0.1
  1
 
  7
HANIT_TEXT
 72
1
 11
981.1075
 21
1043.395
 31
100.649
100
AcDbAttribute
  2
MARK
 70
0
  0
SEQEND
  5
27D
330
27C
100
AcDbEntity
  8
TR_PNT
  0
INSERT
  5
281
330
17
100
AcDbEntity
  8
TR_PNT
100
AcDbBlockReference
 66
1
  2
M1502_P
 10
989.023
 20
1045.182
 30
0.0
 41
0.25
 42
0.25
 43
0.25
  0
ATTRIB
  5
283
330
17
100
AcDbEntity
  8
0
100
AcDbText
 10
988.9905
 20
1045.4395
 30
0.0
 40
0.1
  1
80
  7
HANIT_TEXT
 72
1
 11
988.9905
 21
1045.4395
 31
0.0
100
AcDbAttribute
  2
NAME
 70
0
  0
ATTRIB
  5
284
330
17
100
AcDbEntity
  8
0
100
AcDbText
 10
989.023
 20
1044.532
 30
0.0
 40
0.1
  1

  7
HANIT_TEXT
 72
1
 11
989.023
 21
1044.532
 31
0.0
100
AcDbAttribute
  2
HEIGHT
 70
0
  0
ATTRIB
  5
285
330
17
100
AcDbEntity
  8
0
100
AcDbText
 10
988.8905
 20
1044.032
 30
0.0
 40
0.1
  1
 
  7
HANIT_TEXT
 72
1
 11
988.8905
 21
1044.032
 31
0.0
100
AcDbAttribute
  2
MARK
 70
0
  0
SEQEND
  5
282
330
281
100
AcDbEntity
  8
TR_PNT
  0
INSERT
  5
286
330
17
100
AcDbEntity
  8
TR_PNT
100
AcDbBlockReference
 66
1
  2
M1502_P
 10
991.631
 20
1045.396
 30
0.0
 41
0.25
 42
0.25
 43
0.25
  0
ATTRIB
  5
288
330
17
100
AcDbEntity
  8
0
100
AcDbText
 10
991.5985
 20
1045.6535
 30
0.0
 40
0.1
  1
81
  7
HANIT_TEXT
 72
1
 11
991.5985
 21
1045.6535
 31
0.0
100
AcDbAttribute
  2
NAME
 70
0
  0
ATTRIB
  5
289
330
17
100
AcDbEntity
  8
0
100
AcDbText
 10
991.631
 20
1044.7459999999999
 30
0.0
 40
0.1
  1

  7
HANIT_TEXT
 72
1
 11
991.631
 21
1044.7459999999999
 31
0.0
100
AcDbAttribute
  2
HEIGHT
 70
0
  0
ATTRIB
  5
28A
330
17
100
AcDbEntity
  8
0
100
AcDbText
 10
991.4984999999999
 20
1044.2459999999999
 30
0.0
 40
0.1
  1
 
  7
HANIT_TEXT
 72
1
 11
991.4984999999999
 21
1044.2459999999999
 31
0.0
100
AcDbAttribute
  2
MARK
 70
0
  0
SEQEND
  5
287
330
286
100
AcDbEntity
  8
TR_PNT
  0
INSERT
  5
28B
330
17
100
AcDbEntity
  8
TR_PNT
100
AcDbBlockReference
 66
1
  2
M1502_P
 10
999.674
 20
1046.036
 30
100.539
 41
0.25
 42
0.25
 43
0.25
  0
ATTRIB
  5
28D
330
17
100
AcDbEntity
  8
0
100
AcDbText
 10
999.6415
 20
1046.2935
 30
100.539
 40
0.1
  1
82
  7
HANIT_TEXT
 72
1
 11
999.6415
 21
1046.2935
 31
100.539
100
AcDbAttribute
  2
NAME
 70
0
  0
ATTRIB
  5
28E
330
17
100
AcDbEntity
  8
0
100
AcDbText
 10
999.674
 20
1045.386
 30
100.539
 40
0.1
  1
100.54
  7
HANIT_TEXT
 72
1
 11
999.674
 21
1045.386
 31
100.539
100
AcDbAttribute
  2
HEIGHT
 70
0
  0
ATTRIB
  5
28F
330
17
100
AcDbEntity
  8
0
100
AcDbText
 10
999.5414999999999
 20
1044.886
 30
100.539
 40
0.1
  1
 
  7
HANIT_TEXT
 72
1
 11
999.5414999999999
 21
1044.886
 31
100.539
100
AcDbAttribute
  2
MARK
 70
0
  0
SEQEND
  5
28C
330
28B
100
AcDbEntity
  8
TR_PNT
  0
INSERT
  5
290
330
17
100
AcDbEntity
  8
TR_PNT
100
AcDbBlockReference
 66
1
  2
M1502_P
 10
997.775
 20
1043.808
 30
100.386
 41
0.25
 42
0.25
 43
0.25
  0
ATTRIB
  5
292
330
17
100
AcDbEntity
  8
0
100
AcDbText
 10
997.7425
 20
1044.0655
 30
100.386
 40
0.1
  1
83
  7
HANIT_TEXT
 72
1
 11
997.7425
 21
1044.0655
 31
100.386
100
AcDbAttribute
  2
NAME
 70
0
  0
ATTRIB
  5
293
330
17
100
AcDbEntity
  8
0
100
AcDbText
 10
997.775
 20
1043.158
 30
100.386
 40
0.1
  1
100.39
  7
HANIT_TEXT
 72
1
 11
997.775
 21
1043.158
 31
100.386
100
AcDbAttribute
  2
HEIGHT
 70
0
  0
ATTRIB
  5
294
330
17
100
AcDbEntity
  8
0
100
AcDbText
 10
997.6424999999999
 20
1042.658
 30
100.386
 40
0.1
  1
 
  7
HANIT_TEXT
 72
1
 11
997.6424999999999
 21
1042.658
 31
100.386
100
AcDbAttribute
  2
MARK
 70
0
  0
SEQEND
  5
291
330
290
100
AcDbEntity
  8
TR_PNT
  0
INSERT
  5
295
330
17
100
AcDbEntity
  8
TR_PNT
100
AcDbBlockReference
 66
1
  2
M1502_P
 10
982.738
 20
1042.536
 30
100.459
 41
0.25
 42
0.25
 43
0.25
  0
ATTRIB
  5
297
330
17
100
AcDbEntity
  8
0
100
AcDbText
 10
982.7055
 20
1042.7935
 30
100.459
 40
0.1
  1
84
  7
HANIT_TEXT
 72
1
 11
982.7055
 21
1042.7935
 31
100.459
100
AcDbAttribute
  2
NAME
 70
0
  0
ATTRIB
  5
298
330
17
100
AcDbEntity
  8
0
100
AcDbText
 10
982.738
 20
1041.886
 30
100.459
 40
0.1
  1
100.46
  7
HANIT_TEXT
 72
1
 11
982.738
 21
1041.886
 31
100.459
100
AcDbAttribute
  2
HEIGHT
 70
0
  0
ATTRIB
  5
299
330
17
100
AcDbEntity
  8
0
100
AcDbText
 10
982.6055
 20
1041.386
 30
100.459
 40
0.1
  1
 
  7
HANIT_TEXT
 72
1
 11
982.6055
 21
1041.386
 31
100.459
100
AcDbAttribute
  2
MARK
 70
0
  0
SEQEND
  5
296
330
295
100
AcDbEntity
  8
TR_PNT
  0
INSERT
  5
29A
330
17
100
AcDbEntity
  8
TR_PNT
100
AcDbBlockReference
 66
1
  2
M1502_P
 10
999.822
 20
1051.612
 30
0.0
 41
0.25
 42
0.25
 43
0.25
  0
ATTRIB
  5
29C
330
17
100
AcDbEntity
  8
0
100
AcDbText
 10
999.7895
 20
1051.8695
 30
0.0
 40
0.1
  1
85
  7
HANIT_TEXT
 72
1
 11
999.7895
 21
1051.8695
 31
0.0
100
AcDbAttribute
  2
NAME
 70
0
  0
ATTRIB
  5
29D
330
17
100
AcDbEntity
  8
0
100
AcDbText
 10
999.822
 20
1050.962
 30
0.0
 40
0.1
  1

  7
HANIT_TEXT
 72
1
 11
999.822
 21
1050.962
 31
0.0
100
AcDbAttribute
  2
HEIGHT
 70
0
  0
ATTRIB
  5
29E
330
17
100
AcDbEntity
  8
0
100
AcDbText
 10
999.6895
 20
1050.462
 30
0.0
 40
0.1
  1
 
  7
HANIT_TEXT
 72
1
 11
999.6895
 21
1050.462
 31
0.0
100
AcDbAttribute
  2
MARK
 70
0
  0
SEQEND
  5
29B
330
29A
100
AcDbEntity
  8
TR_PNT
  0
INSERT
  5
29F
330
17
100
AcDbEntity
  8
TR_PNT
100
AcDbBlockReference
 66
1
  2
M1502_P
 10
998.949
 20
1050.921
 30
0.0
 41
0.25
 42
0.25
 43
0.25
  0
ATTRIB
  5
2A1
330
17
100
AcDbEntity
  8
0
100
AcDbText
 10
998.9164999999999
 20
1051.1785
 30
0.0
 40
0.1
  1
86
  7
HANIT_TEXT
 72
1
 11
998.9164999999999
 21
1051.1785
 31
0.0
100
AcDbAttribute
  2
NAME
 70
0
  0
ATTRIB
  5
2A2
330
17
100
AcDbEntity
  8
0
100
AcDbText
 10
998.949
 20
1050.271
 30
0.0
 40
0.1
  1

  7
HANIT_TEXT
 72
1
 11
998.949
 21
1050.271
 31
0.0
100
AcDbAttribute
  2
HEIGHT
 70
0
  0
ATTRIB
  5
2A3
330
17
100
AcDbEntity
  8
0
100
AcDbText
 10
998.8164999999999
 20
1049.771
 30
0.0
 40
0.1
  1
 
  7
HANIT_TEXT
 72
1
 11
998.8164999999999
 21
1049.771
 31
0.0
100
AcDbAttribute
  2
MARK
 70
0
  0
SEQEND
  5
2A0
330
29F
100
AcDbEntity
  8
TR_PNT
  0
INSERT
  5
2A4
330
17
100
AcDbEntity
  8
TR_PNT
100
AcDbBlockReference
 66
1
  2
M1502_P
 10
993.122
 20
1048.907
 30
0.0
 41
0.25
 42
0.25
 43
0.25
  0
ATTRIB
  5
2A6
330
17
100
AcDbEntity
  8
0
100
AcDbText
 10
993.0894999999999
 20
1049.1644999999999
 30
0.0
 40
0.1
  1
87
  7
HANIT_TEXT
 72
1
 11
993.0894999999999
 21
1049.1644999999999
 31
0.0
100
AcDbAttribute
  2
NAME
 70
0
  0
ATTRIB
  5
2A7
330
17
100
AcDbEntity
  8
0
100
AcDbText
 10
993.122
 20
1048.2569999999998
 30
0.0
 40
0.1
  1

  7
HANIT_TEXT
 72
1
 11
993.122
 21
1048.2569999999998
 31
0.0
100
AcDbAttribute
  2
HEIGHT
 70
0
  0
ATTRIB
  5
2A8
330
17
100
AcDbEntity
  8
0
100
AcDbText
 10
992.9894999999999
 20
1047.7569999999998
 30
0.0
 40
0.1
  1
 
  7
HANIT_TEXT
 72
1
 11
992.9894999999999
 21
1047.7569999999998
 31
0.0
100
AcDbAttribute
  2
MARK
 70
0
  0
SEQEND
  5
2A5
330
2A4
100
AcDbEntity
  8
TR_PNT
  0
INSERT
  5
2A9
330
17
100
AcDbEntity
  8
TR_PNT
100
AcDbBlockReference
 66
1
  2
M1502_P
 10
979.849
 20
1049.943
 30
0.0
 41
0.25
 42
0.25
 43
0.25
  0
ATTRIB
  5
2AB
330
17
100
AcDbEntity
  8
0
100
AcDbText
 10
979.8165
 20
1050.2005
 30
0.0
 40
0.1
  1
88
  7
HANIT_TEXT
 72
1
 11
979.8165
 21
1050.2005
 31
0.0
100
AcDbAttribute
  2
NAME
 70
0
  0
ATTRIB
  5
2AC
330
17
100
AcDbEntity
  8
0
100
AcDbText
 10
979.849
 20
1049.293
 30
0.0
 40
0.1
  1

  7
HANIT_TEXT
 72
1
 11
979.849
 21
1049.293
 31
0.0
100
AcDbAttribute
  2
HEIGHT
 70
0
  0
ATTRIB
  5
2AD
330
17
100
AcDbEntity
  8
0
100
AcDbText
 10
979.7165
 20
1048.793
 30
0.0
 40
0.1
  1
 
  7
HANIT_TEXT
 72
1
 11
979.7165
 21
1048.793
 31
0.0
100
AcDbAttribute
  2
MARK
 70
0
  0
SEQEND
  5
2AA
330
2A9
100
AcDbEntity
  8
TR_PNT
  0
INSERT
  5
2AE
330
17
100
AcDbEntity
  8
TR_PNT
100
AcDbBlockReference
 66
1
  2
M1502_P
 10
980.056
 20
1047.849
 30
0.0
 41
0.25
 42
0.25
 43
0.25
  0
ATTRIB
  5
2B0
330
17
100
AcDbEntity
  8
0
100
AcDbText
 10
980.0235
 20
1048.1064999999999
 30
0.0
 40
0.1
  1
89
  7
HANIT_TEXT
 72
1
 11
980.0235
 21
1048.1064999999999
 31
0.0
100
AcDbAttribute
  2
NAME
 70
0
  0
ATTRIB
  5
2B1
330
17
100
AcDbEntity
  8
0
100
AcDbText
 10
980.056
 20
1047.1989999999998
 30
0.0
 40
0.1
  1

  7
HANIT_TEXT
 72
1
 11
980.056
 21
1047.1989999999998
 31
0.0
100
AcDbAttribute
  2
HEIGHT
 70
0
  0
ATTRIB
  5
2B2
330
17
100
AcDbEntity
  8
0
100
AcDbText
 10
979.9235
 20
1046.6989999999998
 30
0.0
 40
0.1
  1
 
  7
HANIT_TEXT
 72
1
 11
979.9235
 21
1046.6989999999998
 31
0.0
100
AcDbAttribute
  2
MARK
 70
0
  0
SEQEND
  5
2AF
330
2AE
100
AcDbEntity
  8
TR_PNT
  0
INSERT
  5
2B3
330
17
100
AcDbEntity
  8
TR_PNT
100
AcDbBlockReference
 66
1
  2
M1502_P
 10
984.525
 20
1052.276
 30
114.144
 41
0.25
 42
0.25
 43
0.25
  0
ATTRIB
  5
2B5
330
17
100
AcDbEntity
  8
0
100
AcDbText
 10
984.4925
 20
1052.5335
 30
114.144
 40
0.1
  1
90
  7
HANIT_TEXT
 72
1
 11
984.4925
 21
1052.5335
 31
114.144
100
AcDbAttribute
  2
NAME
 70
0
  0
ATTRIB
  5
2B6
330
17
100
AcDbEntity
  8
0
100
AcDbText
 10
984.525
 20
1051.626
 30
114.144
 40
0.1
  1
114.14
  7
HANIT_TEXT
 72
1
 11
984.525
 21
1051.626
 31
114.144
100
AcDbAttribute
  2
HEIGHT
 70
0
  0
ATTRIB
  5
2B7
330
17
100
AcDbEntity
  8
0
100
AcDbText
 10
984.3924999999999
 20
1051.126
 30
114.144
 40
0.1
  1
 
  7
HANIT_TEXT
 72
1
 11
984.3924999999999
 21
1051.126
 31
114.144
100
AcDbAttribute
  2
MARK
 70
0
  0
SEQEND
  5
2B4
330
2B3
100
AcDbEntity
  8
TR_PNT
  0
INSERT
  5
2B8
330
17
100
AcDbEntity
  8
TR_PNT
100
AcDbBlockReference
 66
1
  2
M1502_P
 10
978.581
 20
1031.088
 30
100.585
 41
0.25
 42
0.25
 43
0.25
  0
ATTRIB
  5
2BA
330
17
100
AcDbEntity
  8
0
100
AcDbText
 10
978.5485
 20
1031.3455
 30
100.585
 40
0.1
  1
91
  7
HANIT_TEXT
 72
1
 11
978.5485
 21
1031.3455
 31
100.585
100
AcDbAttribute
  2
NAME
 70
0
  0
ATTRIB
  5
2BB
330
17
100
AcDbEntity
  8
0
100
AcDbText
 10
978.581
 20
1030.4379999999999
 30
100.585
 40
0.1
  1
100.58
  7
HANIT_TEXT
 72
1
 11
978.581
 21
1030.4379999999999
 31
100.585
100
AcDbAttribute
  2
HEIGHT
 70
0
  0
ATTRIB
  5
2BC
330
17
100
AcDbEntity
  8
0
100
AcDbText
 10
978.4485
 20
1029.9379999999999
 30
100.585
 40
0.1
  1
 
  7
HANIT_TEXT
 72
1
 11
978.4485
 21
1029.9379999999999
 31
100.585
100
AcDbAttribute
  2
MARK
 70
0
  0
SEQEND
  5
2B9
330
2B8
100
AcDbEntity
  8
TR_PNT
  0
INSERT
  5
2BD
330
17
100
AcDbEntity
  8
TR_PNT
100
AcDbBlockReference
 66
1
  2
M1502_P
 10
976.533
 20
1030.915
 30
100.622
 41
0.25
 42
0.25
 43
0.25
  0
ATTRIB
  5
2BF
330
17
100
AcDbEntity
  8
0
100
AcDbText
 10
976.5005
 20
1031.1725
 30
100.622
 40
0.1
  1
92
  7
HANIT_TEXT
 72
1
 11
976.5005
 21
1031.1725
 31
100.622
100
AcDbAttribute
  2
NAME
 70
0
  0
ATTRIB
  5
2C0
330
17
100
AcDbEntity
  8
0
100
AcDbText
 10
976.533
 20
1030.2649999999999
 30
100.622
 40
0.1
  1
100.62
  7
HANIT_TEXT
 72
1
 11
976.533
 21
1030.2649999999999
 31
100.622
100
AcDbAttribute
  2
HEIGHT
 70
0
  0
ATTRIB
  5
2C1
330
17
100
AcDbEntity
  8
0
100
AcDbText
 10
976.4005
 20
1029.7649999999999
 30
100.622
 40
0.1
  1
 
  7
HANIT_TEXT
 72
1
 11
976.4005
 21
1029.7649999999999
 31
100.622
100
AcDbAttribute
  2
MARK
 70
0
  0
SEQEND
  5
2BE
330
2BD
100
AcDbEntity
  8
TR_PNT
  0
INSERT
  5
2C2
330
17
100
AcDbEntity
  8
TR_PNT
100
AcDbBlockReference
 66
1
  2
M1502_P
 10
972.919
 20
1030.656
 30
100.604
 41
0.25
 42
0.25
 43
0.25
  0
ATTRIB
  5
2C4
330
17
100
AcDbEntity
  8
0
100
AcDbText
 10
972.8865
 20
1030.9134999999999
 30
100.604
 40
0.1
  1
93
  7
HANIT_TEXT
 72
1
 11
972.8865
 21
1030.9134999999999
 31
100.604
100
AcDbAttribute
  2
NAME
 70
0
  0
ATTRIB
  5
2C5
330
17
100
AcDbEntity
  8
0
100
AcDbText
 10
972.919
 20
1030.0059999999999
 30
100.604
 40
0.1
  1
100.60
  7
HANIT_TEXT
 72
1
 11
972.919
 21
1030.0059999999999
 31
100.604
100
AcDbAttribute
  2
HEIGHT
 70
0
  0
ATTRIB
  5
2C6
330
17
100
AcDbEntity
  8
0
100
AcDbText
 10
972.7864999999999
 20
1029.5059999999999
 30
100.604
 40
0.1
  1
 
  7
HANIT_TEXT
 72
1
 11
972.7864999999999
 21
1029.5059999999999
 31
100.604
100
AcDbAttribute
  2
MARK
 70
0
  0
SEQEND
  5
2C3
330
2C2
100
AcDbEntity
  8
TR_PNT
  0
INSERT
  5
2C7
330
17
100
AcDbEntity
  8
TR_PNT
100
AcDbBlockReference
 66
1
  2
M1502_P
 10
965.421
 20
1029.968
 30
100.697
 41
0.25
 42
0.25
 43
0.25
  0
ATTRIB
  5
2C9
330
17
100
AcDbEntity
  8
0
100
AcDbText
 10
965.3885
 20
1030.2255
 30
100.697
 40
0.1
  1
94
  7
HANIT_TEXT
 72
1
 11
965.3885
 21
1030.2255
 31
100.697
100
AcDbAttribute
  2
NAME
 70
0
  0
ATTRIB
  5
2CA
330
17
100
AcDbEntity
  8
0
100
AcDbText
 10
965.421
 20
1029.318
 30
100.697
 40
0.1
  1
100.70
  7
HANIT_TEXT
 72
1
 11
965.421
 21
1029.318
 31
100.697
100
AcDbAttribute
  2
HEIGHT
 70
0
  0
ATTRIB
  5
2CB
330
17
100
AcDbEntity
  8
0
100
AcDbText
 10
965.2885
 20
1028.818
 30
100.697
 40
0.1
  1
 
  7
HANIT_TEXT
 72
1
 11
965.2885
 21
1028.818
 31
100.697
100
AcDbAttribute
  2
MARK
 70
0
  0
SEQEND
  5
2C8
330
2C7
100
AcDbEntity
  8
TR_PNT
  0
INSERT
  5
2CC
330
17
100
AcDbEntity
  8
TR_PNT
100
AcDbBlockReference
 66
1
  2
M1502_P
 10
1002.781
 20
1046.251
 30
100.436
 41
0.25
 42
0.25
 43
0.25
  0
ATTRIB
  5
2CE
330
17
100
AcDbEntity
  8
0
100
AcDbText
 10
1002.7484999999999
 20
1046.5085
 30
100.436
 40
0.1
  1
109
  7
HANIT_TEXT
 72
1
 11
1002.7484999999999
 21
1046.5085
 31
100.436
100
AcDbAttribute
  2
NAME
 70
0
  0
ATTRIB
  5
2CF
330
17
100
AcDbEntity
  8
0
100
AcDbText
 10
1002.781
 20
1045.6009999999999
 30
100.436
 40
0.1
  1
100.44
  7
HANIT_TEXT
 72
1
 11
1002.781
 21
1045.6009999999999
 31
100.436
100
AcDbAttribute
  2
HEIGHT
 70
0
  0
ATTRIB
  5
2D0
330
17
100
AcDbEntity
  8
0
100
AcDbText
 10
1002.6484999999999
 20
1045.1009999999999
 30
100.436
 40
0.1
  1
 
  7
HANIT_TEXT
 72
1
 11
1002.6484999999999
 21
1045.1009999999999
 31
100.436
100
AcDbAttribute
  2
MARK
 70
0
  0
SEQEND
  5
2CD
330
2CC
100
AcDbEntity
  8
TR_PNT
  0
INSERT
  5
2D1
330
17
100
AcDbEntity
  8
TR_PNT
100
AcDbBlockReference
 66
1
  2
M1502_P
 10
1009.148
 20
1047.007
 30
100.473
 41
0.25
 42
0.25
 43
0.25
  0
ATTRIB
  5
2D3
330
17
100
AcDbEntity
  8
0
100
AcDbText
 10
1009.1155
 20
1047.2645
 30
100.473
 40
0.1
  1
110
  7
HANIT_TEXT
 72
1
 11
1009.1155
 21
1047.2645
 31
100.473
100
AcDbAttribute
  2
NAME
 70
0
  0
ATTRIB
  5
2D4
330
17
100
AcDbEntity
  8
0
100
AcDbText
 10
1009.148
 20
1046.357
 30
100.473
 40
0.1
  1
100.47
  7
HANIT_TEXT
 72
1
 11
1009.148
 21
1046.357
 31
100.473
100
AcDbAttribute
  2
HEIGHT
 70
0
  0
ATTRIB
  5
2D5
330
17
100
AcDbEntity
  8
0
100
AcDbText
 10
1009.0155
 20
1045.857
 30
100.473
 40
0.1
  1
 
  7
HANIT_TEXT
 72
1
 11
1009.0155
 21
1045.857
 31
100.473
100
AcDbAttribute
  2
MARK
 70
0
  0
SEQEND
  5
2D2
330
2D1
100
AcDbEntity
  8
TR_PNT
  0
INSERT
  5
2D6
330
17
100
AcDbEntity
  8
TR_PNT
100
AcDbBlockReference
 66
1
  2
M1502_P
 10
1010.458
 20
1046.937
 30
100.462
 41
0.25
 42
0.25
 43
0.25
  0
ATTRIB
  5
2D8
330
17
100
AcDbEntity
  8
0
100
AcDbText
 10
1010.4254999999999
 20
1047.1944999999998
 30
100.462
 40
0.1
  1
111
  7
HANIT_TEXT
 72
1
 11
1010.4254999999999
 21
1047.1944999999998
 31
100.462
100
AcDbAttribute
  2
NAME
 70
0
  0
ATTRIB
  5
2D9
330
17
100
AcDbEntity
  8
0
100
AcDbText
 10
1010.458
 20
1046.2869999999998
 30
100.462
 40
0.1
  1
100.46
  7
HANIT_TEXT
 72
1
 11
1010.458
 21
1046.2869999999998
 31
100.462
100
AcDbAttribute
  2
HEIGHT
 70
0
  0
ATTRIB
  5
2DA
330
17
100
AcDbEntity
  8
0
100
AcDbText
 10
1010.3254999999999
 20
1045.7869999999998
 30
100.462
 40
0.1
  1
 
  7
HANIT_TEXT
 72
1
 11
1010.3254999999999
 21
1045.7869999999998
 31
100.462
100
AcDbAttribute
  2
MARK
 70
0
  0
SEQEND
  5
2D7
330
2D6
100
AcDbEntity
  8
TR_PNT
  0
INSERT
  5
2DB
330
17
100
AcDbEntity
  8
TR_PNT
100
AcDbBlockReference
 66
1
  2
M1502_P
 10
1013.928
 20
1047.231
 30
100.457
 41
0.25
 42
0.25
 43
0.25
  0
ATTRIB
  5
2DD
330
17
100
AcDbEntity
  8
0
100
AcDbText
 10
1013.8955
 20
1047.4885
 30
100.457
 40
0.1
  1
112
  7
HANIT_TEXT
 72
1
 11
1013.8955
 21
1047.4885
 31
100.457
100
AcDbAttribute
  2
NAME
 70
0
  0
ATTRIB
  5
2DE
330
17
100
AcDbEntity
  8
0
100
AcDbText
 10
1013.928
 20
1046.581
 30
100.457
 40
0.1
  1
100.46
  7
HANIT_TEXT
 72
1
 11
1013.928
 21
1046.581
 31
100.457
100
AcDbAttribute
  2
HEIGHT
 70
0
  0
ATTRIB
  5
2DF
330
17
100
AcDbEntity
  8
0
100
AcDbText
 10
1013.7955
 20
1046.081
 30
100.457
 40
0.1
  1
 
  7
HANIT_TEXT
 72
1
 11
1013.7955
 21
1046.081
 31
100.457
100
AcDbAttribute
  2
MARK
 70
0
  0
SEQEND
  5
2DC
330
2DB
100
AcDbEntity
  8
TR_PNT
  0
INSERT
  5
2E0
330
17
100
AcDbEntity
  8
TR_PNT
100
AcDbBlockReference
 66
1
  2
M1502_P
 10
1010.552
 20
1044.885
 30
100.303
 41
0.25
 42
0.25
 43
0.25
  0
ATTRIB
  5
2E2
330
17
100
AcDbEntity
  8
0
100
AcDbText
 10
1010.5195
 20
1045.1425
 30
100.303
 40
0.1
  1
113
  7
HANIT_TEXT
 72
1
 11
1010.5195
 21
1045.1425
 31
100.303
100
AcDbAttribute
  2
NAME
 70
0
  0
ATTRIB
  5
2E3
330
17
100
AcDbEntity
  8
0
100
AcDbText
 10
1010.552
 20
1044.235
 30
100.303
 40
0.1
  1
100.30
  7
HANIT_TEXT
 72
1
 11
1010.552
 21
1044.235
 31
100.303
100
AcDbAttribute
  2
HEIGHT
 70
0
  0
ATTRIB
  5
2E4
330
17
100
AcDbEntity
  8
0
100
AcDbText
 10
1010.4195
 20
1043.735
 30
100.303
 40
0.1
  1
 
  7
HANIT_TEXT
 72
1
 11
1010.4195
 21
1043.735
 31
100.303
100
AcDbAttribute
  2
MARK
 70
0
  0
SEQEND
  5
2E1
330
2E0
100
AcDbEntity
  8
TR_PNT
  0
INSERT
  5
2E5
330
17
100
AcDbEntity
  8
TR_PNT
100
AcDbBlockReference
 66
1
  2
M1502_P
 10
1018.046
 20
1052.579
 30
0.0
 41
0.25
 42
0.25
 43
0.25
  0
ATTRIB
  5
2E7
330
17
100
AcDbEntity
  8
0
100
AcDbText
 10
1018.0135
 20
1052.8365
 30
0.0
 40
0.1
  1
114
  7
HANIT_TEXT
 72
1
 11
1018.0135
 21
1052.8365
 31
0.0
100
AcDbAttribute
  2
NAME
 70
0
  0
ATTRIB
  5
2E8
330
17
100
AcDbEntity
  8
0
100
AcDbText
 10
1018.046
 20
1051.9289999999999
 30
0.0
 40
0.1
  1

  7
HANIT_TEXT
 72
1
 11
1018.046
 21
1051.9289999999999
 31
0.0
100
AcDbAttribute
  2
HEIGHT
 70
0
  0
ATTRIB
  5
2E9
330
17
100
AcDbEntity
  8
0
100
AcDbText
 10
1017.9135
 20
1051.4289999999999
 30
0.0
 40
0.1
  1
 
  7
HANIT_TEXT
 72
1
 11
1017.9135
 21
1051.4289999999999
 31
0.0
100
AcDbAttribute
  2
MARK
 70
0
  0
SEQEND
  5
2E6
330
2E5
100
AcDbEntity
  8
TR_PNT
  0
INSERT
  5
2EA
330
17
100
AcDbEntity
  8
TR_PNT
100
AcDbBlockReference
 66
1
  2
M1502_P
 10
1006.887
 20
1051.636
 30
0.0
 41
0.25
 42
0.25
 43
0.25
  0
ATTRIB
  5
2EC
330
17
100
AcDbEntity
  8
0
100
AcDbText
 10
1006.8544999999999
 20
1051.8935
 30
0.0
 40
0.1
  1
115
  7
HANIT_TEXT
 72
1
 11
1006.8544999999999
 21
1051.8935
 31
0.0
100
AcDbAttribute
  2
NAME
 70
0
  0
ATTRIB
  5
2ED
330
17
100
AcDbEntity
  8
0
100
AcDbText
 10
1006.887
 20
1050.9859999999999
 30
0.0
 40
0.1
  1

  7
HANIT_TEXT
 72
1
 11
1006.887
 21
1050.9859999999999
 31
0.0
100
AcDbAttribute
  2
HEIGHT
 70
0
  0
ATTRIB
  5
2EE
330
17
100
AcDbEntity
  8
0
100
AcDbText
 10
1006.7544999999999
 20
1050.4859999999999
 30
0.0
 40
0.1
  1
 
  7
HANIT_TEXT
 72
1
 11
1006.7544999999999
 21
1050.4859999999999
 31
0.0
100
AcDbAttribute
  2
MARK
 70
0
  0
SEQEND
  5
2EB
330
2EA
100
AcDbEntity
  8
TR_PNT
  0
INSERT
  5
2EF
330
17
100
AcDbEntity
  8
TR_PNT
100
AcDbBlockReference
 66
1
  2
M1502_P
 10
1005.26
 20
1053.583
 30
0.0
 41
0.25
 42
0.25
 43
0.25
  0
ATTRIB
  5
2F1
330
17
100
AcDbEntity
  8
0
100
AcDbText
 10
1005.2275
 20
1053.8405
 30
0.0
 40
0.1
  1
116
  7
HANIT_TEXT
 72
1
 11
1005.2275
 21
1053.8405
 31
0.0
100
AcDbAttribute
  2
NAME
 70
0
  0
ATTRIB
  5
2F2
330
17
100
AcDbEntity
  8
0
100
AcDbText
 10
1005.26
 20
1052.933
 30
0.0
 40
0.1
  1

  7
HANIT_TEXT
 72
1
 11
1005.26
 21
1052.933
 31
0.0
100
AcDbAttribute
  2
HEIGHT
 70
0
  0
ATTRIB
  5
2F3
330
17
100
AcDbEntity
  8
0
100
AcDbText
 10
1005.1274999999999
 20
1052.433
 30
0.0
 40
0.1
  1
 
  7
HANIT_TEXT
 72
1
 11
1005.1274999999999
 21
1052.433
 31
0.0
100
AcDbAttribute
  2
MARK
 70
0
  0
SEQEND
  5
2F0
330
2EF
100
AcDbEntity
  8
TR_PNT
  0
INSERT
  5
2F4
330
17
100
AcDbEntity
  8
TR_PNT
100
AcDbBlockReference
 66
1
  2
M1502_P
 10
1009.041
 20
1017.399
 30
112.04
 41
0.25
 42
0.25
 43
0.25
  0
ATTRIB
  5
2F6
330
17
100
AcDbEntity
  8
0
100
AcDbText
 10
1009.0085
 20
1017.6565
 30
112.04
 40
0.1
  1
117
  7
HANIT_TEXT
 72
1
 11
1009.0085
 21
1017.6565
 31
112.04
100
AcDbAttribute
  2
NAME
 70
0
  0
ATTRIB
  5
2F7
330
17
100
AcDbEntity
  8
0
100
AcDbText
 10
1009.041
 20
1016.749
 30
112.04
 40
0.1
  1
112.04
  7
HANIT_TEXT
 72
1
 11
1009.041
 21
1016.749
 31
112.04
100
AcDbAttribute
  2
HEIGHT
 70
0
  0
ATTRIB
  5
2F8
330
17
100
AcDbEntity
  8
0
100
AcDbText
 10
1008.9085
 20
1016.249
 30
112.04
 40
0.1
  1
 
  7
HANIT_TEXT
 72
1
 11
1008.9085
 21
1016.249
 31
112.04
100
AcDbAttribute
  2
MARK
 70
0
  0
SEQEND
  5
2F5
330
2F4
100
AcDbEntity
  8
TR_PNT
  0
INSERT
  5
2F9
330
17
100
AcDbEntity
  8
TR_PNT
100
AcDbBlockReference
 66
1
  2
M1502_P
 10
1001.288
 20
1033.075
 30
100.378
 41
0.25
 42
0.25
 43
0.25
  0
ATTRIB
  5
2FB
330
17
100
AcDbEntity
  8
0
100
AcDbText
 10
1001.2555
 20
1033.3325
 30
100.378
 40
0.1
  1
118
  7
HANIT_TEXT
 72
1
 11
1001.2555
 21
1033.3325
 31
100.378
100
AcDbAttribute
  2
NAME
 70
0
  0
ATTRIB
  5
2FC
330
17
100
AcDbEntity
  8
0
100
AcDbText
 10
1001.288
 20
1032.425
 30
100.378
 40
0.1
  1
100.38
  7
HANIT_TEXT
 72
1
 11
1001.288
 21
1032.425
 31
100.378
100
AcDbAttribute
  2
HEIGHT
 70
0
  0
ATTRIB
  5
2FD
330
17
100
AcDbEntity
  8
0
100
AcDbText
 10
1001.1555
 20
1031.925
 30
100.378
 40
0.1
  1
 
  7
HANIT_TEXT
 72
1
 11
1001.1555
 21
1031.925
 31
100.378
100
AcDbAttribute
  2
MARK
 70
0
  0
SEQEND
  5
2FA
330
2F9
100
AcDbEntity
  8
TR_PNT
  0
INSERT
  5
2FE
330
17
100
AcDbEntity
  8
TR_PNT
100
AcDbBlockReference
 66
1
  2
M1502_P
 10
998.725
 20
1038.874
 30
100.425
 41
0.25
 42
0.25
 43
0.25
  0
ATTRIB
  5
300
330
17
100
AcDbEntity
  8
0
100
AcDbText
 10
998.6925
 20
1039.1315
 30
100.425
 40
0.1
  1
119
  7
HANIT_TEXT
 72
1
 11
998.6925
 21
1039.1315
 31
100.425
100
AcDbAttribute
  2
NAME
 70
0
  0
ATTRIB
  5
301
330
17
100
AcDbEntity
  8
0
100
AcDbText
 10
998.725
 20
1038.224
 30
100.425
 40
0.1
  1
100.42
  7
HANIT_TEXT
 72
1
 11
998.725
 21
1038.224
 31
100.425
100
AcDbAttribute
  2
HEIGHT
 70
0
  0
ATTRIB
  5
302
330
17
100
AcDbEntity
  8
0
100
AcDbText
 10
998.5925
 20
1037.724
 30
100.425
 40
0.1
  1
 
  7
HANIT_TEXT
 72
1
 11
998.5925
 21
1037.724
 31
100.425
100
AcDbAttribute
  2
MARK
 70
0
  0
SEQEND
  5
2FF
330
2FE
100
AcDbEntity
  8
TR_PNT
  0
INSERT
  5
303
330
17
100
AcDbEntity
  8
TR_PNT
100
AcDbBlockReference
 66
1
  2
M1502_P
 10
1008.564
 20
1033.706
 30
100.339
 41
0.25
 42
0.25
 43
0.25
  0
ATTRIB
  5
305
330
17
100
AcDbEntity
  8
0
100
AcDbText
 10
1008.5314999999999
 20
1033.9634999999998
 30
100.339
 40
0.1
  1
120
  7
HANIT_TEXT
 72
1
 11
1008.5314999999999
 21
1033.9634999999998
 31
100.339
100
AcDbAttribute
  2
NAME
 70
0
  0
ATTRIB
  5
306
330
17
100
AcDbEntity
  8
0
100
AcDbText
 10
1008.564
 20
1033.0559999999998
 30
100.339
 40
0.1
  1
100.34
  7
HANIT_TEXT
 72
1
 11
1008.564
 21
1033.0559999999998
 31
100.339
100
AcDbAttribute
  2
HEIGHT
 70
0
  0
ATTRIB
  5
307
330
17
100
AcDbEntity
  8
0
100
AcDbText
 10
1008.4314999999999
 20
1032.5559999999998
 30
100.339
 40
0.1
  1
 
  7
HANIT_TEXT
 72
1
 11
1008.4314999999999
 21
1032.5559999999998
 31
100.339
100
AcDbAttribute
  2
MARK
 70
0
  0
SEQEND
  5
304
330
303
100
AcDbEntity
  8
TR_PNT
  0
INSERT
  5
308
330
17
100
AcDbEntity
  8
TR_PNT
100
AcDbBlockReference
 66
1
  2
M1502_P
 10
1015.727
 20
1040.313
 30
100.304
 41
0.25
 42
0.25
 43
0.25
  0
ATTRIB
  5
30A
330
17
100
AcDbEntity
  8
0
100
AcDbText
 10
1015.6945
 20
1040.5705
 30
100.304
 40
0.1
  1
121
  7
HANIT_TEXT
 72
1
 11
1015.6945
 21
1040.5705
 31
100.304
100
AcDbAttribute
  2
NAME
 70
0
  0
ATTRIB
  5
30B
330
17
100
AcDbEntity
  8
0
100
AcDbText
 10
1015.727
 20
1039.663
 30
100.304
 40
0.1
  1
100.30
  7
HANIT_TEXT
 72
1
 11
1015.727
 21
1039.663
 31
100.304
100
AcDbAttribute
  2
HEIGHT
 70
0
  0
ATTRIB
  5
30C
330
17
100
AcDbEntity
  8
0
100
AcDbText
 10
1015.5944999999999
 20
1039.163
 30
100.304
 40
0.1
  1
 
  7
HANIT_TEXT
 72
1
 11
1015.5944999999999
 21
1039.163
 31
100.304
100
AcDbAttribute
  2
MARK
 70
0
  0
SEQEND
  5
309
330
308
100
AcDbEntity
  8
TR_PNT
  0
INSERT
  5
30D
330
17
100
AcDbEntity
  8
TR_PNT
100
AcDbBlockReference
 66
1
  2
M1502_P
 10
1025.524
 20
1030.054
 30
100.191
 41
0.25
 42
0.25
 43
0.25
  0
ATTRIB
  5
30F
330
17
100
AcDbEntity
  8
0
100
AcDbText
 10
1025.4914999999999
 20
1030.3115
 30
100.191
 40
0.1
  1
123
  7
HANIT_TEXT
 72
1
 11
1025.4914999999999
 21
1030.3115
 31
100.191
100
AcDbAttribute
  2
NAME
 70
0
  0
ATTRIB
  5
310
330
17
100
AcDbEntity
  8
0
100
AcDbText
 10
1025.524
 20
1029.404
 30
100.191
 40
0.1
  1
100.19
  7
HANIT_TEXT
 72
1
 11
1025.524
 21
1029.404
 31
100.191
100
AcDbAttribute
  2
HEIGHT
 70
0
  0
ATTRIB
  5
311
330
17
100
AcDbEntity
  8
0
100
AcDbText
 10
1025.3915
 20
1028.904
 30
100.191
 40
0.1
  1
 
  7
HANIT_TEXT
 72
1
 11
1025.3915
 21
1028.904
 31
100.191
100
AcDbAttribute
  2
MARK
 70
0
  0
SEQEND
  5
30E
330
30D
100
AcDbEntity
  8
TR_PNT
  0
INSERT
  5
312
330
17
100
AcDbEntity
  8
TR_PNT
100
AcDbBlockReference
 66
1
  2
M1502_P
 10
1020.097
 20
1027.626
 30
100.33
 41
0.25
 42
0.25
 43
0.25
  0
ATTRIB
  5
314
330
17
100
AcDbEntity
  8
0
100
AcDbText
 10
1020.0645
 20
1027.8835
 30
100.33
 40
0.1
  1
124
  7
HANIT_TEXT
 72
1
 11
1020.0645
 21
1027.8835
 31
100.33
100
AcDbAttribute
  2
NAME
 70
0
  0
ATTRIB
  5
315
330
17
100
AcDbEntity
  8
0
100
AcDbText
 10
1020.097
 20
1026.9759999999999
 30
100.33
 40
0.1
  1
100.33
  7
HANIT_TEXT
 72
1
 11
1020.097
 21
1026.9759999999999
 31
100.33
100
AcDbAttribute
  2
HEIGHT
 70
0
  0
ATTRIB
  5
316
330
17
100
AcDbEntity
  8
0
100
AcDbText
 10
1019.9644999999999
 20
1026.4759999999999
 30
100.33
 40
0.1
  1
 
  7
HANIT_TEXT
 72
1
 11
1019.9644999999999
 21
1026.4759999999999
 31
100.33
100
AcDbAttribute
  2
MARK
 70
0
  0
SEQEND
  5
313
330
312
100
AcDbEntity
  8
TR_PNT
  0
INSERT
  5
317
330
17
100
AcDbEntity
  8
TR_PNT
100
AcDbBlockReference
 66
1
  2
M1502_P
 10
1009.699
 20
1026.815
 30
100.519
 41
0.25
 42
0.25
 43
0.25
  0
ATTRIB
  5
319
330
17
100
AcDbEntity
  8
0
100
AcDbText
 10
1009.6664999999999
 20
1027.0725
 30
100.519
 40
0.1
  1
125
  7
HANIT_TEXT
 72
1
 11
1009.6664999999999
 21
1027.0725
 31
100.519
100
AcDbAttribute
  2
NAME
 70
0
  0
ATTRIB
  5
31A
330
17
100
AcDbEntity
  8
0
100
AcDbText
 10
1009.699
 20
1026.165
 30
100.519
 40
0.1
  1
100.52
  7
HANIT_TEXT
 72
1
 11
1009.699
 21
1026.165
 31
100.519
100
AcDbAttribute
  2
HEIGHT
 70
0
  0
ATTRIB
  5
31B
330
17
100
AcDbEntity
  8
0
100
AcDbText
 10
1009.5664999999999
 20
1025.665
 30
100.519
 40
0.1
  1
 
  7
HANIT_TEXT
 72
1
 11
1009.5664999999999
 21
1025.665
 31
100.519
100
AcDbAttribute
  2
MARK
 70
0
  0
SEQEND
  5
318
330
317
100
AcDbEntity
  8
TR_PNT
  0
INSERT
  5
31C
330
17
100
AcDbEntity
  8
TR_PNT
100
AcDbBlockReference
 66
1
  2
M1502_P
 10
1008.471
 20
1026.759
 30
100.474
 41
0.25
 42
0.25
 43
0.25
  0
ATTRIB
  5
31E
330
17
100
AcDbEntity
  8
0
100
AcDbText
 10
1008.4385
 20
1027.0165
 30
100.474
 40
0.1
  1
126
  7
HANIT_TEXT
 72
1
 11
1008.4385
 21
1027.0165
 31
100.474
100
AcDbAttribute
  2
NAME
 70
0
  0
ATTRIB
  5
31F
330
17
100
AcDbEntity
  8
0
100
AcDbText
 10
1008.471
 20
1026.109
 30
100.474
 40
0.1
  1
100.47
  7
HANIT_TEXT
 72
1
 11
1008.471
 21
1026.109
 31
100.474
100
AcDbAttribute
  2
HEIGHT
 70
0
  0
ATTRIB
  5
320
330
17
100
AcDbEntity
  8
0
100
AcDbText
 10
1008.3385
 20
1025.609
 30
100.474
 40
0.1
  1
 
  7
HANIT_TEXT
 72
1
 11
1008.3385
 21
1025.609
 31
100.474
100
AcDbAttribute
  2
MARK
 70
0
  0
SEQEND
  5
31D
330
31C
100
AcDbEntity
  8
TR_PNT
  0
INSERT
  5
321
330
17
100
AcDbEntity
  8
TR_PNT
100
AcDbBlockReference
 66
1
  2
M1502_P
 10
1004.913
 20
1026.412
 30
100.504
 41
0.25
 42
0.25
 43
0.25
  0
ATTRIB
  5
323
330
17
100
AcDbEntity
  8
0
100
AcDbText
 10
1004.8805
 20
1026.6695
 30
100.504
 40
0.1
  1
127
  7
HANIT_TEXT
 72
1
 11
1004.8805
 21
1026.6695
 31
100.504
100
AcDbAttribute
  2
NAME
 70
0
  0
ATTRIB
  5
324
330
17
100
AcDbEntity
  8
0
100
AcDbText
 10
1004.913
 20
1025.762
 30
100.504
 40
0.1
  1
100.50
  7
HANIT_TEXT
 72
1
 11
1004.913
 21
1025.762
 31
100.504
100
AcDbAttribute
  2
HEIGHT
 70
0
  0
ATTRIB
  5
325
330
17
100
AcDbEntity
  8
0
100
AcDbText
 10
1004.7805
 20
1025.262
 30
100.504
 40
0.1
  1
 
  7
HANIT_TEXT
 72
1
 11
1004.7805
 21
1025.262
 31
100.504
100
AcDbAttribute
  2
MARK
 70
0
  0
SEQEND
  5
322
330
321
100
AcDbEntity
  8
TR_PNT
  0
INSERT
  5
326
330
17
100
AcDbEntity
  8
TR_PNT
100
AcDbBlockReference
 66
1
  2
M1502_P
 10
1005.153
 20
1023.419
 30
100.562
 41
0.25
 42
0.25
 43
0.25
  0
ATTRIB
  5
328
330
17
100
AcDbEntity
  8
0
100
AcDbText
 10
1005.1205
 20
1023.6765
 30
100.562
 40
0.1
  1
129
  7
HANIT_TEXT
 72
1
 11
1005.1205
 21
1023.6765
 31
100.562
100
AcDbAttribute
  2
NAME
 70
0
  0
ATTRIB
  5
329
330
17
100
AcDbEntity
  8
0
100
AcDbText
 10
1005.153
 20
1022.769
 30
100.562
 40
0.1
  1
100.56
  7
HANIT_TEXT
 72
1
 11
1005.153
 21
1022.769
 31
100.562
100
AcDbAttribute
  2
HEIGHT
 70
0
  0
ATTRIB
  5
32A
330
17
100
AcDbEntity
  8
0
100
AcDbText
 10
1005.0205
 20
1022.269
 30
100.562
 40
0.1
  1
 
  7
HANIT_TEXT
 72
1
 11
1005.0205
 21
1022.269
 31
100.562
100
AcDbAttribute
  2
MARK
 70
0
  0
SEQEND
  5
327
330
326
100
AcDbEntity
  8
TR_PNT
  0
INSERT
  5
32B
330
17
100
AcDbEntity
  8
TR_PNT
100
AcDbBlockReference
 66
1
  2
M1502_P
 10
1005.654
 20
1022.387
 30
100.602
 41
0.25
 42
0.25
 43
0.25
  0
ATTRIB
  5
32D
330
17
100
AcDbEntity
  8
0
100
AcDbText
 10
1005.6215
 20
1022.6445
 30
100.602
 40
0.1
  1
130
  7
HANIT_TEXT
 72
1
 11
1005.6215
 21
1022.6445
 31
100.602
100
AcDbAttribute
  2
NAME
 70
0
  0
ATTRIB
  5
32E
330
17
100
AcDbEntity
  8
0
100
AcDbText
 10
1005.654
 20
1021.737
 30
100.602
 40
0.1
  1
100.60
  7
HANIT_TEXT
 72
1
 11
1005.654
 21
1021.737
 31
100.602
100
AcDbAttribute
  2
HEIGHT
 70
0
  0
ATTRIB
  5
32F
330
17
100
AcDbEntity
  8
0
100
AcDbText
 10
1005.5215
 20
1021.237
 30
100.602
 40
0.1
  1
 
  7
HANIT_TEXT
 72
1
 11
1005.5215
 21
1021.237
 31
100.602
100
AcDbAttribute
  2
MARK
 70
0
  0
SEQEND
  5
32C
330
32B
100
AcDbEntity
  8
TR_PNT
  0
INSERT
  5
330
330
17
100
AcDbEntity
  8
TR_PNT
100
AcDbBlockReference
 66
1
  2
M1502_P
 10
1005.389
 20
1020.681
 30
100.574
 41
0.25
 42
0.25
 43
0.25
  0
ATTRIB
  5
332
330
17
100
AcDbEntity
  8
0
100
AcDbText
 10
1005.3565
 20
1020.9385000000001
 30
100.574
 40
0.1
  1
131
  7
HANIT_TEXT
 72
1
 11
1005.3565
 21
1020.9385000000001
 31
100.574
100
AcDbAttribute
  2
NAME
 70
0
  0
ATTRIB
  5
333
330
17
100
AcDbEntity
  8
0
100
AcDbText
 10
1005.389
 20
1020.0310000000001
 30
100.574
 40
0.1
  1
100.57
  7
HANIT_TEXT
 72
1
 11
1005.389
 21
1020.0310000000001
 31
100.574
100
AcDbAttribute
  2
HEIGHT
 70
0
  0
ATTRIB
  5
334
330
17
100
AcDbEntity
  8
0
100
AcDbText
 10
1005.2565
 20
1019.5310000000001
 30
100.574
 40
0.1
  1
 
  7
HANIT_TEXT
 72
1
 11
1005.2565
 21
1019.5310000000001
 31
100.574
100
AcDbAttribute
  2
MARK
 70
0
  0
SEQEND
  5
331
330
330
100
AcDbEntity
  8
TR_PNT
  0
INSERT
  5
335
330
17
100
AcDbEntity
  8
TR_PNT
100
AcDbBlockReference
 66
1
  2
M1502_P
 10
1002.633
 20
1021.598
 30
100.515
 41
0.25
 42
0.25
 43
0.25
  0
ATTRIB
  5
337
330
17
100
AcDbEntity
  8
0
100
AcDbText
 10
1002.6005
 20
1021.8555
 30
100.515
 40
0.1
  1
133
  7
HANIT_TEXT
 72
1
 11
1002.6005
 21
1021.8555
 31
100.515
100
AcDbAttribute
  2
NAME
 70
0
  0
ATTRIB
  5
338
330
17
100
AcDbEntity
  8
0
100
AcDbText
 10
1002.633
 20
1020.948
 30
100.515
 40
0.1
  1
100.52
  7
HANIT_TEXT
 72
1
 11
1002.633
 21
1020.948
 31
100.515
100
AcDbAttribute
  2
HEIGHT
 70
0
  0
ATTRIB
  5
339
330
17
100
AcDbEntity
  8
0
100
AcDbText
 10
1002.5005
 20
1020.448
 30
100.515
 40
0.1
  1
 
  7
HANIT_TEXT
 72
1
 11
1002.5005
 21
1020.448
 31
100.515
100
AcDbAttribute
  2
MARK
 70
0
  0
SEQEND
  5
336
330
335
100
AcDbEntity
  8
TR_PNT
  0
INSERT
  5
33A
330
17
100
AcDbEntity
  8
TR_PNT
100
AcDbBlockReference
 66
1
  2
M1502_P
 10
1001.861
 20
1026.124
 30
100.517
 41
0.25
 42
0.25
 43
0.25
  0
ATTRIB
  5
33C
330
17
100
AcDbEntity
  8
0
100
AcDbText
 10
1001.8285
 20
1026.3815
 30
100.517
 40
0.1
  1
134
  7
HANIT_TEXT
 72
1
 11
1001.8285
 21
1026.3815
 31
100.517
100
AcDbAttribute
  2
NAME
 70
0
  0
ATTRIB
  5
33D
330
17
100
AcDbEntity
  8
0
100
AcDbText
 10
1001.861
 20
1025.474
 30
100.517
 40
0.1
  1
100.52
  7
HANIT_TEXT
 72
1
 11
1001.861
 21
1025.474
 31
100.517
100
AcDbAttribute
  2
HEIGHT
 70
0
  0
ATTRIB
  5
33E
330
17
100
AcDbEntity
  8
0
100
AcDbText
 10
1001.7284999999999
 20
1024.974
 30
100.517
 40
0.1
  1
 
  7
HANIT_TEXT
 72
1
 11
1001.7284999999999
 21
1024.974
 31
100.517
100
AcDbAttribute
  2
MARK
 70
0
  0
SEQEND
  5
33B
330
33A
100
AcDbEntity
  8
TR_PNT
  0
INSERT
  5
33F
330
17
100
AcDbEntity
  8
TR_PNT
100
AcDbBlockReference
 66
1
  2
M1502_P
 10
1000.723
 20
1026.058
 30
100.514
 41
0.25
 42
0.25
 43
0.25
  0
ATTRIB
  5
341
330
17
100
AcDbEntity
  8
0
100
AcDbText
 10
1000.6904999999999
 20
1026.3155
 30
100.514
 40
0.1
  1
135
  7
HANIT_TEXT
 72
1
 11
1000.6904999999999
 21
1026.3155
 31
100.514
100
AcDbAttribute
  2
NAME
 70
0
  0
ATTRIB
  5
342
330
17
100
AcDbEntity
  8
0
100
AcDbText
 10
1000.723
 20
1025.408
 30
100.514
 40
0.1
  1
100.51
  7
HANIT_TEXT
 72
1
 11
1000.723
 21
1025.408
 31
100.514
100
AcDbAttribute
  2
HEIGHT
 70
0
  0
ATTRIB
  5
343
330
17
100
AcDbEntity
  8
0
100
AcDbText
 10
1000.5904999999999
 20
1024.908
 30
100.514
 40
0.1
  1
 
  7
HANIT_TEXT
 72
1
 11
1000.5904999999999
 21
1024.908
 31
100.514
100
AcDbAttribute
  2
MARK
 70
0
  0
SEQEND
  5
340
330
33F
100
AcDbEntity
  8
TR_PNT
  0
INSERT
  5
344
330
17
100
AcDbEntity
  8
TR_PNT
100
AcDbBlockReference
 66
1
  2
M1502_P
 10
1001.515
 20
1021.487
 30
100.472
 41
0.25
 42
0.25
 43
0.25
  0
ATTRIB
  5
346
330
17
100
AcDbEntity
  8
0
100
AcDbText
 10
1001.4825
 20
1021.7445
 30
100.472
 40
0.1
  1
136
  7
HANIT_TEXT
 72
1
 11
1001.4825
 21
1021.7445
 31
100.472
100
AcDbAttribute
  2
NAME
 70
0
  0
ATTRIB
  5
347
330
17
100
AcDbEntity
  8
0
100
AcDbText
 10
1001.515
 20
1020.837
 30
100.472
 40
0.1
  1
100.47
  7
HANIT_TEXT
 72
1
 11
1001.515
 21
1020.837
 31
100.472
100
AcDbAttribute
  2
HEIGHT
 70
0
  0
ATTRIB
  5
348
330
17
100
AcDbEntity
  8
0
100
AcDbText
 10
1001.3824999999999
 20
1020.337
 30
100.472
 40
0.1
  1
 
  7
HANIT_TEXT
 72
1
 11
1001.3824999999999
 21
1020.337
 31
100.472
100
AcDbAttribute
  2
MARK
 70
0
  0
SEQEND
  5
345
330
344
100
AcDbEntity
  8
TR_PNT
  0
INSERT
  5
349
330
17
100
AcDbEntity
  8
TR_PNT
100
AcDbBlockReference
 66
1
  2
M1502_P
 10
1002.604
 20
1019.192
 30
100.415
 41
0.25
 42
0.25
 43
0.25
  0
ATTRIB
  5
34B
330
17
100
AcDbEntity
  8
0
100
AcDbText
 10
1002.5715
 20
1019.4495000000001
 30
100.415
 40
0.1
  1
137
  7
HANIT_TEXT
 72
1
 11
1002.5715
 21
1019.4495000000001
 31
100.415
100
AcDbAttribute
  2
NAME
 70
0
  0
ATTRIB
  5
34C
330
17
100
AcDbEntity
  8
0
100
AcDbText
 10
1002.604
 20
1018.542
 30
100.415
 40
0.1
  1
100.42
  7
HANIT_TEXT
 72
1
 11
1002.604
 21
1018.542
 31
100.415
100
AcDbAttribute
  2
HEIGHT
 70
0
  0
ATTRIB
  5
34D
330
17
100
AcDbEntity
  8
0
100
AcDbText
 10
1002.4715
 20
1018.042
 30
100.415
 40
0.1
  1
 
  7
HANIT_TEXT
 72
1
 11
1002.4715
 21
1018.042
 31
100.415
100
AcDbAttribute
  2
MARK
 70
0
  0
SEQEND
  5
34A
330
349
100
AcDbEntity
  8
TR_PNT
  0
INSERT
  5
34E
330
17
100
AcDbEntity
  8
TR_PNT
100
AcDbBlockReference
 66
1
  2
M1502_P
 10
1003.634
 20
1019.242
 30
100.383
 41
0.25
 42
0.25
 43
0.25
  0
ATTRIB
  5
350
330
17
100
AcDbEntity
  8
0
100
AcDbText
 10
1003.6015
 20
1019.4995
 30
100.383
 40
0.1
  1
138
  7
HANIT_TEXT
 72
1
 11
1003.6015
 21
1019.4995
 31
100.383
100
AcDbAttribute
  2
NAME
 70
0
  0
ATTRIB
  5
351
330
17
100
AcDbEntity
  8
0
100
AcDbText
 10
1003.634
 20
1018.592
 30
100.383
 40
0.1
  1
100.38
  7
HANIT_TEXT
 72
1
 11
1003.634
 21
1018.592
 31
100.383
100
AcDbAttribute
  2
HEIGHT
 70
0
  0
ATTRIB
  5
352
330
17
100
AcDbEntity
  8
0
100
AcDbText
 10
1003.5015
 20
1018.092
 30
100.383
 40
0.1
  1
 
  7
HANIT_TEXT
 72
1
 11
1003.5015
 21
1018.092
 31
100.383
100
AcDbAttribute
  2
MARK
 70
0
  0
SEQEND
  5
34F
330
34E
100
AcDbEntity
  8
TR_PNT
  0
INSERT
  5
353
330
17
100
AcDbEntity
  8
TR_PNT
100
AcDbBlockReference
 66
1
  2
M1502_P
 10
1003.877
 20
1016.777
 30
100.315
 41
0.25
 42
0.25
 43
0.25
  0
ATTRIB
  5
355
330
17
100
AcDbEntity
  8
0
100
AcDbText
 10
1003.8444999999999
 20
1017.0345000000001
 30
100.315
 40
0.1
  1
139
  7
HANIT_TEXT
 72
1
 11
1003.8444999999999
 21
1017.0345000000001
 31
100.315
100
AcDbAttribute
  2
NAME
 70
0
  0
ATTRIB
  5
356
330
17
100
AcDbEntity
  8
0
100
AcDbText
 10
1003.877
 20
1016.1270000000001
 30
100.315
 40
0.1
  1
100.31
  7
HANIT_TEXT
 72
1
 11
1003.877
 21
1016.1270000000001
 31
100.315
100
AcDbAttribute
  2
HEIGHT
 70
0
  0
ATTRIB
  5
357
330
17
100
AcDbEntity
  8
0
100
AcDbText
 10
1003.7444999999999
 20
1015.6270000000001
 30
100.315
 40
0.1
  1
 
  7
HANIT_TEXT
 72
1
 11
1003.7444999999999
 21
1015.6270000000001
 31
100.315
100
AcDbAttribute
  2
MARK
 70
0
  0
SEQEND
  5
354
330
353
100
AcDbEntity
  8
TR_PNT
  0
INSERT
  5
358
330
17
100
AcDbEntity
  8
TR_PNT
100
AcDbBlockReference
 66
1
  2
M1502_P
 10
1004.82
 20
1015.576
 30
100.627
 41
0.25
 42
0.25
 43
0.25
  0
ATTRIB
  5
35A
330
17
100
AcDbEntity
  8
0
100
AcDbText
 10
1004.7875
 20
1015.8335000000001
 30
100.627
 40
0.1
  1
140
  7
HANIT_TEXT
 72
1
 11
1004.7875
 21
1015.8335000000001
 31
100.627
100
AcDbAttribute
  2
NAME
 70
0
  0
ATTRIB
  5
35B
330
17
100
AcDbEntity
  8
0
100
AcDbText
 10
1004.82
 20
1014.926
 30
100.627
 40
0.1
  1
100.63
  7
HANIT_TEXT
 72
1
 11
1004.82
 21
1014.926
 31
100.627
100
AcDbAttribute
  2
HEIGHT
 70
0
  0
ATTRIB
  5
35C
330
17
100
AcDbEntity
  8
0
100
AcDbText
 10
1004.6875
 20
1014.426
 30
100.627
 40
0.1
  1
 
  7
HANIT_TEXT
 72
1
 11
1004.6875
 21
1014.426
 31
100.627
100
AcDbAttribute
  2
MARK
 70
0
  0
SEQEND
  5
359
330
358
100
AcDbEntity
  8
TR_PNT
  0
INSERT
  5
35D
330
17
100
AcDbEntity
  8
TR_PNT
100
AcDbBlockReference
 66
1
  2
M1502_P
 10
1002.85
 20
1011.288
 30
100.672
 41
0.25
 42
0.25
 43
0.25
  0
ATTRIB
  5
35F
330
17
100
AcDbEntity
  8
0
100
AcDbText
 10
1002.8175
 20
1011.5455000000001
 30
100.672
 40
0.1
  1
141
  7
HANIT_TEXT
 72
1
 11
1002.8175
 21
1011.5455000000001
 31
100.672
100
AcDbAttribute
  2
NAME
 70
0
  0
ATTRIB
  5
360
330
17
100
AcDbEntity
  8
0
100
AcDbText
 10
1002.85
 20
1010.638
 30
100.672
 40
0.1
  1
100.67
  7
HANIT_TEXT
 72
1
 11
1002.85
 21
1010.638
 31
100.672
100
AcDbAttribute
  2
HEIGHT
 70
0
  0
ATTRIB
  5
361
330
17
100
AcDbEntity
  8
0
100
AcDbText
 10
1002.7175
 20
1010.138
 30
100.672
 40
0.1
  1
 
  7
HANIT_TEXT
 72
1
 11
1002.7175
 21
1010.138
 31
100.672
100
AcDbAttribute
  2
MARK
 70
0
  0
SEQEND
  5
35E
330
35D
100
AcDbEntity
  8
TR_PNT
  0
INSERT
  5
362
330
17
100
AcDbEntity
  8
TR_PNT
100
AcDbBlockReference
 66
1
  2
M1502_P
 10
1003.066
 20
1009.488
 30
0.0
 41
0.25
 42
0.25
 43
0.25
  0
ATTRIB
  5
364
330
17
100
AcDbEntity
  8
0
100
AcDbText
 10
1003.0335
 20
1009.7455000000001
 30
0.0
 40
0.1
  1
142
  7
HANIT_TEXT
 72
1
 11
1003.0335
 21
1009.7455000000001
 31
0.0
100
AcDbAttribute
  2
NAME
 70
0
  0
ATTRIB
  5
365
330
17
100
AcDbEntity
  8
0
100
AcDbText
 10
1003.066
 20
1008.8380000000001
 30
0.0
 40
0.1
  1

  7
HANIT_TEXT
 72
1
 11
1003.066
 21
1008.8380000000001
 31
0.0
100
AcDbAttribute
  2
HEIGHT
 70
0
  0
ATTRIB
  5
366
330
17
100
AcDbEntity
  8
0
100
AcDbText
 10
1002.9335
 20
1008.3380000000001
 30
0.0
 40
0.1
  1
 
  7
HANIT_TEXT
 72
1
 11
1002.9335
 21
1008.3380000000001
 31
0.0
100
AcDbAttribute
  2
MARK
 70
0
  0
SEQEND
  5
363
330
362
100
AcDbEntity
  8
TR_PNT
  0
INSERT
  5
367
330
17
100
AcDbEntity
  8
TR_PNT
100
AcDbBlockReference
 66
1
  2
M1502_P
 10
1003.406
 20
1011.275
 30
0.0
 41
0.25
 42
0.25
 43
0.25
  0
ATTRIB
  5
369
330
17
100
AcDbEntity
  8
0
100
AcDbText
 10
1003.3734999999999
 20
1011.5325
 30
0.0
 40
0.1
  1
143
  7
HANIT_TEXT
 72
1
 11
1003.3734999999999
 21
1011.5325
 31
0.0
100
AcDbAttribute
  2
NAME
 70
0
  0
ATTRIB
  5
36A
330
17
100
AcDbEntity
  8
0
100
AcDbText
 10
1003.406
 20
1010.625
 30
0.0
 40
0.1
  1

  7
HANIT_TEXT
 72
1
 11
1003.406
 21
1010.625
 31
0.0
100
AcDbAttribute
  2
HEIGHT
 70
0
  0
ATTRIB
  5
36B
330
17
100
AcDbEntity
  8
0
100
AcDbText
 10
1003.2734999999999
 20
1010.125
 30
0.0
 40
0.1
  1
 
  7
HANIT_TEXT
 72
1
 11
1003.2734999999999
 21
1010.125
 31
0.0
100
AcDbAttribute
  2
MARK
 70
0
  0
SEQEND
  5
368
330
367
100
AcDbEntity
  8
TR_PNT
  0
INSERT
  5
36C
330
17
100
AcDbEntity
  8
TR_PNT
100
AcDbBlockReference
 66
1
  2
M1502_P
 10
1003.506
 20
1015.389
 30
0.0
 41
0.25
 42
0.25
 43
0.25
  0
ATTRIB
  5
36E
330
17
100
AcDbEntity
  8
0
100
AcDbText
 10
1003.4735
 20
1015.6465000000001
 30
0.0
 40
0.1
  1
144
  7
HANIT_TEXT
 72
1
 11
1003.4735
 21
1015.6465000000001
 31
0.0
100
AcDbAttribute
  2
NAME
 70
0
  0
ATTRIB
  5
36F
330
17
100
AcDbEntity
  8
0
100
AcDbText
 10
1003.506
 20
1014.739
 30
0.0
 40
0.1
  1

  7
HANIT_TEXT
 72
1
 11
1003.506
 21
1014.739
 31
0.0
100
AcDbAttribute
  2
HEIGHT
 70
0
  0
ATTRIB
  5
370
330
17
100
AcDbEntity
  8
0
100
AcDbText
 10
1003.3734999999999
 20
1014.239
 30
0.0
 40
0.1
  1
 
  7
HANIT_TEXT
 72
1
 11
1003.3734999999999
 21
1014.239
 31
0.0
100
AcDbAttribute
  2
MARK
 70
0
  0
SEQEND
  5
36D
330
36C
100
AcDbEntity
  8
TR_PNT
  0
INSERT
  5
371
330
17
100
AcDbEntity
  8
TR_PNT
100
AcDbBlockReference
 66
1
  2
M1502_P
 10
1002.313
 20
1017.697
 30
100.419
 41
0.25
 42
0.25
 43
0.25
  0
ATTRIB
  5
373
330
17
100
AcDbEntity
  8
0
100
AcDbText
 10
1002.2805
 20
1017.9545
 30
100.419
 40
0.1
  1
145
  7
HANIT_TEXT
 72
1
 11
1002.2805
 21
1017.9545
 31
100.419
100
AcDbAttribute
  2
NAME
 70
0
  0
ATTRIB
  5
374
330
17
100
AcDbEntity
  8
0
100
AcDbText
 10
1002.313
 20
1017.047
 30
100.419
 40
0.1
  1
100.42
  7
HANIT_TEXT
 72
1
 11
1002.313
 21
1017.047
 31
100.419
100
AcDbAttribute
  2
HEIGHT
 70
0
  0
ATTRIB
  5
375
330
17
100
AcDbEntity
  8
0
100
AcDbText
 10
1002.1804999999999
 20
1016.547
 30
100.419
 40
0.1
  1
 
  7
HANIT_TEXT
 72
1
 11
1002.1804999999999
 21
1016.547
 31
100.419
100
AcDbAttribute
  2
MARK
 70
0
  0
SEQEND
  5
372
330
371
100
AcDbEntity
  8
TR_PNT
  0
INSERT
  5
376
330
17
100
AcDbEntity
  8
TR_PNT
100
AcDbBlockReference
 66
1
  2
M1502_P
 10
996.592
 20
1017.236
 30
100.452
 41
0.25
 42
0.25
 43
0.25
  0
ATTRIB
  5
378
330
17
100
AcDbEntity
  8
0
100
AcDbText
 10
996.5595
 20
1017.4935
 30
100.452
 40
0.1
  1
146
  7
HANIT_TEXT
 72
1
 11
996.5595
 21
1017.4935
 31
100.452
100
AcDbAttribute
  2
NAME
 70
0
  0
ATTRIB
  5
379
330
17
100
AcDbEntity
  8
0
100
AcDbText
 10
996.592
 20
1016.586
 30
100.452
 40
0.1
  1
100.45
  7
HANIT_TEXT
 72
1
 11
996.592
 21
1016.586
 31
100.452
100
AcDbAttribute
  2
HEIGHT
 70
0
  0
ATTRIB
  5
37A
330
17
100
AcDbEntity
  8
0
100
AcDbText
 10
996.4594999999999
 20
1016.086
 30
100.452
 40
0.1
  1
 
  7
HANIT_TEXT
 72
1
 11
996.4594999999999
 21
1016.086
 31
100.452
100
AcDbAttribute
  2
MARK
 70
0
  0
SEQEND
  5
377
330
376
100
AcDbEntity
  8
TR_PNT
  0
INSERT
  5
37B
330
17
100
AcDbEntity
  8
TR_PNT
100
AcDbBlockReference
 66
1
  2
M1502_P
 10
993.14
 20
1019.394
 30
100.642
 41
0.25
 42
0.25
 43
0.25
  0
ATTRIB
  5
37D
330
17
100
AcDbEntity
  8
0
100
AcDbText
 10
993.1075
 20
1019.6515
 30
100.642
 40
0.1
  1
148
  7
HANIT_TEXT
 72
1
 11
993.1075
 21
1019.6515
 31
100.642
100
AcDbAttribute
  2
NAME
 70
0
  0
ATTRIB
  5
37E
330
17
100
AcDbEntity
  8
0
100
AcDbText
 10
993.14
 20
1018.744
 30
100.642
 40
0.1
  1
100.64
  7
HANIT_TEXT
 72
1
 11
993.14
 21
1018.744
 31
100.642
100
AcDbAttribute
  2
HEIGHT
 70
0
  0
ATTRIB
  5
37F
330
17
100
AcDbEntity
  8
0
100
AcDbText
 10
993.0074999999999
 20
1018.244
 30
100.642
 40
0.1
  1
 
  7
HANIT_TEXT
 72
1
 11
993.0074999999999
 21
1018.244
 31
100.642
100
AcDbAttribute
  2
MARK
 70
0
  0
SEQEND
  5
37C
330
37B
100
AcDbEntity
  8
TR_PNT
  0
INSERT
  5
380
330
17
100
AcDbEntity
  8
TR_PNT
100
AcDbBlockReference
 66
1
  2
M1502_P
 10
1006.169
 20
1010.976
 30
100.195
 41
0.25
 42
0.25
 43
0.25
  0
ATTRIB
  5
382
330
17
100
AcDbEntity
  8
0
100
AcDbText
 10
1006.1365
 20
1011.2335
 30
100.195
 40
0.1
  1
149
  7
HANIT_TEXT
 72
1
 11
1006.1365
 21
1011.2335
 31
100.195
100
AcDbAttribute
  2
NAME
 70
0
  0
ATTRIB
  5
383
330
17
100
AcDbEntity
  8
0
100
AcDbText
 10
1006.169
 20
1010.326
 30
100.195
 40
0.1
  1
100.19
  7
HANIT_TEXT
 72
1
 11
1006.169
 21
1010.326
 31
100.195
100
AcDbAttribute
  2
HEIGHT
 70
0
  0
ATTRIB
  5
384
330
17
100
AcDbEntity
  8
0
100
AcDbText
 10
1006.0364999999999
 20
1009.826
 30
100.195
 40
0.1
  1
 
  7
HANIT_TEXT
 72
1
 11
1006.0364999999999
 21
1009.826
 31
100.195
100
AcDbAttribute
  2
MARK
 70
0
  0
SEQEND
  5
381
330
380
100
AcDbEntity
  8
TR_PNT
  0
INSERT
  5
385
330
17
100
AcDbEntity
  8
TR_PNT
100
AcDbBlockReference
 66
1
  2
M1502_P
 10
1005.783
 20
1015.4
 30
101.903
 41
0.25
 42
0.25
 43
0.25
  0
ATTRIB
  5
387
330
17
100
AcDbEntity
  8
0
100
AcDbText
 10
1005.7505
 20
1015.6575
 30
101.903
 40
0.1
  1
150
  7
HANIT_TEXT
 72
1
 11
1005.7505
 21
1015.6575
 31
101.903
100
AcDbAttribute
  2
NAME
 70
0
  0
ATTRIB
  5
388
330
17
100
AcDbEntity
  8
0
100
AcDbText
 10
1005.783
 20
1014.75
 30
101.903
 40
0.1
  1
101.90
  7
HANIT_TEXT
 72
1
 11
1005.783
 21
1014.75
 31
101.903
100
AcDbAttribute
  2
HEIGHT
 70
0
  0
ATTRIB
  5
389
330
17
100
AcDbEntity
  8
0
100
AcDbText
 10
1005.6505
 20
1014.25
 30
101.903
 40
0.1
  1
 
  7
HANIT_TEXT
 72
1
 11
1005.6505
 21
1014.25
 31
101.903
100
AcDbAttribute
  2
MARK
 70
0
  0
SEQEND
  5
386
330
385
100
AcDbEntity
  8
TR_PNT
  0
INSERT
  5
38A
330
17
100
AcDbEntity
  8
TR_PNT
100
AcDbBlockReference
 66
1
  2
M1502_P
 10
1005.762
 20
1015.562
 30
102.563
 41
0.25
 42
0.25
 43
0.25
  0
ATTRIB
  5
38C
330
17
100
AcDbEntity
  8
0
100
AcDbText
 10
1005.7294999999999
 20
1015.8195000000001
 30
102.563
 40
0.1
  1
151
  7
HANIT_TEXT
 72
1
 11
1005.7294999999999
 21
1015.8195000000001
 31
102.563
100
AcDbAttribute
  2
NAME
 70
0
  0
ATTRIB
  5
38D
330
17
100
AcDbEntity
  8
0
100
AcDbText
 10
1005.762
 20
1014.912
 30
102.563
 40
0.1
  1
102.56
  7
HANIT_TEXT
 72
1
 11
1005.762
 21
1014.912
 31
102.563
100
AcDbAttribute
  2
HEIGHT
 70
0
  0
ATTRIB
  5
38E
330
17
100
AcDbEntity
  8
0
100
AcDbText
 10
1005.6294999999999
 20
1014.412
 30
102.563
 40
0.1
  1
 
  7
HANIT_TEXT
 72
1
 11
1005.6294999999999
 21
1014.412
 31
102.563
100
AcDbAttribute
  2
MARK
 70
0
  0
SEQEND
  5
38B
330
38A
100
AcDbEntity
  8
TR_PNT
  0
INSERT
  5
38F
330
17
100
AcDbEntity
  8
TR_PNT
100
AcDbBlockReference
 66
1
  2
M1502_P
 10
1004.982
 20
1025.335
 30
102.567
 41
0.25
 42
0.25
 43
0.25
  0
ATTRIB
  5
391
330
17
100
AcDbEntity
  8
0
100
AcDbText
 10
1004.9495
 20
1025.5925
 30
102.567
 40
0.1
  1
152
  7
HANIT_TEXT
 72
1
 11
1004.9495
 21
1025.5925
 31
102.567
100
AcDbAttribute
  2
NAME
 70
0
  0
ATTRIB
  5
392
330
17
100
AcDbEntity
  8
0
100
AcDbText
 10
1004.982
 20
1024.685
 30
102.567
 40
0.1
  1
102.57
  7
HANIT_TEXT
 72
1
 11
1004.982
 21
1024.685
 31
102.567
100
AcDbAttribute
  2
HEIGHT
 70
0
  0
ATTRIB
  5
393
330
17
100
AcDbEntity
  8
0
100
AcDbText
 10
1004.8494999999999
 20
1024.185
 30
102.567
 40
0.1
  1
 
  7
HANIT_TEXT
 72
1
 11
1004.8494999999999
 21
1024.185
 31
102.567
100
AcDbAttribute
  2
MARK
 70
0
  0
SEQEND
  5
390
330
38F
100
AcDbEntity
  8
TR_PNT
  0
INSERT
  5
394
330
17
100
AcDbEntity
  8
TR_PNT
100
AcDbBlockReference
 66
1
  2
M1502_P
 10
1008.197
 20
1026.691
 30
102.572
 41
0.25
 42
0.25
 43
0.25
  0
ATTRIB
  5
396
330
17
100
AcDbEntity
  8
0
100
AcDbText
 10
1008.1645
 20
1026.9485
 30
102.572
 40
0.1
  1
153
  7
HANIT_TEXT
 72
1
 11
1008.1645
 21
1026.9485
 31
102.572
100
AcDbAttribute
  2
NAME
 70
0
  0
ATTRIB
  5
397
330
17
100
AcDbEntity
  8
0
100
AcDbText
 10
1008.197
 20
1026.041
 30
102.572
 40
0.1
  1
102.57
  7
HANIT_TEXT
 72
1
 11
1008.197
 21
1026.041
 31
102.572
100
AcDbAttribute
  2
HEIGHT
 70
0
  0
ATTRIB
  5
398
330
17
100
AcDbEntity
  8
0
100
AcDbText
 10
1008.0645
 20
1025.541
 30
102.572
 40
0.1
  1
 
  7
HANIT_TEXT
 72
1
 11
1008.0645
 21
1025.541
 31
102.572
100
AcDbAttribute
  2
MARK
 70
0
  0
SEQEND
  5
395
330
394
100
AcDbEntity
  8
TR_PNT
  0
INSERT
  5
399
330
17
100
AcDbEntity
  8
TR_PNT
100
AcDbBlockReference
 66
1
  2
M1502_P
 10
1009.203
 20
1021.714
 30
0.0
 41
0.25
 42
0.25
 43
0.25
  0
ATTRIB
  5
39B
330
17
100
AcDbEntity
  8
0
100
AcDbText
 10
1009.1705
 20
1021.9715000000001
 30
0.0
 40
0.1
  1
154
  7
HANIT_TEXT
 72
1
 11
1009.1705
 21
1021.9715000000001
 31
0.0
100
AcDbAttribute
  2
NAME
 70
0
  0
ATTRIB
  5
39C
330
17
100
AcDbEntity
  8
0
100
AcDbText
 10
1009.203
 20
1021.0640000000001
 30
0.0
 40
0.1
  1

  7
HANIT_TEXT
 72
1
 11
1009.203
 21
1021.0640000000001
 31
0.0
100
AcDbAttribute
  2
HEIGHT
 70
0
  0
ATTRIB
  5
39D
330
17
100
AcDbEntity
  8
0
100
AcDbText
 10
1009.0704999999999
 20
1020.5640000000001
 30
0.0
 40
0.1
  1
 
  7
HANIT_TEXT
 72
1
 11
1009.0704999999999
 21
1020.5640000000001
 31
0.0
100
AcDbAttribute
  2
MARK
 70
0
  0
SEQEND
  5
39A
330
399
100
AcDbEntity
  8
TR_PNT
  0
INSERT
  5
39E
330
17
100
AcDbEntity
  8
TR_PNT
100
AcDbBlockReference
 66
1
  2
M1502_P
 10
1008.675
 20
1020.976
 30
0.0
 41
0.25
 42
0.25
 43
0.25
  0
ATTRIB
  5
3A0
330
17
100
AcDbEntity
  8
0
100
AcDbText
 10
1008.6424999999999
 20
1021.2335
 30
0.0
 40
0.1
  1
155
  7
HANIT_TEXT
 72
1
 11
1008.6424999999999
 21
1021.2335
 31
0.0
100
AcDbAttribute
  2
NAME
 70
0
  0
ATTRIB
  5
3A1
330
17
100
AcDbEntity
  8
0
100
AcDbText
 10
1008.675
 20
1020.326
 30
0.0
 40
0.1
  1

  7
HANIT_TEXT
 72
1
 11
1008.675
 21
1020.326
 31
0.0
100
AcDbAttribute
  2
HEIGHT
 70
0
  0
ATTRIB
  5
3A2
330
17
100
AcDbEntity
  8
0
100
AcDbText
 10
1008.5424999999999
 20
1019.826
 30
0.0
 40
0.1
  1
 
  7
HANIT_TEXT
 72
1
 11
1008.5424999999999
 21
1019.826
 31
0.0
100
AcDbAttribute
  2
MARK
 70
0
  0
SEQEND
  5
39F
330
39E
100
AcDbEntity
  8
TR_PNT
  0
INSERT
  5
3A3
330
17
100
AcDbEntity
  8
TR_PNT
100
AcDbBlockReference
 66
1
  2
M1502_P
 10
1009.381
 20
1010.797
 30
0.0
 41
0.25
 42
0.25
 43
0.25
  0
ATTRIB
  5
3A5
330
17
100
AcDbEntity
  8
0
100
AcDbText
 10
1009.3485
 20
1011.0545000000001
 30
0.0
 40
0.1
  1
156
  7
HANIT_TEXT
 72
1
 11
1009.3485
 21
1011.0545000000001
 31
0.0
100
AcDbAttribute
  2
NAME
 70
0
  0
ATTRIB
  5
3A6
330
17
100
AcDbEntity
  8
0
100
AcDbText
 10
1009.381
 20
1010.147
 30
0.0
 40
0.1
  1

  7
HANIT_TEXT
 72
1
 11
1009.381
 21
1010.147
 31
0.0
100
AcDbAttribute
  2
HEIGHT
 70
0
  0
ATTRIB
  5
3A7
330
17
100
AcDbEntity
  8
0
100
AcDbText
 10
1009.2484999999999
 20
1009.647
 30
0.0
 40
0.1
  1
 
  7
HANIT_TEXT
 72
1
 11
1009.2484999999999
 21
1009.647
 31
0.0
100
AcDbAttribute
  2
MARK
 70
0
  0
SEQEND
  5
3A4
330
3A3
100
AcDbEntity
  8
TR_PNT
  0
INSERT
  5
3A8
330
17
100
AcDbEntity
  8
C1617
100
AcDbBlockReference
 66
1
  2
C1617
 10
1000.0
 20
1000.0
 30
100.0
 41
0.25
 42
0.25
 43
0.25
  0
ATTRIB
  5
3AA
330
17
100
AcDbEntity
  8
0
100
AcDbText
 10
999.69
 20
1000.2925
 30
100.0
 40
0.125
  1
M1
  7
hebtxt
 72
1
 11
999.69
 21
1000.2925
 31
100.0
100
AcDbAttribute
  2
POINT_NAME
 70
0
  0
ATTRIB
  5
3AB
330
17
100
AcDbEntity
  8
0
100
AcDbText
 10
999.8325
 20
998.75
 30
100.0
 40
0.125
  1
 
  7
hebtxt
 72
1
 11
999.8325
 21
998.75
 31
100.0
100
AcDbAttribute
  2
MARK_DESC
 70
0
  0
ATTRIB
  5
3AC
330
17
100
AcDbEntity
  8
0
100
AcDbText
 10
1000.0
 20
999.5
 30
100.0
 40
0.125
  1

  7
hebtxt
 72
1
 11
1000.0
 21
999.5
 31
100.0
100
AcDbAttribute
  2
MARK
 70
0
  0
ATTRIB
  5
3AD
330
17
100
AcDbEntity
  8
0
100
AcDbText
 10
1000.0
 20
999.125
 30
100.0
 40
0.125
  1

  7
hebtxt
 72
1
 11
1000.0
 21
999.125
 31
100.0
100
AcDbAttribute
  2
CLASS
 70
0
  0
ATTRIB
  5
3AE
330
17
100
AcDbEntity
  8
0
100
AcDbText
 10
1000.0
 20
998.75
 30
100.0
 40
0.125
  1

  7
hebtxt
 72
1
 11
1000.0
 21
998.75
 31
100.0
100
AcDbAttribute
  2
SOURCE
 70
0
  0
ATTRIB
  5
3AF
330
17
100
AcDbEntity
  8
0
100
AcDbText
 10
1000.0
 20
998.375
 30
100.0
 40
0.125
  1

  7
hebtxt
 72
1
 11
1000.0
 21
998.375
 31
100.0
100
AcDbAttribute
  2
TOPO
 70
0
  0
ATTRIB
  5
3B0
330
17
100
AcDbEntity
  8
0
100
AcDbText
 10
999.4025
 20
999.5
 30
100.0
 40
0.125
  1
100.00
  7
hebtxt
 72
1
 11
999.4025
 21
999.5
 31
100.0
100
AcDbAttribute
  2
HEIGHT
 70
0
  0
ATTRIB
  5
3B1
330
17
100
AcDbEntity
  8
0
100
AcDbText
 10
1000.0
 20
997.625
 30
100.0
 40
0.125
  1

  7
hebtxt
 72
1
 11
1000.0
 21
997.625
 31
100.0
100
AcDbAttribute
  2
COMMENT
 70
0
  0
SEQEND
  5
3A9
330
3A8
100
AcDbEntity
  8
C1617
  0
INSERT
  5
3B2
330
17
100
AcDbEntity
  8
C1617
100
AcDbBlockReference
 66
1
  2
C1617
 10
987.731
 20
1005.305
 30
100.325
 41
0.25
 42
0.25
 43
0.25
  0
ATTRIB
  5
3B4
330
17
100
AcDbEntity
  8
0
100
AcDbText
 10
987.421
 20
1005.5975
 30
100.325
 40
0.125
  1
M2
  7
hebtxt
 72
1
 11
987.421
 21
1005.5975
 31
100.325
100
AcDbAttribute
  2
POINT_NAME
 70
0
  0
ATTRIB
  5
3B5
330
17
100
AcDbEntity
  8
0
100
AcDbText
 10
987.5635
 20
1004.055
 30
100.325
 40
0.125
  1
 
  7
hebtxt
 72
1
 11
987.5635
 21
1004.055
 31
100.325
100
AcDbAttribute
  2
MARK_DESC
 70
0
  0
ATTRIB
  5
3B6
330
17
100
AcDbEntity
  8
0
100
AcDbText
 10
987.731
 20
1004.805
 30
100.325
 40
0.125
  1

  7
hebtxt
 72
1
 11
987.731
 21
1004.805
 31
100.325
100
AcDbAttribute
  2
MARK
 70
0
  0
ATTRIB
  5
3B7
330
17
100
AcDbEntity
  8
0
100
AcDbText
 10
987.731
 20
1004.43
 30
100.325
 40
0.125
  1

  7
hebtxt
 72
1
 11
987.731
 21
1004.43
 31
100.325
100
AcDbAttribute
  2
CLASS
 70
0
  0
ATTRIB
  5
3B8
330
17
100
AcDbEntity
  8
0
100
AcDbText
 10
987.731
 20
1004.055
 30
100.325
 40
0.125
  1

  7
hebtxt
 72
1
 11
987.731
 21
1004.055
 31
100.325
100
AcDbAttribute
  2
SOURCE
 70
0
  0
ATTRIB
  5
3B9
330
17
100
AcDbEntity
  8
0
100
AcDbText
 10
987.731
 20
1003.68
 30
100.325
 40
0.125
  1

  7
hebtxt
 72
1
 11
987.731
 21
1003.68
 31
100.325
100
AcDbAttribute
  2
TOPO
 70
0
  0
ATTRIB
  5
3BA
330
17
100
AcDbEntity
  8
0
100
AcDbText
 10
987.1335
 20
1004.805
 30
100.325
 40
0.125
  1
100.33
  7
hebtxt
 72
1
 11
987.1335
 21
1004.805
 31
100.325
100
AcDbAttribute
  2
HEIGHT
 70
0
  0
ATTRIB
  5
3BB
330
17
100
AcDbEntity
  8
0
100
AcDbText
 10
987.731
 20
1002.93
 30
100.325
 40
0.125
  1

  7
hebtxt
 72
1
 11
987.731
 21
1002.93
 31
100.325
100
AcDbAttribute
  2
COMMENT
 70
0
  0
SEQEND
  5
3B3
330
3B2
100
AcDbEntity
  8
C1617
  0
INSERT
  5
3BC
330
17
100
AcDbEntity
  8
C1617
100
AcDbBlockReference
 66
1
  2
C1617
 10
1002.99
 20
1027.312
 30
100.432
 41
0.25
 42
0.25
 43
0.25
  0
ATTRIB
  5
3BE
330
17
100
AcDbEntity
  8
0
100
AcDbText
 10
1002.6800000000001
 20
1027.6045
 30
100.432
 40
0.125
  1
M3
  7
hebtxt
 72
1
 11
1002.6800000000001
 21
1027.6045
 31
100.432
100
AcDbAttribute
  2
POINT_NAME
 70
0
  0
ATTRIB
  5
3BF
330
17
100
AcDbEntity
  8
0
100
AcDbText
 10
1002.8225
 20
1026.062
 30
100.432
 40
0.125
  1
 
  7
hebtxt
 72
1
 11
1002.8225
 21
1026.062
 31
100.432
100
AcDbAttribute
  2
MARK_DESC
 70
0
  0
ATTRIB
  5
3C0
330
17
100
AcDbEntity
  8
0
100
AcDbText
 10
1002.99
 20
1026.812
 30
100.432
 40
0.125
  1

  7
hebtxt
 72
1
 11
1002.99
 21
1026.812
 31
100.432
100
AcDbAttribute
  2
MARK
 70
0
  0
ATTRIB
  5
3C1
330
17
100
AcDbEntity
  8
0
100
AcDbText
 10
1002.99
 20
1026.437
 30
100.432
 40
0.125
  1

  7
hebtxt
 72
1
 11
1002.99
 21
1026.437
 31
100.432
100
AcDbAttribute
  2
CLASS
 70
0
  0
ATTRIB
  5
3C2
330
17
100
AcDbEntity
  8
0
100
AcDbText
 10
1002.99
 20
1026.062
 30
100.432
 40
0.125
  1

  7
hebtxt
 72
1
 11
1002.99
 21
1026.062
 31
100.432
100
AcDbAttribute
  2
SOURCE
 70
0
  0
ATTRIB
  5
3C3
330
17
100
AcDbEntity
  8
0
100
AcDbText
 10
1002.99
 20
1025.687
 30
100.432
 40
0.125
  1

  7
hebtxt
 72
1
 11
1002.99
 21
1025.687
 31
100.432
100
AcDbAttribute
  2
TOPO
 70
0
  0
ATTRIB
  5
3C4
330
17
100
AcDbEntity
  8
0
100
AcDbText
 10
1002.3925
 20
1026.812
 30
100.432
 40
0.125
  1
100.43
  7
hebtxt
 72
1
 11
1002.3925
 21
1026.812
 31
100.432
100
AcDbAttribute
  2
HEIGHT
 70
0
  0
ATTRIB
  5
3C5
330
17
100
AcDbEntity
  8
0
100
AcDbText
 10
1002.99
 20
1024.937
 30
100.432
 40
0.125
  1

  7
hebtxt
 72
1
 11
1002.99
 21
1024.937
 31
100.432
100
AcDbAttribute
  2
COMMENT
 70
0
  0
SEQEND
  5
3BD
330
3BC
100
AcDbEntity
  8
C1617
  0
INSERT
  5
3C6
330
17
100
AcDbEntity
  8
C1617
100
AcDbBlockReference
 66
1
  2
C1617
 10
1030.592
 20
1030.317
 30
100.277
 41
0.25
 42
0.25
 43
0.25
  0
ATTRIB
  5
3C8
330
17
100
AcDbEntity
  8
0
100
AcDbText
 10
1030.2820000000002
 20
1030.6095
 30
100.277
 40
0.125
  1
M4
  7
hebtxt
 72
1
 11
1030.2820000000002
 21
1030.6095
 31
100.277
100
AcDbAttribute
  2
POINT_NAME
 70
0
  0
ATTRIB
  5
3C9
330
17
100
AcDbEntity
  8
0
100
AcDbText
 10
1030.4245
 20
1029.067
 30
100.277
 40
0.125
  1
 
  7
hebtxt
 72
1
 11
1030.4245
 21
1029.067
 31
100.277
100
AcDbAttribute
  2
MARK_DESC
 70
0
  0
ATTRIB
  5
3CA
330
17
100
AcDbEntity
  8
0
100
AcDbText
 10
1030.592
 20
1029.817
 30
100.277
 40
0.125
  1

  7
hebtxt
 72
1
 11
1030.592
 21
1029.817
 31
100.277
100
AcDbAttribute
  2
MARK
 70
0
  0
ATTRIB
  5
3CB
330
17
100
AcDbEntity
  8
0
100
AcDbText
 10
1030.592
 20
1029.442
 30
100.277
 40
0.125
  1

  7
hebtxt
 72
1
 11
1030.592
 21
1029.442
 31
100.277
100
AcDbAttribute
  2
CLASS
 70
0
  0
ATTRIB
  5
3CC
330
17
100
AcDbEntity
  8
0
100
AcDbText
 10
1030.592
 20
1029.067
 30
100.277
 40
0.125
  1

  7
hebtxt
 72
1
 11
1030.592
 21
1029.067
 31
100.277
100
AcDbAttribute
  2
SOURCE
 70
0
  0
ATTRIB
  5
3CD
330
17
100
AcDbEntity
  8
0
100
AcDbText
 10
1030.592
 20
1028.692
 30
100.277
 40
0.125
  1

  7
hebtxt
 72
1
 11
1030.592
 21
1028.692
 31
100.277
100
AcDbAttribute
  2
TOPO
 70
0
  0
ATTRIB
  5
3CE
330
17
100
AcDbEntity
  8
0
100
AcDbText
 10
1029.9945
 20
1029.817
 30
100.277
 40
0.125
  1
100.28
  7
hebtxt
 72
1
 11
1029.9945
 21
1029.817
 31
100.277
100
AcDbAttribute
  2
HEIGHT
 70
0
  0
ATTRIB
  5
3CF
330
17
100
AcDbEntity
  8
0
100
AcDbText
 10
1030.592
 20
1027.942
 30
100.277
 40
0.125
  1

  7
hebtxt
 72
1
 11
1030.592
 21
1027.942
 31
100.277
100
AcDbAttribute
  2
COMMENT
 70
0
  0
SEQEND
  5
3C7
330
3C6
100
AcDbEntity
  8
C1617
  0
INSERT
  5
3D0
330
17
100
AcDbEntity
  8
C1617
100
AcDbBlockReference
 66
1
  2
C1617
 10
984.331
 20
1026.519
 30
100.554
 41
0.25
 42
0.25
 43
0.25
  0
ATTRIB
  5
3D2
330
17
100
AcDbEntity
  8
0
100
AcDbText
 10
984.0210000000001
 20
1026.8115
 30
100.554
 40
0.125
  1
AM1
  7
hebtxt
 72
1
 11
984.0210000000001
 21
1026.8115
 31
100.554
100
AcDbAttribute
  2
POINT_NAME
 70
0
  0
ATTRIB
  5
3D3
330
17
100
AcDbEntity
  8
0
100
AcDbText
 10
984.1635
 20
1025.269
 30
100.554
 40
0.125
  1
 
  7
hebtxt
 72
1
 11
984.1635
 21
1025.269
 31
100.554
100
AcDbAttribute
  2
MARK_DESC
 70
0
  0
ATTRIB
  5
3D4
330
17
100
AcDbEntity
  8
0
100
AcDbText
 10
984.331
 20
1026.019
 30
100.554
 40
0.125
  1

  7
hebtxt
 72
1
 11
984.331
 21
1026.019
 31
100.554
100
AcDbAttribute
  2
MARK
 70
0
  0
ATTRIB
  5
3D5
330
17
100
AcDbEntity
  8
0
100
AcDbText
 10
984.331
 20
1025.644
 30
100.554
 40
0.125
  1

  7
hebtxt
 72
1
 11
984.331
 21
1025.644
 31
100.554
100
AcDbAttribute
  2
CLASS
 70
0
  0
ATTRIB
  5
3D6
330
17
100
AcDbEntity
  8
0
100
AcDbText
 10
984.331
 20
1025.269
 30
100.554
 40
0.125
  1

  7
hebtxt
 72
1
 11
984.331
 21
1025.269
 31
100.554
100
AcDbAttribute
  2
SOURCE
 70
0
  0
ATTRIB
  5
3D7
330
17
100
AcDbEntity
  8
0
100
AcDbText
 10
984.331
 20
1024.894
 30
100.554
 40
0.125
  1

  7
hebtxt
 72
1
 11
984.331
 21
1024.894
 31
100.554
100
AcDbAttribute
  2
TOPO
 70
0
  0
ATTRIB
  5
3D8
330
17
100
AcDbEntity
  8
0
100
AcDbText
 10
983.7335
 20
1026.019
 30
100.554
 40
0.125
  1
100.55
  7
hebtxt
 72
1
 11
983.7335
 21
1026.019
 31
100.554
100
AcDbAttribute
  2
HEIGHT
 70
0
  0
ATTRIB
  5
3D9
330
17
100
AcDbEntity
  8
0
100
AcDbText
 10
984.331
 20
1024.144
 30
100.554
 40
0.125
  1

  7
hebtxt
 72
1
 11
984.331
 21
1024.144
 31
100.554
100
AcDbAttribute
  2
COMMENT
 70
0
  0
SEQEND
  5
3D1
330
3D0
100
AcDbEntity
  8
C1617
  0
INSERT
  5
3DA
330
17
100
AcDbEntity
  8
M2801
100
AcDbBlockReference
 66
1
  2
M2801_E
 10
1003.337
 20
988.067
 30
100.341
 41
0.25
 42
0.25
 43
0.25
  0
ATTRIB
  5
3DC
330
17
100
AcDbEntity
  8
0
100
AcDbText
 10
1002.722
 20
988.3245000000001
 30
100.341
 40
0.1
  1
22.5
  7
HANIT_TEXT
 72
1
 11
1002.722
 21
988.3245000000001
 31
100.341
100
AcDbAttribute
  2
NAME
 70
0
  0
ATTRIB
  5
3DD
330
17
100
AcDbEntity
  8
0
100
AcDbText
 10
1002.3695
 20
987.417
 30
100.341
 40
0.1
  1
100.34
  7
HANIT_TEXT
 72
1
 11
1002.3695
 21
987.417
 31
100.341
100
AcDbAttribute
  2
HEIGHT
 70
0
  0
ATTRIB
  5
3DE
330
17
100
AcDbEntity
  8
0
100
AcDbText
 10
1003.027
 20
986.917
 30
100.341
 40
0.1
  1
ברוש
  7
HANIT_TEXT
 72
1
 11
1003.027
 21
986.917
 31
100.341
100
AcDbAttribute
  2
MARK
 70
0
  0
ATTRIB
  5
3DF
330
17
100
AcDbEntity
  8
0
100
AcDbText
 10
1003.337
 20
986.417
 30
100.341
 40
0.1
  1

  7
HANIT_TEXT
 72
1
 11
1003.337
 21
986.417
 31
100.341
100
AcDbAttribute
  2
DIAMETER
 70
0
  0
ATTRIB
  5
3E0
330
17
100
AcDbEntity
  8
0
100
AcDbText
 10
1003.337
 20
985.417
 30
100.341
 40
0.1
  1

  7
HANIT_TEXT
 72
1
 11
1003.337
 21
985.417
 31
100.341
100
AcDbAttribute
  2
TYPE
 70
0
  0
ATTRIB
  5
3E1
330
17
100
AcDbEntity
  8
0
100
AcDbText
 10
1003.337
 20
985.917
 30
100.341
 40
0.1
  1

  7
HANIT_TEXT
 72
1
 11
1003.337
 21
985.917
 31
100.341
100
AcDbAttribute
  2
TOP_DIAMETER
 70
0
  0
SEQEND
  5
3DB
330
3DA
100
AcDbEntity
  8
M2801
  0
INSERT
  5
3E2
330
17
100
AcDbEntity
  8
M2801
100
AcDbBlockReference
 66
1
  2
M2801_E
 10
1005.904
 20
1004.939
 30
100.065
 41
0.25
 42
0.25
 43
0.25
  0
ATTRIB
  5
3E4
330
17
100
AcDbEntity
  8
0
100
AcDbText
 10
1005.289
 20
1005.1965
 30
100.065
 40
0.1
  1
49.2
  7
HANIT_TEXT
 72
1
 11
1005.289
 21
1005.1965
 31
100.065
100
AcDbAttribute
  2
NAME
 70
0
  0
ATTRIB
  5
3E5
330
17
100
AcDbEntity
  8
0
100
AcDbText
 10
1004.9365
 20
1004.289
 30
100.065
 40
0.1
  1
100.06
  7
HANIT_TEXT
 72
1
 11
1004.9365
 21
1004.289
 31
100.065
100
AcDbAttribute
  2
HEIGHT
 70
0
  0
ATTRIB
  5
3E6
330
17
100
AcDbEntity
  8
0
100
AcDbText
 10
1005.594
 20
1003.789
 30
100.065
 40
0.1
  1
ברוש
  7
HANIT_TEXT
 72
1
 11
1005.594
 21
1003.789
 31
100.065
100
AcDbAttribute
  2
MARK
 70
0
  0
ATTRIB
  5
3E7
330
17
100
AcDbEntity
  8
0
100
AcDbText
 10
1005.904
 20
1003.289
 30
100.065
 40
0.1
  1

  7
HANIT_TEXT
 72
1
 11
1005.904
 21
1003.289
 31
100.065
100
AcDbAttribute
  2
DIAMETER
 70
0
  0
ATTRIB
  5
3E8
330
17
100
AcDbEntity
  8
0
100
AcDbText
 10
1005.904
 20
1002.289
 30
100.065
 40
0.1
  1

  7
HANIT_TEXT
 72
1
 11
1005.904
 21
1002.289
 31
100.065
100
AcDbAttribute
  2
TYPE
 70
0
  0
ATTRIB
  5
3E9
330
17
100
AcDbEntity
  8
0
100
AcDbText
 10
1005.904
 20
1002.789
 30
100.065
 40
0.1
  1

  7
HANIT_TEXT
 72
1
 11
1005.904
 21
1002.789
 31
100.065
100
AcDbAttribute
  2
TOP_DIAMETER
 70
0
  0
SEQEND
  5
3E3
330
3E2
100
AcDbEntity
  8
M2801
  0
INSERT
  5
3EA
330
17
100
AcDbEntity
  8
M2801
100
AcDbBlockReference
 66
1
  2
M2801_E
 10
1006.254
 20
1002.647
 30
100.059
 41
0.25
 42
0.25
 43
0.25
  0
ATTRIB
  5
3EC
330
17
100
AcDbEntity
  8
0
100
AcDbText
 10
1005.639
 20
1002.9045000000001
 30
100.059
 40
0.1
  1
50.1
  7
HANIT_TEXT
 72
1
 11
1005.639
 21
1002.9045000000001
 31
100.059
100
AcDbAttribute
  2
NAME
 70
0
  0
ATTRIB
  5
3ED
330
17
100
AcDbEntity
  8
0
100
AcDbText
 10
1005.2865
 20
1001.9970000000001
 30
100.059
 40
0.1
  1
100.06
  7
HANIT_TEXT
 72
1
 11
1005.2865
 21
1001.9970000000001
 31
100.059
100
AcDbAttribute
  2
HEIGHT
 70
0
  0
ATTRIB
  5
3EE
330
17
100
AcDbEntity
  8
0
100
AcDbText
 10
1005.9440000000001
 20
1001.4970000000001
 30
100.059
 40
0.1
  1
ברוש
  7
HANIT_TEXT
 72
1
 11
1005.9440000000001
 21
1001.4970000000001
 31
100.059
100
AcDbAttribute
  2
MARK
 70
0
  0
ATTRIB
  5
3EF
330
17
100
AcDbEntity
  8
0
100
AcDbText
 10
1006.254
 20
1000.9970000000001
 30
100.059
 40
0.1
  1

  7
HANIT_TEXT
 72
1
 11
1006.254
 21
1000.9970000000001
 31
100.059
100
AcDbAttribute
  2
DIAMETER
 70
0
  0
ATTRIB
  5
3F0
330
17
100
AcDbEntity
  8
0
100
AcDbText
 10
1006.254
 20
999.9970000000001
 30
100.059
 40
0.1
  1

  7
HANIT_TEXT
 72
1
 11
1006.254
 21
999.9970000000001
 31
100.059
100
AcDbAttribute
  2
TYPE
 70
0
  0
ATTRIB
  5
3F1
330
17
100
AcDbEntity
  8
0
100
AcDbText
 10
1006.254
 20
1000.4970000000001
 30
100.059
 40
0.1
  1

  7
HANIT_TEXT
 72
1
 11
1006.254
 21
1000.4970000000001
 31
100.059
100
AcDbAttribute
  2
TOP_DIAMETER
 70
0
  0
SEQEND
  5
3EB
330
3EA
100
AcDbEntity
  8
M2801
  0
INSERT
  5
3F2
330
17
100
AcDbEntity
  8
M2801
100
AcDbBlockReference
 66
1
  2
M2801_E
 10
1006.223
 20
1001.467
 30
100.16
 41
0.25
 42
0.25
 43
0.25
  0
ATTRIB
  5
3F4
330
17
100
AcDbEntity
  8
0
100
AcDbText
 10
1005.608
 20
1001.7245
 30
100.16
 40
0.1
  1
51.3
  7
HANIT_TEXT
 72
1
 11
1005.608
 21
1001.7245
 31
100.16
100
AcDbAttribute
  2
NAME
 70
0
  0
ATTRIB
  5
3F5
330
17
100
AcDbEntity
  8
0
100
AcDbText
 10
1005.2555
 20
1000.817
 30
100.16
 40
0.1
  1
100.16
  7
HANIT_TEXT
 72
1
 11
1005.2555
 21
1000.817
 31
100.16
100
AcDbAttribute
  2
HEIGHT
 70
0
  0
ATTRIB
  5
3F6
330
17
100
AcDbEntity
  8
0
100
AcDbText
 10
1005.913
 20
1000.317
 30
100.16
 40
0.1
  1
ברוש
  7
HANIT_TEXT
 72
1
 11
1005.913
 21
1000.317
 31
100.16
100
AcDbAttribute
  2
MARK
 70
0
  0
ATTRIB
  5
3F7
330
17
100
AcDbEntity
  8
0
100
AcDbText
 10
1006.223
 20
999.817
 30
100.16
 40
0.1
  1

  7
HANIT_TEXT
 72
1
 11
1006.223
 21
999.817
 31
100.16
100
AcDbAttribute
  2
DIAMETER
 70
0
  0
ATTRIB
  5
3F8
330
17
100
AcDbEntity
  8
0
100
AcDbText
 10
1006.223
 20
998.817
 30
100.16
 40
0.1
  1

  7
HANIT_TEXT
 72
1
 11
1006.223
 21
998.817
 31
100.16
100
AcDbAttribute
  2
TYPE
 70
0
  0
ATTRIB
  5
3F9
330
17
100
AcDbEntity
  8
0
100
AcDbText
 10
1006.223
 20
999.317
 30
100.16
 40
0.1
  1

  7
HANIT_TEXT
 72
1
 11
1006.223
 21
999.317
 31
100.16
100
AcDbAttribute
  2
TOP_DIAMETER
 70
0
  0
SEQEND
  5
3F3
330
3F2
100
AcDbEntity
  8
M2801
  0
INSERT
  5
3FA
330
17
100
AcDbEntity
  8
M2801
100
AcDbBlockReference
 66
1
  2
M2801_E
 10
968.853
 20
1031.065
 30
0.0
 41
0.25
 42
0.25
 43
0.25
  0
ATTRIB
  5
3FC
330
17
100
AcDbEntity
  8
0
100
AcDbText
 10
968.2379999999999
 20
1031.3225
 30
0.0
 40
0.1
  1
95.2
  7
HANIT_TEXT
 72
1
 11
968.2379999999999
 21
1031.3225
 31
0.0
100
AcDbAttribute
  2
NAME
 70
0
  0
ATTRIB
  5
3FD
330
17
100
AcDbEntity
  8
0
100
AcDbText
 10
967.8855
 20
1030.415
 30
0.0
 40
0.1
  1

  7
HANIT_TEXT
 72
1
 11
967.8855
 21
1030.415
 31
0.0
100
AcDbAttribute
  2
HEIGHT
 70
0
  0
ATTRIB
  5
3FE
330
17
100
AcDbEntity
  8
0
100
AcDbText
 10
968.543
 20
1029.915
 30
0.0
 40
0.1
  1
ברוש
  7
HANIT_TEXT
 72
1
 11
968.543
 21
1029.915
 31
0.0
100
AcDbAttribute
  2
MARK
 70
0
  0
ATTRIB
  5
3FF
330
17
100
AcDbEntity
  8
0
100
AcDbText
 10
968.853
 20
1029.415
 30
0.0
 40
0.1
  1

  7
HANIT_TEXT
 72
1
 11
968.853
 21
1029.415
 31
0.0
100
AcDbAttribute
  2
DIAMETER
 70
0
  0
ATTRIB
  5
400
330
17
100
AcDbEntity
  8
0
100
AcDbText
 10
968.853
 20
1028.415
 30
0.0
 40
0.1
  1

  7
HANIT_TEXT
 72
1
 11
968.853
 21
1028.415
 31
0.0
100
AcDbAttribute
  2
TYPE
 70
0
  0
ATTRIB
  5
401
330
17
100
AcDbEntity
  8
0
100
AcDbText
 10
968.853
 20
1028.915
 30
0.0
 40
0.1
  1

  7
HANIT_TEXT
 72
1
 11
968.853
 21
1028.915
 31
0.0
100
AcDbAttribute
  2
TOP_DIAMETER
 70
0
  0
SEQEND
  5
3FB
330
3FA
100
AcDbEntity
  8
M2801
  0
INSERT
  5
402
330
17
100
AcDbEntity
  8
M2801
100
AcDbBlockReference
 66
1
  2
M2801_E
 10
972.797
 20
1031.421
 30
0.0
 41
0.25
 42
0.25
 43
0.25
  0
ATTRIB
  5
404
330
17
100
AcDbEntity
  8
0
100
AcDbText
 10
972.182
 20
1031.6785
 30
0.0
 40
0.1
  1
96.2
  7
HANIT_TEXT
 72
1
 11
972.182
 21
1031.6785
 31
0.0
100
AcDbAttribute
  2
NAME
 70
0
  0
ATTRIB
  5
405
330
17
100
AcDbEntity
  8
0
100
AcDbText
 10
971.8295
 20
1030.771
 30
0.0
 40
0.1
  1

  7
HANIT_TEXT
 72
1
 11
971.8295
 21
1030.771
 31
0.0
100
AcDbAttribute
  2
HEIGHT
 70
0
  0
ATTRIB
  5
406
330
17
100
AcDbEntity
  8
0
100
AcDbText
 10
972.4870000000001
 20
1030.271
 30
0.0
 40
0.1
  1
ברוש
  7
HANIT_TEXT
 72
1
 11
972.4870000000001
 21
1030.271
 31
0.0
100
AcDbAttribute
  2
MARK
 70
0
  0
ATTRIB
  5
407
330
17
100
AcDbEntity
  8
0
100
AcDbText
 10
972.797
 20
1029.771
 30
0.0
 40
0.1
  1

  7
HANIT_TEXT
 72
1
 11
972.797
 21
1029.771
 31
0.0
100
AcDbAttribute
  2
DIAMETER
 70
0
  0
ATTRIB
  5
408
330
17
100
AcDbEntity
  8
0
100
AcDbText
 10
972.797
 20
1028.771
 30
0.0
 40
0.1
  1

  7
HANIT_TEXT
 72
1
 11
972.797
 21
1028.771
 31
0.0
100
AcDbAttribute
  2
TYPE
 70
0
  0
ATTRIB
  5
409
330
17
100
AcDbEntity
  8
0
100
AcDbText
 10
972.797
 20
1029.271
 30
0.0
 40
0.1
  1

  7
HANIT_TEXT
 72
1
 11
972.797
 21
1029.271
 31
0.0
100
AcDbAttribute
  2
TOP_DIAMETER
 70
0
  0
SEQEND
  5
403
330
402
100
AcDbEntity
  8
M2801
  0
INSERT
  5
40A
330
17
100
AcDbEntity
  8
M2801
100
AcDbBlockReference
 66
1
  2
M2801_E
 10
975.32
 20
1031.5
 30
0.0
 41
0.25
 42
0.25
 43
0.25
  0
ATTRIB
  5
40C
330
17
100
AcDbEntity
  8
0
100
AcDbText
 10
974.705
 20
1031.7575
 30
0.0
 40
0.1
  1
97.3
  7
HANIT_TEXT
 72
1
 11
974.705
 21
1031.7575
 31
0.0
100
AcDbAttribute
  2
NAME
 70
0
  0
ATTRIB
  5
40D
330
17
100
AcDbEntity
  8
0
100
AcDbText
 10
974.3525000000001
 20
1030.85
 30
0.0
 40
0.1
  1

  7
HANIT_TEXT
 72
1
 11
974.3525000000001
 21
1030.85
 31
0.0
100
AcDbAttribute
  2
HEIGHT
 70
0
  0
ATTRIB
  5
40E
330
17
100
AcDbEntity
  8
0
100
AcDbText
 10
975.0100000000001
 20
1030.35
 30
0.0
 40
0.1
  1
ברוש
  7
HANIT_TEXT
 72
1
 11
975.0100000000001
 21
1030.35
 31
0.0
100
AcDbAttribute
  2
MARK
 70
0
  0
ATTRIB
  5
40F
330
17
100
AcDbEntity
  8
0
100
AcDbText
 10
975.32
 20
1029.85
 30
0.0
 40
0.1
  1

  7
HANIT_TEXT
 72
1
 11
975.32
 21
1029.85
 31
0.0
100
AcDbAttribute
  2
DIAMETER
 70
0
  0
ATTRIB
  5
410
330
17
100
AcDbEntity
  8
0
100
AcDbText
 10
975.32
 20
1028.85
 30
0.0
 40
0.1
  1

  7
HANIT_TEXT
 72
1
 11
975.32
 21
1028.85
 31
0.0
100
AcDbAttribute
  2
TYPE
 70
0
  0
ATTRIB
  5
411
330
17
100
AcDbEntity
  8
0
100
AcDbText
 10
975.32
 20
1029.35
 30
0.0
 40
0.1
  1

  7
HANIT_TEXT
 72
1
 11
975.32
 21
1029.35
 31
0.0
100
AcDbAttribute
  2
TOP_DIAMETER
 70
0
  0
SEQEND
  5
40B
330
40A
100
AcDbEntity
  8
M2801
  0
INSERT
  5
412
330
17
100
AcDbEntity
  8
M2801
100
AcDbBlockReference
 66
1
  2
M2801_E
 10
969.133
 20
1035.527
 30
0.0
 41
0.25
 42
0.25
 43
0.25
  0
ATTRIB
  5
414
330
17
100
AcDbEntity
  8
0
100
AcDbText
 10
968.518
 20
1035.7845
 30
0.0
 40
0.1
  1
98.3
  7
HANIT_TEXT
 72
1
 11
968.518
 21
1035.7845
 31
0.0
100
AcDbAttribute
  2
NAME
 70
0
  0
ATTRIB
  5
415
330
17
100
AcDbEntity
  8
0
100
AcDbText
 10
968.1655000000001
 20
1034.877
 30
0.0
 40
0.1
  1

  7
HANIT_TEXT
 72
1
 11
968.1655000000001
 21
1034.877
 31
0.0
100
AcDbAttribute
  2
HEIGHT
 70
0
  0
ATTRIB
  5
416
330
17
100
AcDbEntity
  8
0
100
AcDbText
 10
968.8230000000001
 20
1034.377
 30
0.0
 40
0.1
  1
ברוש
  7
HANIT_TEXT
 72
1
 11
968.8230000000001
 21
1034.377
 31
0.0
100
AcDbAttribute
  2
MARK
 70
0
  0
ATTRIB
  5
417
330
17
100
AcDbEntity
  8
0
100
AcDbText
 10
969.133
 20
1033.877
 30
0.0
 40
0.1
  1

  7
HANIT_TEXT
 72
1
 11
969.133
 21
1033.877
 31
0.0
100
AcDbAttribute
  2
DIAMETER
 70
0
  0
ATTRIB
  5
418
330
17
100
AcDbEntity
  8
0
100
AcDbText
 10
969.133
 20
1032.877
 30
0.0
 40
0.1
  1

  7
HANIT_TEXT
 72
1
 11
969.133
 21
1032.877
 31
0.0
100
AcDbAttribute
  2
TYPE
 70
0
  0
ATTRIB
  5
419
330
17
100
AcDbEntity
  8
0
100
AcDbText
 10
969.133
 20
1033.377
 30
0.0
 40
0.1
  1

  7
HANIT_TEXT
 72
1
 11
969.133
 21
1033.377
 31
0.0
100
AcDbAttribute
  2
TOP_DIAMETER
 70
0
  0
SEQEND
  5
413
330
412
100
AcDbEntity
  8
M2801
  0
INSERT
  5
41A
330
17
100
AcDbEntity
  8
M2801
100
AcDbBlockReference
 66
1
  2
M2801_E
 10
974.894
 20
1035.84
 30
0.0
 41
0.25
 42
0.25
 43
0.25
  0
ATTRIB
  5
41C
330
17
100
AcDbEntity
  8
0
100
AcDbText
 10
974.279
 20
1036.0974999999999
 30
0.0
 40
0.1
  1
99.4
  7
HANIT_TEXT
 72
1
 11
974.279
 21
1036.0974999999999
 31
0.0
100
AcDbAttribute
  2
NAME
 70
0
  0
ATTRIB
  5
41D
330
17
100
AcDbEntity
  8
0
100
AcDbText
 10
973.9265
 20
1035.1899999999998
 30
0.0
 40
0.1
  1

  7
HANIT_TEXT
 72
1
 11
973.9265
 21
1035.1899999999998
 31
0.0
100
AcDbAttribute
  2
HEIGHT
 70
0
  0
ATTRIB
  5
41E
330
17
100
AcDbEntity
  8
0
100
AcDbText
 10
974.5840000000001
 20
1034.6899999999998
 30
0.0
 40
0.1
  1
ברוש
  7
HANIT_TEXT
 72
1
 11
974.5840000000001
 21
1034.6899999999998
 31
0.0
100
AcDbAttribute
  2
MARK
 70
0
  0
ATTRIB
  5
41F
330
17
100
AcDbEntity
  8
0
100
AcDbText
 10
974.894
 20
1034.1899999999998
 30
0.0
 40
0.1
  1

  7
HANIT_TEXT
 72
1
 11
974.894
 21
1034.1899999999998
 31
0.0
100
AcDbAttribute
  2
DIAMETER
 70
0
  0
ATTRIB
  5
420
330
17
100
AcDbEntity
  8
0
100
AcDbText
 10
974.894
 20
1033.1899999999998
 30
0.0
 40
0.1
  1

  7
HANIT_TEXT
 72
1
 11
974.894
 21
1033.1899999999998
 31
0.0
100
AcDbAttribute
  2
TYPE
 70
0
  0
ATTRIB
  5
421
330
17
100
AcDbEntity
  8
0
100
AcDbText
 10
974.894
 20
1033.6899999999998
 30
0.0
 40
0.1
  1

  7
HANIT_TEXT
 72
1
 11
974.894
 21
1033.6899999999998
 31
0.0
100
AcDbAttribute
  2
TOP_DIAMETER
 70
0
  0
SEQEND
  5
41B
330
41A
100
AcDbEntity
  8
M2801
  0
INSERT
  5
422
330
17
100
AcDbEntity
  8
M2801
100
AcDbBlockReference
 66
1
  2
M2801_E
 10
979.445
 20
1036.502
 30
0.0
 41
0.25
 42
0.25
 43
0.25
  0
ATTRIB
  5
424
330
17
100
AcDbEntity
  8
0
100
AcDbText
 10
978.83
 20
1036.7595
 30
0.0
 40
0.1
  1
100.2
  7
HANIT_TEXT
 72
1
 11
978.83
 21
1036.7595
 31
0.0
100
AcDbAttribute
  2
NAME
 70
0
  0
ATTRIB
  5
425
330
17
100
AcDbEntity
  8
0
100
AcDbText
 10
978.4775000000001
 20
1035.8519999999999
 30
0.0
 40
0.1
  1

  7
HANIT_TEXT
 72
1
 11
978.4775000000001
 21
1035.8519999999999
 31
0.0
100
AcDbAttribute
  2
HEIGHT
 70
0
  0
ATTRIB
  5
426
330
17
100
AcDbEntity
  8
0
100
AcDbText
 10
979.1350000000001
 20
1035.3519999999999
 30
0.0
 40
0.1
  1
ברוש
  7
HANIT_TEXT
 72
1
 11
979.1350000000001
 21
1035.3519999999999
 31
0.0
100
AcDbAttribute
  2
MARK
 70
0
  0
ATTRIB
  5
427
330
17
100
AcDbEntity
  8
0
100
AcDbText
 10
979.445
 20
1034.8519999999999
 30
0.0
 40
0.1
  1

  7
HANIT_TEXT
 72
1
 11
979.445
 21
1034.8519999999999
 31
0.0
100
AcDbAttribute
  2
DIAMETER
 70
0
  0
ATTRIB
  5
428
330
17
100
AcDbEntity
  8
0
100
AcDbText
 10
979.445
 20
1033.8519999999999
 30
0.0
 40
0.1
  1

  7
HANIT_TEXT
 72
1
 11
979.445
 21
1033.8519999999999
 31
0.0
100
AcDbAttribute
  2
TYPE
 70
0
  0
ATTRIB
  5
429
330
17
100
AcDbEntity
  8
0
100
AcDbText
 10
979.445
 20
1034.3519999999999
 30
0.0
 40
0.1
  1

  7
HANIT_TEXT
 72
1
 11
979.445
 21
1034.3519999999999
 31
0.0
100
AcDbAttribute
  2
TOP_DIAMETER
 70
0
  0
SEQEND
  5
423
330
422
100
AcDbEntity
  8
M2801
  0
INSERT
  5
42A
330
17
100
AcDbEntity
  8
M2801
100
AcDbBlockReference
 66
1
  2
M2801_E
 10
981.961
 20
1032.135
 30
0.0
 41
0.25
 42
0.25
 43
0.25
  0
ATTRIB
  5
42C
330
17
100
AcDbEntity
  8
0
100
AcDbText
 10
981.346
 20
1032.3925
 30
0.0
 40
0.1
  1
101.7
  7
HANIT_TEXT
 72
1
 11
981.346
 21
1032.3925
 31
0.0
100
AcDbAttribute
  2
NAME
 70
0
  0
ATTRIB
  5
42D
330
17
100
AcDbEntity
  8
0
100
AcDbText
 10
980.9935
 20
1031.485
 30
0.0
 40
0.1
  1

  7
HANIT_TEXT
 72
1
 11
980.9935
 21
1031.485
 31
0.0
100
AcDbAttribute
  2
HEIGHT
 70
0
  0
ATTRIB
  5
42E
330
17
100
AcDbEntity
  8
0
100
AcDbText
 10
981.6510000000001
 20
1030.985
 30
0.0
 40
0.1
  1
ברוש
  7
HANIT_TEXT
 72
1
 11
981.6510000000001
 21
1030.985
 31
0.0
100
AcDbAttribute
  2
MARK
 70
0
  0
ATTRIB
  5
42F
330
17
100
AcDbEntity
  8
0
100
AcDbText
 10
981.961
 20
1030.485
 30
0.0
 40
0.1
  1

  7
HANIT_TEXT
 72
1
 11
981.961
 21
1030.485
 31
0.0
100
AcDbAttribute
  2
DIAMETER
 70
0
  0
ATTRIB
  5
430
330
17
100
AcDbEntity
  8
0
100
AcDbText
 10
981.961
 20
1029.485
 30
0.0
 40
0.1
  1

  7
HANIT_TEXT
 72
1
 11
981.961
 21
1029.485
 31
0.0
100
AcDbAttribute
  2
TYPE
 70
0
  0
ATTRIB
  5
431
330
17
100
AcDbEntity
  8
0
100
AcDbText
 10
981.961
 20
1029.985
 30
0.0
 40
0.1
  1

  7
HANIT_TEXT
 72
1
 11
981.961
 21
1029.985
 31
0.0
100
AcDbAttribute
  2
TOP_DIAMETER
 70
0
  0
SEQEND
  5
42B
330
42A
100
AcDbEntity
  8
M2801
  0
INSERT
  5
432
330
17
100
AcDbEntity
  8
M2801
100
AcDbBlockReference
 66
1
  2
M2801_E
 10
985.265
 20
1036.487
 30
100.584
 41
0.25
 42
0.25
 43
0.25
  0
ATTRIB
  5
434
330
17
100
AcDbEntity
  8
0
100
AcDbText
 10
984.65
 20
1036.7445
 30
100.584
 40
0.1
  1
102.5
  7
HANIT_TEXT
 72
1
 11
984.65
 21
1036.7445
 31
100.584
100
AcDbAttribute
  2
NAME
 70
0
  0
ATTRIB
  5
435
330
17
100
AcDbEntity
  8
0
100
AcDbText
 10
984.2975
 20
1035.837
 30
100.584
 40
0.1
  1
100.58
  7
HANIT_TEXT
 72
1
 11
984.2975
 21
1035.837
 31
100.584
100
AcDbAttribute
  2
HEIGHT
 70
0
  0
ATTRIB
  5
436
330
17
100
AcDbEntity
  8
0
100
AcDbText
 10
984.955
 20
1035.337
 30
100.584
 40
0.1
  1
ברוש
  7
HANIT_TEXT
 72
1
 11
984.955
 21
1035.337
 31
100.584
100
AcDbAttribute
  2
MARK
 70
0
  0
ATTRIB
  5
437
330
17
100
AcDbEntity
  8
0
100
AcDbText
 10
985.265
 20
1034.837
 30
100.584
 40
0.1
  1

  7
HANIT_TEXT
 72
1
 11
985.265
 21
1034.837
 31
100.584
100
AcDbAttribute
  2
DIAMETER
 70
0
  0
ATTRIB
  5
438
330
17
100
AcDbEntity
  8
0
100
AcDbText
 10
985.265
 20
1033.837
 30
100.584
 40
0.1
  1

  7
HANIT_TEXT
 72
1
 11
985.265
 21
1033.837
 31
100.584
100
AcDbAttribute
  2
TYPE
 70
0
  0
ATTRIB
  5
439
330
17
100
AcDbEntity
  8
0
100
AcDbText
 10
985.265
 20
1034.337
 30
100.584
 40
0.1
  1

  7
HANIT_TEXT
 72
1
 11
985.265
 21
1034.337
 31
100.584
100
AcDbAttribute
  2
TOP_DIAMETER
 70
0
  0
SEQEND
  5
433
330
432
100
AcDbEntity
  8
M2801
  0
INSERT
  5
43A
330
17
100
AcDbEntity
  8
M2801
100
AcDbBlockReference
 66
1
  2
M2801_E
 10
989.593
 20
1032.822
 30
100.612
 41
0.25
 42
0.25
 43
0.25
  0
ATTRIB
  5
43C
330
17
100
AcDbEntity
  8
0
100
AcDbText
 10
988.978
 20
1033.0794999999998
 30
100.612
 40
0.1
  1
103.4
  7
HANIT_TEXT
 72
1
 11
988.978
 21
1033.0794999999998
 31
100.612
100
AcDbAttribute
  2
NAME
 70
0
  0
ATTRIB
  5
43D
330
17
100
AcDbEntity
  8
0
100
AcDbText
 10
988.6255
 20
1032.1719999999998
 30
100.612
 40
0.1
  1
100.61
  7
HANIT_TEXT
 72
1
 11
988.6255
 21
1032.1719999999998
 31
100.612
100
AcDbAttribute
  2
HEIGHT
 70
0
  0
ATTRIB
  5
43E
330
17
100
AcDbEntity
  8
0
100
AcDbText
 10
989.283
 20
1031.6719999999998
 30
100.612
 40
0.1
  1
ברוש
  7
HANIT_TEXT
 72
1
 11
989.283
 21
1031.6719999999998
 31
100.612
100
AcDbAttribute
  2
MARK
 70
0
  0
ATTRIB
  5
43F
330
17
100
AcDbEntity
  8
0
100
AcDbText
 10
989.593
 20
1031.1719999999998
 30
100.612
 40
0.1
  1

  7
HANIT_TEXT
 72
1
 11
989.593
 21
1031.1719999999998
 31
100.612
100
AcDbAttribute
  2
DIAMETER
 70
0
  0
ATTRIB
  5
440
330
17
100
AcDbEntity
  8
0
100
AcDbText
 10
989.593
 20
1030.1719999999998
 30
100.612
 40
0.1
  1

  7
HANIT_TEXT
 72
1
 11
989.593
 21
1030.1719999999998
 31
100.612
100
AcDbAttribute
  2
TYPE
 70
0
  0
ATTRIB
  5
441
330
17
100
AcDbEntity
  8
0
100
AcDbText
 10
989.593
 20
1030.6719999999998
 30
100.612
 40
0.1
  1

  7
HANIT_TEXT
 72
1
 11
989.593
 21
1030.6719999999998
 31
100.612
100
AcDbAttribute
  2
TOP_DIAMETER
 70
0
  0
SEQEND
  5
43B
330
43A
100
AcDbEntity
  8
M2801
  0
INSERT
  5
442
330
17
100
AcDbEntity
  8
M2801
100
AcDbBlockReference
 66
1
  2
M2801_E
 10
993.17
 20
1037.662
 30
0.0
 41
0.25
 42
0.25
 43
0.25
  0
ATTRIB
  5
444
330
17
100
AcDbEntity
  8
0
100
AcDbText
 10
992.555
 20
1037.9195
 30
0.0
 40
0.1
  1
104.3
  7
HANIT_TEXT
 72
1
 11
992.555
 21
1037.9195
 31
0.0
100
AcDbAttribute
  2
NAME
 70
0
  0
ATTRIB
  5
445
330
17
100
AcDbEntity
  8
0
100
AcDbText
 10
992.2025
 20
1037.012
 30
0.0
 40
0.1
  1

  7
HANIT_TEXT
 72
1
 11
992.2025
 21
1037.012
 31
0.0
100
AcDbAttribute
  2
HEIGHT
 70
0
  0
ATTRIB
  5
446
330
17
100
AcDbEntity
  8
0
100
AcDbText
 10
992.86
 20
1036.512
 30
0.0
 40
0.1
  1
ברוש
  7
HANIT_TEXT
 72
1
 11
992.86
 21
1036.512
 31
0.0
100
AcDbAttribute
  2
MARK
 70
0
  0
ATTRIB
  5
447
330
17
100
AcDbEntity
  8
0
100
AcDbText
 10
993.17
 20
1036.012
 30
0.0
 40
0.1
  1

  7
HANIT_TEXT
 72
1
 11
993.17
 21
1036.012
 31
0.0
100
AcDbAttribute
  2
DIAMETER
 70
0
  0
ATTRIB
  5
448
330
17
100
AcDbEntity
  8
0
100
AcDbText
 10
993.17
 20
1035.012
 30
0.0
 40
0.1
  1

  7
HANIT_TEXT
 72
1
 11
993.17
 21
1035.012
 31
0.0
100
AcDbAttribute
  2
TYPE
 70
0
  0
ATTRIB
  5
449
330
17
100
AcDbEntity
  8
0
100
AcDbText
 10
993.17
 20
1035.512
 30
0.0
 40
0.1
  1

  7
HANIT_TEXT
 72
1
 11
993.17
 21
1035.512
 31
0.0
100
AcDbAttribute
  2
TOP_DIAMETER
 70
0
  0
SEQEND
  5
443
330
442
100
AcDbEntity
  8
M2801
  0
INSERT
  5
44A
330
17
100
AcDbEntity
  8
M2801
100
AcDbBlockReference
 66
1
  2
M2801_E
 10
995.931
 20
1033.253
 30
100.566
 41
0.25
 42
0.25
 43
0.25
  0
ATTRIB
  5
44C
330
17
100
AcDbEntity
  8
0
100
AcDbText
 10
995.316
 20
1033.5104999999999
 30
100.566
 40
0.1
  1
105.4
  7
HANIT_TEXT
 72
1
 11
995.316
 21
1033.5104999999999
 31
100.566
100
AcDbAttribute
  2
NAME
 70
0
  0
ATTRIB
  5
44D
330
17
100
AcDbEntity
  8
0
100
AcDbText
 10
994.9635000000001
 20
1032.6029999999998
 30
100.566
 40
0.1
  1
100.57
  7
HANIT_TEXT
 72
1
 11
994.9635000000001
 21
1032.6029999999998
 31
100.566
100
AcDbAttribute
  2
HEIGHT
 70
0
  0
ATTRIB
  5
44E
330
17
100
AcDbEntity
  8
0
100
AcDbText
 10
995.6210000000001
 20
1032.1029999999998
 30
100.566
 40
0.1
  1
ברוש
  7
HANIT_TEXT
 72
1
 11
995.6210000000001
 21
1032.1029999999998
 31
100.566
100
AcDbAttribute
  2
MARK
 70
0
  0
ATTRIB
  5
44F
330
17
100
AcDbEntity
  8
0
100
AcDbText
 10
995.931
 20
1031.6029999999998
 30
100.566
 40
0.1
  1

  7
HANIT_TEXT
 72
1
 11
995.931
 21
1031.6029999999998
 31
100.566
100
AcDbAttribute
  2
DIAMETER
 70
0
  0
ATTRIB
  5
450
330
17
100
AcDbEntity
  8
0
100
AcDbText
 10
995.931
 20
1030.6029999999998
 30
100.566
 40
0.1
  1

  7
HANIT_TEXT
 72
1
 11
995.931
 21
1030.6029999999998
 31
100.566
100
AcDbAttribute
  2
TYPE
 70
0
  0
ATTRIB
  5
451
330
17
100
AcDbEntity
  8
0
100
AcDbText
 10
995.931
 20
1031.1029999999998
 30
100.566
 40
0.1
  1

  7
HANIT_TEXT
 72
1
 11
995.931
 21
1031.1029999999998
 31
100.566
100
AcDbAttribute
  2
TOP_DIAMETER
 70
0
  0
SEQEND
  5
44B
330
44A
100
AcDbEntity
  8
M2801
  0
INSERT
  5
452
330
17
100
AcDbEntity
  8
M2801
100
AcDbBlockReference
 66
1
  2
M2801_E
 10
1001.41
 20
1034.049
 30
100.51
 41
0.25
 42
0.25
 43
0.25
  0
ATTRIB
  5
454
330
17
100
AcDbEntity
  8
0
100
AcDbText
 10
1000.795
 20
1034.3065
 30
100.51
 40
0.1
  1
106.5
  7
HANIT_TEXT
 72
1
 11
1000.795
 21
1034.3065
 31
100.51
100
AcDbAttribute
  2
NAME
 70
0
  0
ATTRIB
  5
455
330
17
100
AcDbEntity
  8
0
100
AcDbText
 10
1000.4425
 20
1033.399
 30
100.51
 40
0.1
  1
100.51
  7
HANIT_TEXT
 72
1
 11
1000.4425
 21
1033.399
 31
100.51
100
AcDbAttribute
  2
HEIGHT
 70
0
  0
ATTRIB
  5
456
330
17
100
AcDbEntity
  8
0
100
AcDbText
 10
1001.1
 20
1032.899
 30
100.51
 40
0.1
  1
ברוש
  7
HANIT_TEXT
 72
1
 11
1001.1
 21
1032.899
 31
100.51
100
AcDbAttribute
  2
MARK
 70
0
  0
ATTRIB
  5
457
330
17
100
AcDbEntity
  8
0
100
AcDbText
 10
1001.41
 20
1032.399
 30
100.51
 40
0.1
  1

  7
HANIT_TEXT
 72
1
 11
1001.41
 21
1032.399
 31
100.51
100
AcDbAttribute
  2
DIAMETER
 70
0
  0
ATTRIB
  5
458
330
17
100
AcDbEntity
  8
0
100
AcDbText
 10
1001.41
 20
1031.399
 30
100.51
 40
0.1
  1

  7
HANIT_TEXT
 72
1
 11
1001.41
 21
1031.399
 31
100.51
100
AcDbAttribute
  2
TYPE
 70
0
  0
ATTRIB
  5
459
330
17
100
AcDbEntity
  8
0
100
AcDbText
 10
1001.41
 20
1031.899
 30
100.51
 40
0.1
  1

  7
HANIT_TEXT
 72
1
 11
1001.41
 21
1031.899
 31
100.51
100
AcDbAttribute
  2
TOP_DIAMETER
 70
0
  0
SEQEND
  5
453
330
452
100
AcDbEntity
  8
M2801
  0
INSERT
  5
45A
330
17
100
AcDbEntity
  8
M2801
100
AcDbBlockReference
 66
1
  2
M2801_E
 10
1007.377
 20
1034.291
 30
0.0
 41
0.25
 42
0.25
 43
0.25
  0
ATTRIB
  5
45C
330
17
100
AcDbEntity
  8
0
100
AcDbText
 10
1006.762
 20
1034.5484999999999
 30
0.0
 40
0.1
  1
107.3
  7
HANIT_TEXT
 72
1
 11
1006.762
 21
1034.5484999999999
 31
0.0
100
AcDbAttribute
  2
NAME
 70
0
  0
ATTRIB
  5
45D
330
17
100
AcDbEntity
  8
0
100
AcDbText
 10
1006.4095
 20
1033.6409999999998
 30
0.0
 40
0.1
  1

  7
HANIT_TEXT
 72
1
 11
1006.4095
 21
1033.6409999999998
 31
0.0
100
AcDbAttribute
  2
HEIGHT
 70
0
  0
ATTRIB
  5
45E
330
17
100
AcDbEntity
  8
0
100
AcDbText
 10
1007.067
 20
1033.1409999999998
 30
0.0
 40
0.1
  1
ברוש
  7
HANIT_TEXT
 72
1
 11
1007.067
 21
1033.1409999999998
 31
0.0
100
AcDbAttribute
  2
MARK
 70
0
  0
ATTRIB
  5
45F
330
17
100
AcDbEntity
  8
0
100
AcDbText
 10
1007.377
 20
1032.6409999999998
 30
0.0
 40
0.1
  1

  7
HANIT_TEXT
 72
1
 11
1007.377
 21
1032.6409999999998
 31
0.0
100
AcDbAttribute
  2
DIAMETER
 70
0
  0
ATTRIB
  5
460
330
17
100
AcDbEntity
  8
0
100
AcDbText
 10
1007.377
 20
1031.6409999999998
 30
0.0
 40
0.1
  1

  7
HANIT_TEXT
 72
1
 11
1007.377
 21
1031.6409999999998
 31
0.0
100
AcDbAttribute
  2
TYPE
 70
0
  0
ATTRIB
  5
461
330
17
100
AcDbEntity
  8
0
100
AcDbText
 10
1007.377
 20
1032.1409999999998
 30
0.0
 40
0.1
  1

  7
HANIT_TEXT
 72
1
 11
1007.377
 21
1032.1409999999998
 31
0.0
100
AcDbAttribute
  2
TOP_DIAMETER
 70
0
  0
SEQEND
  5
45B
330
45A
100
AcDbEntity
  8
M2801
  0
INSERT
  5
462
330
17
100
AcDbEntity
  8
M2801
100
AcDbBlockReference
 66
1
  2
M2801_E
 10
1011.749
 20
1039.305
 30
100.537
 41
0.25
 42
0.25
 43
0.25
  0
ATTRIB
  5
464
330
17
100
AcDbEntity
  8
0
100
AcDbText
 10
1011.134
 20
1039.5625
 30
100.537
 40
0.1
  1
108.4
  7
HANIT_TEXT
 72
1
 11
1011.134
 21
1039.5625
 31
100.537
100
AcDbAttribute
  2
NAME
 70
0
  0
ATTRIB
  5
465
330
17
100
AcDbEntity
  8
0
100
AcDbText
 10
1010.7815
 20
1038.655
 30
100.537
 40
0.1
  1
100.54
  7
HANIT_TEXT
 72
1
 11
1010.7815
 21
1038.655
 31
100.537
100
AcDbAttribute
  2
HEIGHT
 70
0
  0
ATTRIB
  5
466
330
17
100
AcDbEntity
  8
0
100
AcDbText
 10
1011.4390000000001
 20
1038.155
 30
100.537
 40
0.1
  1
ברוש
  7
HANIT_TEXT
 72
1
 11
1011.4390000000001
 21
1038.155
 31
100.537
100
AcDbAttribute
  2
MARK
 70
0
  0
ATTRIB
  5
467
330
17
100
AcDbEntity
  8
0
100
AcDbText
 10
1011.749
 20
1037.655
 30
100.537
 40
0.1
  1

  7
HANIT_TEXT
 72
1
 11
1011.749
 21
1037.655
 31
100.537
100
AcDbAttribute
  2
DIAMETER
 70
0
  0
ATTRIB
  5
468
330
17
100
AcDbEntity
  8
0
100
AcDbText
 10
1011.749
 20
1036.655
 30
100.537
 40
0.1
  1

  7
HANIT_TEXT
 72
1
 11
1011.749
 21
1036.655
 31
100.537
100
AcDbAttribute
  2
TYPE
 70
0
  0
ATTRIB
  5
469
330
17
100
AcDbEntity
  8
0
100
AcDbText
 10
1011.749
 20
1037.155
 30
100.537
 40
0.1
  1

  7
HANIT_TEXT
 72
1
 11
1011.749
 21
1037.155
 31
100.537
100
AcDbAttribute
  2
TOP_DIAMETER
 70
0
  0
SEQEND
  5
463
330
462
100
AcDbEntity
  8
M2801
  0
INSERT
  5
46A
330
17
100
AcDbEntity
  8
M4402
100
AcDbBlockReference
 66
1
  2
M4402_E
 10
976.216
 20
1025.542
 30
100.755
 41
0.25
 42
0.25
 43
0.25
  0
ATTRIB
  5
46C
330
17
100
AcDbEntity
  8
0
100
AcDbText
 10
975.891
 20
1025.7994999999999
 30
100.755
 40
0.1
  1
63
  7
HANIT_TEXT
 72
1
 11
975.891
 21
1025.7994999999999
 31
100.755
100
AcDbAttribute
  2
NAME
 70
0
  0
ATTRIB
  5
46D
330
17
100
AcDbEntity
  8
0
100
AcDbText
 10
975.2685
 20
1024.8919999999998
 30
100.755
 40
0.1
  1
100.75
  7
HANIT_TEXT
 72
1
 11
975.2685
 21
1024.8919999999998
 31
100.755
100
AcDbAttribute
  2
HEIGHT
 70
0
  0
ATTRIB
  5
46E
330
17
100
AcDbEntity
  8
0
100
AcDbText
 10
975.7335
 20
1024.3919999999998
 30
100.755
 40
0.1
  1
ת.ע
  7
HANIT_TEXT
 72
1
 11
975.7335
 21
1024.3919999999998
 31
100.755
100
AcDbAttribute
  2
MARK
 70
0
  0
ATTRIB
  5
46F
330
17
100
AcDbEntity
  8
0
100
AcDbText
 10
976.216
 20
1023.8919999999999
 30
100.755
 40
0.1
  1

  7
HANIT_TEXT
 72
1
 11
976.216
 21
1023.8919999999999
 31
100.755
100
AcDbAttribute
  2
OWNER
 70
0
  0
ATTRIB
  5
470
330
17
100
AcDbEntity
  8
0
100
AcDbText
 10
976.216
 20
1023.3919999999999
 30
100.755
 40
0.1
  1

  7
HANIT_TEXT
 72
1
 11
976.216
 21
1023.3919999999999
 31
100.755
100
AcDbAttribute
  2
TYPE
 70
0
  0
SEQEND
  5
46B
330
46A
100
AcDbEntity
  8
M4402
  0
INSERT
  5
471
330
17
100
AcDbEntity
  8
M4402
100
AcDbBlockReference
 66
1
  2
M4402_E
 10
1011.979
 20
1028.535
 30
100.42
 41
0.25
 42
0.25
 43
0.25
  0
ATTRIB
  5
473
330
17
100
AcDbEntity
  8
0
100
AcDbText
 10
1011.654
 20
1028.7925
 30
100.42
 40
0.1
  1
122
  7
HANIT_TEXT
 72
1
 11
1011.654
 21
1028.7925
 31
100.42
100
AcDbAttribute
  2
NAME
 70
0
  0
ATTRIB
  5
474
330
17
100
AcDbEntity
  8
0
100
AcDbText
 10
1011.0315
 20
1027.885
 30
100.42
 40
0.1
  1
100.42
  7
HANIT_TEXT
 72
1
 11
1011.0315
 21
1027.885
 31
100.42
100
AcDbAttribute
  2
HEIGHT
 70
0
  0
ATTRIB
  5
475
330
17
100
AcDbEntity
  8
0
100
AcDbText
 10
1011.4965000000001
 20
1027.385
 30
100.42
 40
0.1
  1
ת.ע
  7
HANIT_TEXT
 72
1
 11
1011.4965000000001
 21
1027.385
 31
100.42
100
AcDbAttribute
  2
MARK
 70
0
  0
ATTRIB
  5
476
330
17
100
AcDbEntity
  8
0
100
AcDbText
 10
1011.979
 20
1026.885
 30
100.42
 40
0.1
  1

  7
HANIT_TEXT
 72
1
 11
1011.979
 21
1026.885
 31
100.42
100
AcDbAttribute
  2
OWNER
 70
0
  0
ATTRIB
  5
477
330
17
100
AcDbEntity
  8
0
100
AcDbText
 10
1011.979
 20
1026.385
 30
100.42
 40
0.1
  1

  7
HANIT_TEXT
 72
1
 11
1011.979
 21
1026.385
 31
100.42
100
AcDbAttribute
  2
TYPE
 70
0
  0
SEQEND
  5
472
330
471
100
AcDbEntity
  8
M4402
  0
INSERT
  5
478
330
17
100
AcDbEntity
  8
M4610
100
AcDbBlockReference
 66
1
  2
M4610_E
 10
1004.681
 20
1025.0
 30
100.55
 41
0.25
 42
0.25
 43
0.25
  0
ATTRIB
  5
47A
330
17
100
AcDbEntity
  8
0
100
AcDbText
 10
1004.3835
 20
1025.1575
 30
100.55
 40
0.0625
  1
128
  7
hebtxt
 72
1
 11
1004.3835
 21
1025.1575
 31
100.55
100
AcDbAttribute
  2
NAME
 70
0
  0
ATTRIB
  5
47B
330
17
100
AcDbEntity
  8
0
100
AcDbText
 10
1004.0835000000001
 20
1024.65
 30
100.55
 40
0.0625
  1
100.55
  7
hebtxt
 72
1
 11
1004.0835000000001
 21
1024.65
 31
100.55
100
AcDbAttribute
  2
HEIGHT
 70
0
  0
ATTRIB
  5
47C
330
17
100
AcDbEntity
  8
0
100
AcDbText
 10
1003.556
 20
1024.4925
 30
100.55
 40
0.0625
  1
מים
  7
hebtxt
 72
1
 11
1003.556
 21
1024.4925
 31
100.55
100
AcDbAttribute
  2
MARK
 70
0
  0
ATTRIB
  5
47D
330
17
100
AcDbEntity
  8
0
100
AcDbText
 10
1004.681
 20
1024.125
 30
100.55
 40
0.0625
  1

  7
hebtxt
 72
1
 11
1004.681
 21
1024.125
 31
100.55
100
AcDbAttribute
  2
OWNER
 70
0
  0
SEQEND
  5
479
330
478
100
AcDbEntity
  8
M4610
  0
INSERT
  5
47E
330
17
100
AcDbEntity
  8
M5220
100
AcDbBlockReference
 66
1
  2
M5220_E
 10
1004.325
 20
1021.531
 30
100.56
 41
0.25
 42
0.25
 43
0.25
  0
ATTRIB
  5
480
330
17
100
AcDbEntity
  8
0
100
AcDbText
 10
1003.4375
 20
1021.0559999999999
 30
100.56
 40
0.09375
  1
100.56
  7
hebtxt
 72
1
 11
1003.4375
 21
1021.0559999999999
 31
100.56
100
AcDbAttribute
  2
HEIGHT
 70
0
  0
ATTRIB
  5
481
330
17
100
AcDbEntity
  8
0
100
AcDbText
 10
1003.88
 20
1021.731
 30
100.56
 40
0.09375
  1
132
  7
hebtxt
 72
1
 11
1003.88
 21
1021.731
 31
100.56
100
AcDbAttribute
  2
NAME
 70
0
  0
ATTRIB
  5
482
330
17
100
AcDbEntity
  8
0
100
AcDbText
 10
1003.9250000000001
 20
1020.5559999999999
 30
100.56
 40
0.09375
  1
כוך
  7
hebtxt
 72
1
 11
1003.9250000000001
 21
1020.5559999999999
 31
100.56
100
AcDbAttribute
  2
MARK
 70
0
  0
ATTRIB
  5
483
330
17
100
AcDbEntity
  8
0
100
AcDbText
 10
1002.4925000000001
 20
1021.3035
 30
100.56
 40
0.09375
  1

  7
hebtxt
 72
1
 11
1002.4925000000001
 21
1021.3035
 31
100.56
100
AcDbAttribute
  2
DESC
 70
0
  0
SEQEND
  5
47F
330
47E
100
AcDbEntity
  8
M5220
  0
INSERT
  5
484
330
17
100
AcDbEntity
  8
M5220
100
AcDbBlockReference
 66
1
  2
M5220_E
 10
996.239
 20
1019.566
 30
100.509
 41
0.25
 42
0.25
 43
0.25
  0
ATTRIB
  5
486
330
17
100
AcDbEntity
  8
0
100
AcDbText
 10
995.3515
 20
1019.091
 30
100.509
 40
0.09375
  1
100.51
  7
hebtxt
 72
1
 11
995.3515
 21
1019.091
 31
100.509
100
AcDbAttribute
  2
HEIGHT
 70
0
  0
ATTRIB
  5
487
330
17
100
AcDbEntity
  8
0
100
AcDbText
 10
995.794
 20
1019.7660000000001
 30
100.509
 40
0.09375
  1
147
  7
hebtxt
 72
1
 11
995.794
 21
1019.7660000000001
 31
100.509
100
AcDbAttribute
  2
NAME
 70
0
  0
ATTRIB
  5
488
330
17
100
AcDbEntity
  8
0
100
AcDbText
 10
995.839
 20
1018.591
 30
100.509
 40
0.09375
  1
כוך
  7
hebtxt
 72
1
 11
995.839
 21
1018.591
 31
100.509
100
AcDbAttribute
  2
MARK
 70
0
  0
ATTRIB
  5
489
330
17
100
AcDbEntity
  8
0
100
AcDbText
 10
994.4065
 20
1019.3385000000001
 30
100.509
 40
0.09375
  1

  7
hebtxt
 72
1
 11
994.4065
 21
1019.3385000000001
 31
100.509
100
AcDbAttribute
  2
DESC
 70
0
  0
SEQEND
  5
485
330
484
100
AcDbEntity
  8
M5220
  0
INSERT
  5
48A
330
17
100
AcDbEntity
  8
M4903
100
AcDbBlockReference
 66
1
  2
M4903_E
 10
991.213
 20
1027.373
 30
0.0
 41
0.25
 42
0.25
 43
0.25
 50
4.379
  0
ATTRIB
  5
48C
330
17
100
AcDbEntity
  8
0
100
AcDbText
 10
990.7671426559572
 20
1028.3167120740793
 30
0.0
 40
0.0625
  1
157
 50
4.379
  7
hebtxt
 72
1
 11
990.7671426559572
 21
1028.3167120740793
 31
0.0
100
AcDbAttribute
  2
NAME
 70
0
  0
ATTRIB
  5
48D
330
17
100
AcDbEntity
  8
0
100
AcDbText
 10
991.1654698939216
 20
1027.9936828006448
 30
0.0
 40
0.0625
  1

 50
4.379
  7
hebtxt
 72
1
 11
991.1654698939216
 21
1027.9936828006448
 31
0.0
100
AcDbAttribute
  2
HEIGHT
 70
0
  0
ATTRIB
  5
48E
330
17
100
AcDbEntity
  8
0
100
AcDbText
 10
990.8642910761735
 20
1027.5719556142553
 30
0.0
 40
0.0625
  1
קו
 50
4.379
  7
hebtxt
 72
1
 11
990.8642910761735
 21
1027.5719556142553
 31
0.0
100
AcDbAttribute
  2
MARK
 70
0
  0
ATTRIB
  5
48F
330
17
100
AcDbEntity
  8
0
100
AcDbText
 10
991.2511767920308
 20
1026.8744595978758
 30
0.0
 40
0.0625
  1

 50
4.379
  7
hebtxt
 72
1
 11
991.2511767920308
 21
1026.8744595978758
 31
0.0
100
AcDbAttribute
  2
TL
 70
0
  0
ATTRIB
  5
490
330
17
100
AcDbEntity
  8
0
100
AcDbText
 10
991.2796185020939
 20
1026.5030469982933
 30
0.0
 40
0.0625
  1

 50
4.379
  7
hebtxt
 72
1
 11
991.2796185020939
 21
1026.5030469982933
 31
0.0
100
AcDbAttribute
  2
IL
 70
0
  0
ATTRIB
  5
491
330
17
100
AcDbEntity
  8
0
100
AcDbText
 10
991.308251096117
 20
1026.1291416967
 30
0.0
 40
0.0625
  1

 50
4.379
  7
hebtxt
 72
1
 11
991.308251096117
 21
1026.1291416967
 31
0.0
100
AcDbAttribute
  2
OWNER
 70
0
  0
ATTRIB
  5
492
330
17
100
AcDbEntity
  8
0
100
AcDbText
 10
991.3366928061799
 20
1025.7577290971174
 30
0.0
 40
0.0625
  1

 50
4.379
  7
hebtxt
 72
1
 11
991.3366928061799
 21
1025.7577290971174
 31
0.0
100
AcDbAttribute
  2
DESC
 70
0
  0
SEQEND
  5
48B
330
48A
100
AcDbEntity
  8
M4903
  0
INSERT
  5
493
330
17
100
AcDbEntity
  8
M4903
100
AcDbBlockReference
 66
1
  2
M4903_E
 10
972.931
 20
1030.529
 30
0.0
 41
0.25
 42
0.25
 43
0.25
 50
4.379
  0
ATTRIB
  5
495
330
17
100
AcDbEntity
  8
0
100
AcDbText
 10
972.4851426559572
 20
1031.4727120740793
 30
0.0
 40
0.0625
  1
157
 50
4.379
  7
hebtxt
 72
1
 11
972.4851426559572
 21
1031.4727120740793
 31
0.0
100
AcDbAttribute
  2
NAME
 70
0
  0
ATTRIB
  5
496
330
17
100
AcDbEntity
  8
0
100
AcDbText
 10
972.8834698939216
 20
1031.1496828006448
 30
0.0
 40
0.0625
  1

 50
4.379
  7
hebtxt
 72
1
 11
972.8834698939216
 21
1031.1496828006448
 31
0.0
100
AcDbAttribute
  2
HEIGHT
 70
0
  0
ATTRIB
  5
497
330
17
100
AcDbEntity
  8
0
100
AcDbText
 10
972.5822910761735
 20
1030.7279556142553
 30
0.0
 40
0.0625
  1
קו
 50
4.379
  7
hebtxt
 72
1
 11
972.5822910761735
 21
1030.7279556142553
 31
0.0
100
AcDbAttribute
  2
MARK
 70
0
  0
ATTRIB
  5
498
330
17
100
AcDbEntity
  8
0
100
AcDbText
 10
972.9691767920309
 20
1030.0304595978757
 30
0.0
 40
0.0625
  1

 50
4.379
  7
hebtxt
 72
1
 11
972.9691767920309
 21
1030.0304595978757
 31
0.0
100
AcDbAttribute
  2
TL
 70
0
  0
ATTRIB
  5
499
330
17
100
AcDbEntity
  8
0
100
AcDbText
 10
972.9976185020939
 20
1029.6590469982932
 30
0.0
 40
0.0625
  1

 50
4.379
  7
hebtxt
 72
1
 11
972.9976185020939
 21
1029.6590469982932
 31
0.0
100
AcDbAttribute
  2
IL
 70
0
  0
ATTRIB
  5
49A
330
17
100
AcDbEntity
  8
0
100
AcDbText
 10
973.0262510961171
 20
1029.2851416966998
 30
0.0
 40
0.0625
  1

 50
4.379
  7
hebtxt
 72
1
 11
973.0262510961171
 21
1029.2851416966998
 31
0.0
100
AcDbAttribute
  2
OWNER
 70
0
  0
ATTRIB
  5
49B
330
17
100
AcDbEntity
  8
0
100
AcDbText
 10
973.05469280618
 20
1028.9137290971173
 30
0.0
 40
0.0625
  1

 50
4.379
  7
hebtxt
 72
1
 11
973.05469280618
 21
1028.9137290971173
 31
0.0
100
AcDbAttribute
  2
DESC
 70
0
  0
SEQEND
  5
494
330
493
100
AcDbEntity
  8
M4903
  0
LINE
  5
49C
330
17
100
AcDbEntity
  8
0
100
AcDbLine
 10
984.331
 20
1026.519
 30
100.554
 11
987.731
 21
1005.305
 31
100.554
  0
LINE
  5
49D
330
17
100
AcDbEntity
  8
0
100
AcDbLine
 10
984.331
 20
1026.519
 30
100.554
 11
1030.592
 21
1030.317
 31
100.554
  0
LWPOLYLINE
  5
49E
330
17
100
AcDbEntity
  8
M2200
100
AcDbPolyline
 90
3
 70
0
 10
1010.61
 20
993.245
 10
1010.238
 20
997.925
 10
1010.066
 20
999.903
  0
LWPOLYLINE
  5
49F
330
17
100
AcDbEntity
  8
M2200
100
AcDbPolyline
 90
3
 70
0
 10
1010.066
 20
999.903
 10
1010.416
 20
999.9334
 10
1009.962
 20
1005.154
  0
LINE
  5
4A0
330
17
100
AcDbEntity
  8
M2200
100
AcDbLine
 10
1010.61
 20
993.245
 30
0.0
 11
1012.9532
 21
993.4403
 31
0.0
  0
LINE
  5
4A1
330
17
100
AcDbEntity
  8
M2200
100
AcDbLine
 10
1009.962
 20
1005.154
 30
0.0
 11
1011.955
 21
1005.3214
 31
0.0
  0
LINE
  5
4A2
330
17
100
AcDbEntity
  8
M2200
100
AcDbLine
 10
993.975
 20
981.752
 30
0.0
 11
988.091
 21
981.259
 31
0.0
  0
LINE
  5
4A3
330
17
100
AcDbEntity
  8
M2200
100
AcDbLine
 10
985.891
 20
981.056
 30
0.0
 11
979.976
 21
980.582
 31
0.0
  0
LWPOLYLINE
  5
4A4
330
17
100
AcDbEntity
  8
M2200
100
AcDbPolyline
 90
4
 70
0
 10
985.891
 20
981.056
 10
986.0508
 20
979.0624
 10
988.258
 20
979.266
 10
988.091
 20
981.259
  0
LINE
  5
4A5
330
17
100
AcDbEntity
  8
M2200
100
AcDbLine
 10
993.975
 20
981.752
 30
0.0
 11
994.2255
 21
978.7625
 31
0.0
  0
LINE
  5
4A6
330
17
100
AcDbEntity
  8
M2200
100
AcDbLine
 10
979.976
 20
980.582
 30
0.0
 11
980.2156
 21
977.5916
 31
0.0
  0
LWPOLYLINE
  5
4A7
330
17
100
AcDbEntity
  8
M2200
100
AcDbPolyline
 90
2
 70
0
 10
983.321
 20
1005.959
 10
983.669
 20
1001.929
  0
LWPOLYLINE
  5
4A8
330
17
100
AcDbEntity
  8
M2200
100
AcDbPolyline
 90
2
 70
0
 10
983.978
 20
998.307
 10
984.226
 20
995.479
  0
LWPOLYLINE
  5
4A9
330
17
100
AcDbEntity
  8
M2200
100
AcDbPolyline
 90
2
 70
0
 10
984.494
 20
991.019
 10
984.1013
 20
995.4681
  0
LINE
  5
4AA
330
17
100
AcDbEntity
  8
M2200
100
AcDbLine
 10
983.978
 20
998.307
 30
0.0
 11
983.8639
 21
998.297
 31
0.0
  0
LINE
  5
4AB
330
17
100
AcDbEntity
  8
M2200
100
AcDbLine
 10
984.1013
 20
995.4681
 30
0.0
 11
984.226
 21
995.479
 31
0.0
  0
LWPOLYLINE
  5
4AC
330
17
100
AcDbEntity
  8
M2200
100
AcDbPolyline
 90
3
 70
0
 10
983.669
 20
1001.929
 10
983.5511
 20
1001.9188
 10
983.8639
 20
998.297
  0
LINE
  5
4AD
330
17
100
AcDbEntity
  8
M2200
100
AcDbLine
 10
982.5001
 20
990.8625
 30
0.0
 11
984.494
 21
991.019
 31
0.0
  0
LINE
  5
4AE
330
17
100
AcDbEntity
  8
M2200
100
AcDbLine
 10
983.321
 20
1005.959
 30
0.0
 11
981.3271
 21
1005.8025
 31
0.0
  0
LWPOLYLINE
  5
4AF
330
17
100
AcDbEntity
  8
M2404
100
AcDbPolyline
 90
4
 70
0
 10
983.321
 20
1005.959
 10
983.669
 20
1001.929
 10
983.978
 20
998.307
 10
984.125
 20
995.2
  0
LWPOLYLINE
  5
4B0
330
17
100
AcDbEntity
  8
M2200
100
AcDbPolyline
 90
2
 70
0
 10
1009.962
 20
1005.154
 10
1006.603
 20
1005.062
  0
LWPOLYLINE
  5
4B1
330
17
100
AcDbEntity
  8
M2200
100
AcDbPolyline
 90
2
 70
0
 10
989.402
 20
1005.203
 10
988.206
 20
1018.939
  0
LWPOLYLINE
  5
4B2
330
17
100
AcDbEntity
  8
M2200
100
AcDbPolyline
 90
2
 70
0
 10
993.454
 20
1005.55
 10
993.118
 20
1009.55
  0
LWPOLYLINE
  5
4B3
330
17
100
AcDbEntity
  8
M2200
100
AcDbPolyline
 90
2
 70
0
 10
997.811
 20
1006.248
 10
996.41
 20
1005.317
  0
LWPOLYLINE
  5
4B4
330
17
100
AcDbEntity
  8
M2200
100
AcDbPolyline
 90
2
 70
0
 38
99.995
 10
996.41
 20
1005.317
 10
993.118
 20
1009.55
  0
LWPOLYLINE
  5
4B5
330
17
100
AcDbEntity
  8
M2200
100
AcDbPolyline
 90
2
 70
0
 38
100.658
 10
995.675
 20
1009.769
 10
993.118
 20
1009.55
  0
LWPOLYLINE
  5
4B6
330
17
100
AcDbEntity
  8
M2605
100
AcDbPolyline
 90
3
 70
0
 38
100.259
 10
1007.383
 20
995.844
 10
1006.603
 20
1005.062
 10
1006.169
 20
1010.976
  0
LWPOLYLINE
  5
4B7
330
17
100
AcDbEntity
  8
M2605
100
AcDbPolyline
 90
2
 70
0
 38
100.195
 10
1006.169
 20
1010.976
 10
1005.377
 20
1020.8305
  0
LWPOLYLINE
  5
4B8
330
17
100
AcDbEntity
  8
M2605
100
AcDbPolyline
 90
2
 70
0
 38
100.562
 10
1005.153
 20
1023.419
 10
1004.913
 20
1026.412
  0
LWPOLYLINE
  5
4B9
330
17
100
AcDbEntity
  8
M2605
100
AcDbPolyline
 90
3
 70
0
 38
100.562
 10
1005.5686
 20
1023.4523
 10
1005.654
 20
1022.387
 10
1005.7654
 20
1020.8588
  0
LWPOLYLINE
  5
4BA
330
17
100
AcDbEntity
  8
M2605
100
AcDbPolyline
 90
2
 70
0
 38
100.562
 10
1005.153
 20
1023.419
 10
1005.5686
 20
1023.4523
  0
LWPOLYLINE
  5
4BB
330
17
100
AcDbEntity
  8
M2605
100
AcDbPolyline
 90
2
 70
0
 38
100.504
 10
1004.913
 20
1026.412
 10
1008.471
 20
1026.759
  0
LWPOLYLINE
  5
4BC
330
17
100
AcDbEntity
  8
M2605
100
AcDbPolyline
 90
2
 70
0
 38
100.519
 10
1009.699
 20
1026.815
 10
1020.097
 20
1027.626
  0
LWPOLYLINE
  5
4BD
330
17
100
AcDbEntity
  8
M2605
100
AcDbPolyline
 90
2
 70
0
 38
100.519
 10
1009.9139
 20
1026.6312
 10
1019.9132
 20
1027.4111
  0
LWPOLYLINE
  5
4BE
330
17
100
AcDbEntity
  8
M2605
100
AcDbPolyline
 90
2
 70
0
 38
100.474
 10
1008.471
 20
1026.759
 10
1008.6845
 20
1024.5694
  0
LWPOLYLINE
  5
4BF
330
17
100
AcDbEntity
  8
M2605
100
AcDbPolyline
 90
2
 70
0
 38
100.474
 10
1008.2914
 20
1026.5405
 10
1008.4855
 20
1024.55
  0
LWPOLYLINE
  5
4C0
330
17
100
AcDbEntity
  8
M2605
100
AcDbPolyline
 90
2
 70
0
 38
100.519
 10
1009.699
 20
1026.815
 10
1009.8701
 20
1024.6217
  0
LWPOLYLINE
  5
4C1
330
17
100
AcDbEntity
  8
M2605
100
AcDbPolyline
 90
2
 70
0
 38
100.519
 10
1009.9139
 20
1026.6312
 10
1010.0695
 20
1024.6372
  0
LWPOLYLINE
  5
4C2
330
17
100
AcDbEntity
  8
M2605
100
AcDbPolyline
 90
2
 70
0
 38
100.33
 10
1020.097
 20
1027.626
 10
1021.3449
 20
1011.6268
  0
LWPOLYLINE
  5
4C3
330
17
100
AcDbEntity
  8
M2605
100
AcDbPolyline
 90
2
 70
0
 38
100.33
 10
1019.9132
 20
1027.4111
 10
1021.1453
 20
1011.613
  0
LWPOLYLINE
  5
4C4
330
17
100
AcDbEntity
  8
M2605
100
AcDbPolyline
 90
2
 70
0
 38
100.33
 10
1021.3731
 20
1027.7255
 10
1022.6218
 20
1011.7154
  0
LWPOLYLINE
  5
4C5
330
17
100
AcDbEntity
  8
M2605
100
AcDbPolyline
 90
2
 70
0
 38
100.33
 10
1021.5725
 20
1027.7411
 10
1022.8214
 20
1011.7292
  0
LWPOLYLINE
  5
4C6
330
17
100
AcDbEntity
  8
M2605
100
AcDbPolyline
 90
2
 70
0
 38
100.33
 10
1021.3731
 20
1027.7255
 10
1021.5725
 20
1027.7411
  0
LINE
  5
4C7
330
17
100
AcDbEntity
  8
M2417
100
AcDbLine
 10
1008.471
 20
1026.759
 30
100.474
 11
1009.7223
 21
1026.5158
 31
100.474
  0
LINE
  5
4C8
330
17
100
AcDbEntity
  8
M2417
100
AcDbLine
 10
1008.5
 20
1026.7299
 30
100.474
 11
1009.7223
 21
1026.4867
 31
100.474
  0
LINE
  5
4C9
330
17
100
AcDbEntity
  8
M2417
100
AcDbLine
 10
1008.5291993127148
 20
1026.7006000000001
 30
100.474
 11
1009.7223
 21
1026.4574
 31
100.474
  0
LINE
  5
4CA
330
17
100
AcDbEntity
  8
M2417
100
AcDbLine
 10
1008.5581993127148
 20
1026.6715
 30
100.474
 11
1009.7223
 21
1026.4282999999998
 31
100.474
  0
LINE
  5
4CB
330
17
100
AcDbEntity
  8
M2417
100
AcDbLine
 10
1008.5872989690722
 20
1026.6423
 30
100.474
 11
1009.7223
 21
1026.3990999999999
 31
100.474
  0
LINE
  5
4CC
330
17
100
AcDbEntity
  8
M2417
100
AcDbLine
 10
1008.6162989690722
 20
1026.6132
 30
100.474
 11
1009.7223
 21
1026.37
 31
100.474
  0
LINE
  5
4CD
330
17
100
AcDbEntity
  8
M2417
100
AcDbLine
 10
1020.1203
 20
1027.3269
 30
100.33
 11
1021.3965
 21
1027.4264
 31
100.33
  0
LINE
  5
4CE
330
17
100
AcDbEntity
  8
M2417
100
AcDbLine
 10
1020.1203
 20
1027.0278
 30
100.33
 11
1021.3965
 21
1027.1273
 31
100.33
  0
LINE
  5
4CF
330
17
100
AcDbEntity
  8
M2417
100
AcDbLine
 10
1020.1203
 20
1026.7287
 30
100.33
 11
1021.3965
 21
1026.8283
 31
100.33
  0
LWPOLYLINE
  5
4D0
330
17
100
AcDbEntity
  8
M2605
100
AcDbPolyline
 90
2
 70
0
 38
100.259
 10
1007.383
 20
995.844
 10
1008.013
 20
988.019
  0
LWPOLYLINE
  5
4D1
330
17
100
AcDbEntity
  8
M2605
100
AcDbPolyline
 90
2
 70
0
 38
100.259
 10
1007.5824
 20
995.8598
 10
1010.3844
 20
996.0826
  0
LWPOLYLINE
  5
4D2
330
17
100
AcDbEntity
  8
M2605
100
AcDbPolyline
 90
2
 70
0
 38
100.259
 10
1007.5984
 20
995.6605
 10
1010.4003
 20
995.8832
  0
LINE
  5
4D3
330
17
100
AcDbEntity
  8
M2605
100
AcDbLine
 10
1008.013
 20
988.019
 30
100.393
 11
1010.2059
 21
988.1956
 31
100.393
  0
LINE
  5
4D4
330
17
100
AcDbEntity
  8
M2605
100
AcDbLine
 10
1008.1963
 20
988.2344
 30
100.393
 11
1010.1899
 21
988.3949
 31
100.393
  0
LWPOLYLINE
  5
4D5
330
17
100
AcDbEntity
  8
M2605
100
AcDbPolyline
 90
2
 70
0
 38
100.259
 10
996.595
 20
987.113
 10
988.135
 20
986.71
  0
LWPOLYLINE
  5
4D6
330
17
100
AcDbEntity
  8
M2605
100
AcDbPolyline
 90
2
 70
0
 38
100.259
 10
996.6045
 20
986.9132
 10
987.9561
 20
986.5013
  0
LWPOLYLINE
  5
4D7
330
17
100
AcDbEntity
  8
M2605
100
AcDbPolyline
 90
2
 70
0
 38
100.259
 10
996.595
 20
987.113
 10
996.6045
 20
986.9132
  0
LWPOLYLINE
  5
4D8
330
17
100
AcDbEntity
  8
M2605
100
AcDbPolyline
 90
2
 70
0
 38
100.259
 10
988.135
 20
986.71
 10
987.475
 20
992.9064
  0
LWPOLYLINE
  5
4D9
330
17
100
AcDbEntity
  8
M2605
100
AcDbPolyline
 90
2
 70
0
 38
100.259
 10
987.9561
 20
986.5013
 10
987.2544
 20
993.0897
  0
LWPOLYLINE
  5
4DA
330
17
100
AcDbEntity
  8
M2605
100
AcDbPolyline
 90
4
 70
0
 38
100.022
 10
987.073
 20
997.224
 10
986.269
 20
1005.783
 10
985.72
 20
1011.515
 10
984.474
 20
1024.497
  0
LWPOLYLINE
  5
4DB
330
17
100
AcDbEntity
  8
M2605
100
AcDbPolyline
 90
4
 70
0
 38
100.022
 10
986.892
 20
997.0127
 10
986.0699
 20
1005.7641
 10
985.5209
 20
1011.4959
 10
984.2749
 20
1024.4779
  0
LWPOLYLINE
  5
4DC
330
17
100
AcDbEntity
  8
M2605
100
AcDbPolyline
 90
2
 70
0
 38
100.022
 10
984.2749
 20
1024.4779
 10
984.474
 20
1024.497
  0
LWPOLYLINE
  5
4DD
330
17
100
AcDbEntity
  8
M2605
100
AcDbPolyline
 90
2
 70
0
 38
100.022
 10
984.2749
 20
1024.4779
 10
982.885
 20
1024.404
  0
LWPOLYLINE
  5
4DE
330
17
100
AcDbEntity
  8
M2605
100
AcDbPolyline
 90
2
 70
0
 38
100.022
 10
984.2855
 20
1024.2782
 10
983.0953
 20
1024.2149
  0
LWPOLYLINE
  5
4DF
330
17
100
AcDbEntity
  8
M2605
100
AcDbPolyline
 90
2
 70
0
 38
100.022
 10
982.885
 20
1024.404
 10
982.9288
 20
1023.5799
  0
LWPOLYLINE
  5
4E0
330
17
100
AcDbEntity
  8
M2605
100
AcDbPolyline
 90
2
 70
0
 38
100.022
 10
983.0953
 20
1024.2149
 10
983.1389
 20
1023.3957
  0
LWPOLYLINE
  5
4E1
330
17
100
AcDbEntity
  8
M2605
100
AcDbPolyline
 90
2
 70
0
 38
100.802
 10
982.147
 20
1023.519
 10
982.9288
 20
1023.5799
  0
LWPOLYLINE
  5
4E2
330
17
100
AcDbEntity
  8
M2605
100
AcDbPolyline
 90
2
 70
0
 38
100.802
 10
981.9631
 20
1023.3041
 10
983.1389
 20
1023.3957
  0
LWPOLYLINE
  5
4E3
330
17
100
AcDbEntity
  8
M2605
100
AcDbPolyline
 90
3
 70
0
 38
100.802
 10
973.462
 20
1023.671
 10
982.083
 20
1024.34
 10
982.147
 20
1023.519
  0
LWPOLYLINE
  5
4E4
330
17
100
AcDbEntity
  8
M2605
100
AcDbPolyline
 90
3
 70
0
 38
100.802
 10
973.4775
 20
1023.4716
 10
981.8991
 20
1024.1251
 10
981.9631
 20
1023.3041
  0
LWPOLYLINE
  5
4E5
330
17
100
AcDbEntity
  8
M2605
100
AcDbPolyline
 90
2
 70
0
 38
100.802
 10
973.462
 20
1023.671
 10
973.4775
 20
1023.4716
  0
LINE
  5
4E6
330
17
100
AcDbEntity
  8
M2207
100
AcDbLine
 10
971.5137
 20
1023.4967
 30
100.817
 11
964.868
 21
1022.954
 31
100.817
  0
LWPOLYLINE
  5
4E7
330
17
100
AcDbEntity
  8
M2605
100
AcDbPolyline
 90
2
 70
0
 38
100.817
 10
971.713
 20
1023.513
 10
971.8758
 20
1021.5196
  0
LWPOLYLINE
  5
4E8
330
17
100
AcDbEntity
  8
M2605
100
AcDbPolyline
 90
2
 70
0
 38
100.817
 10
971.5137
 20
1023.4967
 10
971.6765
 20
1021.5034
  0
LWPOLYLINE
  5
4E9
330
17
100
AcDbEntity
  8
M2605
100
AcDbPolyline
 90
2
 70
0
 38
100.678
 10
964.868
 20
1022.954
 10
965.0308
 20
1020.9606
  0
LWPOLYLINE
  5
4EA
330
17
100
AcDbEntity
  8
M2605
100
AcDbPolyline
 90
2
 70
0
 38
100.678
 10
964.6687
 20
1022.9377
 10
964.8315
 20
1020.9444
  0
LWPOLYLINE
  5
4EB
330
17
100
AcDbEntity
  8
M2605
100
AcDbPolyline
 90
2
 70
0
 38
100.678
 10
964.6687
 20
1022.9377
 10
964.868
 20
1022.954
  0
LWPOLYLINE
  5
4EC
330
17
100
AcDbEntity
  8
M2605
100
AcDbPolyline
 90
2
 70
0
 38
100.817
 10
971.713
 20
1023.513
 10
971.5137
 20
1023.4967
  0
LWPOLYLINE
  5
4ED
330
17
100
AcDbEntity
  8
M2407
100
AcDbPolyline
 90
5
 70
0
 38
100.714
 10
963.617
 20
1024.946
 10
976.364
 20
1026.031
 10
991.223
 20
1027.247
 10
1000.559
 20
1028.026
 10
1025.524
 20
1030.054
  0
LWPOLYLINE
  5
4EE
330
17
100
AcDbEntity
  8
M2301
100
AcDbPolyline
 90
5
 70
0
 38
100.022
 10
984.474
 20
1024.497
 10
984.484
 20
1024.724
 10
987.529
 20
1024.917
 10
987.634
 20
1019.18
 10
985.0085
 20
1018.928
  0
LWPOLYLINE
  5
4EF
330
17
100
AcDbEntity
  8
M2301
100
AcDbPolyline
 90
2
 70
0
 38
100.515
 10
1002.633
 20
1021.598
 10
1005.6952
 20
1021.8211
  0
LWPOLYLINE
  5
4F0
330
17
100
AcDbEntity
  8
M2301
100
AcDbPolyline
 90
2
 70
0
 38
100.517
 10
1001.861
 20
1026.124
 10
1004.913
 20
1026.412
  0
LWPOLYLINE
  5
4F1
330
17
100
AcDbEntity
  8
M2206
100
AcDbPolyline
 90
2
 70
0
 10
1009.203
 20
1021.714
 10
1009.2514
 20
1021.016
  0
LWPOLYLINE
  5
4F2
330
17
100
AcDbEntity
  8
M2206
100
AcDbPolyline
 90
2
 70
0
 10
1019.7249
 20
1022.4438
 10
1019.7733
 20
1021.7458
  0
LWPOLYLINE
  5
4F3
330
17
100
AcDbEntity
  8
M2206
100
AcDbPolyline
 90
2
 70
0
 10
1019.7249
 20
1022.4438
 10
1009.203
 20
1021.714
  0
LWPOLYLINE
  5
4F4
330
17
100
AcDbEntity
  8
M2206
100
AcDbPolyline
 90
4
 70
0
 10
991.5576
 20
1048.7803
 10
993.122
 20
1048.907
 10
999.9937
 20
1049.4538
 10
999.692
 20
1053.2458
  0
LWPOLYLINE
  5
4F5
330
17
100
AcDbEntity
  8
M2206
100
AcDbPolyline
 90
3
 70
0
 10
979.6774
 20
1051.679
 10
980.056
 20
1047.849
 10
988.5507
 20
1048.5368
  0
LWPOLYLINE
  5
4F6
330
17
100
AcDbEntity
  8
M2206
100
AcDbPolyline
 90
2
 70
0
 38
100.764
 10
972.382
 20
1043.754
 10
977.2811
 20
1044.2344
  0
LWPOLYLINE
  5
4F7
330
17
100
AcDbEntity
  8
M2206
100
AcDbPolyline
 90
2
 70
0
 10
976.788
 20
1049.263
 10
977.2811
 20
1044.2344
  0
LWPOLYLINE
  5
4F8
330
17
100
AcDbEntity
  8
M2206
100
AcDbPolyline
 90
2
 70
0
 38
100.764
 10
971.8889
 20
1048.7826
 10
972.382
 20
1043.754
  0
LINE
  5
4F9
330
17
100
AcDbEntity
  8
M2206
100
AcDbLine
 10
987.42
 20
997.245
 30
0.0
 11
990.214
 21
997.464
 31
0.0
  0
LINE
  5
4FA
330
17
100
AcDbEntity
  8
M2206
100
AcDbLine
 10
990.214
 20
997.464
 30
0.0
 11
990.545
 21
993.147
 31
0.0
  0
LINE
  5
4FB
330
17
100
AcDbEntity
  8
M2206
100
AcDbLine
 10
987.42
 20
997.245
 30
0.0
 11
987.751
 21
992.928
 31
0.0
  0
LINE
  5
4FC
330
17
100
AcDbEntity
  8
M2206
100
AcDbLine
 10
987.751
 20
992.928
 30
0.0
 11
990.545
 21
993.147
 31
0.0
  0
LWPOLYLINE
  5
4FD
330
17
100
AcDbEntity
  8
M2605
100
AcDbPolyline
 90
2
 70
0
 38
100.022
 10
986.892
 20
997.0127
 10
987.4321
 20
997.0454
  0
LWPOLYLINE
  5
4FE
330
17
100
AcDbEntity
  8
M2605
100
AcDbPolyline
 90
2
 70
0
 38
100.022
 10
986.8733
 20
997.2119
 10
987.42
 20
997.245
  0
LWPOLYLINE
  5
4FF
330
17
100
AcDbEntity
  8
M2605
100
AcDbPolyline
 90
2
 70
0
 10
987.751
 20
992.928
 10
987.2755
 20
992.8907
  0
LWPOLYLINE
  5
500
330
17
100
AcDbEntity
  8
M2205
100
AcDbPolyline
 90
2
 70
0
 10
990.214
 20
997.464
 10
994.5313
 20
997.795
  0
LWPOLYLINE
  5
501
330
17
100
AcDbEntity
  8
M2205
100
AcDbPolyline
 90
2
 70
0
 10
990.545
 20
993.147
 10
994.8623
 20
993.478
  0
LWPOLYLINE
  5
502
330
17
100
AcDbEntity
  8
M2205
100
AcDbPolyline
 90
2
 70
0
 10
994.8623
 20
993.478
 10
994.5313
 20
997.795
  0
LWPOLYLINE
  5
503
330
17
100
AcDbEntity
  8
M2205
100
AcDbPolyline
 90
2
 70
0
 10
1003.506
 20
1015.389
 10
1003.8794
 20
1011.3184
  0
LWPOLYLINE
  5
504
330
17
100
AcDbEntity
  8
M2205
100
AcDbPolyline
 90
3
 70
0
 10
1003.406
 20
1011.275
 10
1003.5523
 20
1009.5287
 10
1003.066
 20
1009.488
  0
LINE
  5
505
330
17
100
AcDbEntity
  8
M2205
100
AcDbLine
 10
1003.406
 20
1011.275
 30
0.0
 11
1003.879388
 21
1011.318423
 31
0.0
  0
LINE
  5
506
330
17
100
AcDbEntity
  8
M2205
100
AcDbLine
 10
1003.506
 20
1015.389
 30
0.0
 11
1002.513353
 21
1015.305828
 31
0.0
  0
LWPOLYLINE
  5
507
330
17
100
AcDbEntity
  8
M2200
100
AcDbPolyline
 90
2
 70
0
 38
100.419
 10
1002.85
 20
1011.288
 10
1002.849
 20
1011.288
  0
LWPOLYLINE
  5
508
330
17
100
AcDbEntity
  8
M2200
100
AcDbPolyline
 90
2
 70
0
 38
100.419
 10
1002.313
 20
1017.697
 10
1002.85
 20
1011.288
  0
LWPOLYLINE
  5
509
330
17
100
AcDbEntity
  8
M2404
100
AcDbPolyline
 90
2
 70
0
 38
100.419
 10
1002.85
 20
1011.288
 10
1005.1614
 20
1011.5
  0
LWPOLYLINE
  5
50A
330
17
100
AcDbEntity
  8
M2404
100
AcDbPolyline
 90
3
 70
0
 38
100.419
 10
1004.82
 20
1015.576
 10
1005.1623
 20
1011.4909
 10
1005.1623
 20
1011.4909
  0
LWPOLYLINE
  5
50B
330
17
100
AcDbEntity
  8
M2404
100
AcDbPolyline
 90
2
 70
0
 38
100.627
 10
1004.82
 20
1015.576
 10
1004.0022
 20
1015.5075
  0
LWPOLYLINE
  5
50C
330
17
100
AcDbEntity
  8
M2404
100
AcDbPolyline
 90
2
 70
0
 38
100.627
 10
1002.9757
 20
1015.4215
 10
1002.507
 20
1015.3822
  0
LWPOLYLINE
  5
50D
330
17
100
AcDbEntity
  8
M2404
100
AcDbPolyline
 90
2
 70
0
 38
100.383
 10
1003.634
 20
1019.242
 10
1004.0022
 20
1015.5075
  0
LWPOLYLINE
  5
50E
330
17
100
AcDbEntity
  8
M2404
100
AcDbPolyline
 90
2
 70
0
 38
100.383
 10
1002.609
 20
1019.141
 10
1002.9757
 20
1015.4215
  0
LWPOLYLINE
  5
50F
330
17
100
AcDbEntity
  8
M2200
100
AcDbPolyline
 90
2
 70
0
 38
100.419
 10
1002.85
 20
1011.288
 10
1003.066
 20
1009.488
  0
LWPOLYLINE
  5
510
330
17
100
AcDbEntity
  8
M2200
100
AcDbPolyline
 90
2
 70
0
 38
100.419
 10
1002.313
 20
1017.697
 10
1002.85
 20
1011.288
  0
LWPOLYLINE
  5
511
330
17
100
AcDbEntity
  8
M2200
100
AcDbPolyline
 90
4
 70
0
 38
100.419
 10
1002.313
 20
1017.697
 10
996.592
 20
1017.236
 10
993.3664
 20
1016.9385
 10
993.14
 20
1019.394
  0
LWPOLYLINE
  5
512
330
17
100
AcDbEntity
  8
M2404
100
AcDbPolyline
 90
2
 70
0
 38
100.415
 10
1000.723
 20
1026.058
 10
1001.861
 20
1026.124
  0
LWPOLYLINE
  5
513
330
17
100
AcDbEntity
  8
M2200
100
AcDbPolyline
 90
4
 70
0
 10
993.118
 20
1009.55
 10
993.454
 20
1005.55
 10
989.402
 20
1005.203
 10
988.206
 20
1018.939
  0
LWPOLYLINE
  5
514
330
17
100
AcDbEntity
  8
M2200
100
AcDbPolyline
 90
2
 70
0
 10
988.206
 20
1018.939
 10
993.14
 20
1019.394
  0
LWPOLYLINE
  5
515
330
17
100
AcDbEntity
  8
M2200
100
AcDbPolyline
 90
3
 70
0
 10
998.8109
 20
1010.0175
 10
995.675
 20
1009.769
 10
993.118
 20
1009.55
  0
LWPOLYLINE
  5
516
330
17
100
AcDbEntity
  8
M2200
100
AcDbPolyline
 90
2
 70
0
 10
999.417
 20
1002.37
 10
998.8109
 20
1010.0175
  0
LWPOLYLINE
  5
517
330
17
100
AcDbEntity
  8
M2200
100
AcDbPolyline
 90
2
 70
0
 10
1002.849
 20
1002.642
 10
999.417
 20
1002.37
  0
LWPOLYLINE
  5
518
330
17
100
AcDbEntity
  8
M2200
100
AcDbPolyline
 90
3
 70
0
 10
1003.066
 20
1009.488
 10
1002.2281
 20
1009.4111
 10
1002.849
 20
1002.642
  0
LWPOLYLINE
  5
519
330
17
100
AcDbEntity
  8
M2404
100
AcDbPolyline
 90
2
 70
0
 10
988.9263
 20
1022.0182
 10
992.8645
 20
1022.3813
  0
LWPOLYLINE
  5
51A
330
17
100
AcDbEntity
  8
M2404
100
AcDbPolyline
 90
2
 70
0
 10
989.2018
 20
1019.0308
 10
988.9263
 20
1022.0182
  0
LWPOLYLINE
  5
51B
330
17
100
AcDbEntity
  8
M2404
100
AcDbPolyline
 90
2
 70
0
 10
992.8645
 20
1022.3813
 10
993.14
 20
1019.394
  0
LWPOLYLINE
  5
51C
330
17
100
AcDbEntity
  8
M2404
100
AcDbPolyline
 90
2
 70
0
 10
993.454
 20
1005.55
 10
999.0934
 20
1006.4534
  0
LWPOLYLINE
  5
51D
330
17
100
AcDbEntity
  8
M2412
100
AcDbPolyline
 90
2
 70
0
 10
996.41
 20
1005.317
 10
997.9214
 20
1005.5591
  0
LWPOLYLINE
  5
51E
330
17
100
AcDbEntity
  8
M2412
100
AcDbPolyline
 90
2
 70
0
 10
997.811
 20
1006.248
 10
997.9214
 20
1005.5591
  0
LWPOLYLINE
  5
51F
330
17
100
AcDbEntity
  8
M2404
100
AcDbPolyline
 90
2
 70
0
 10
999.1487
 20
1005.7557
 10
999.2037
 20
1005.7646
  0
LWPOLYLINE
  5
520
330
17
100
AcDbEntity
  8
M2412
100
AcDbPolyline
 90
2
 70
0
 10
996.41
 20
1005.317
 10
996.2996
 20
1006.0059
  0
LWPOLYLINE
  5
521
330
17
100
AcDbEntity
  8
M2412
100
AcDbPolyline
 90
2
 70
0
 10
996.3731
 20
1005.5474
 10
997.8844
 20
1005.7895
  0
LWPOLYLINE
  5
522
330
17
100
AcDbEntity
  8
M2412
100
AcDbPolyline
 90
2
 70
0
 10
996.3362
 20
1005.7778
 10
997.8475
 20
1006.0199
  0
LWPOLYLINE
  5
523
330
17
100
AcDbEntity
  8
M2404
100
AcDbPolyline
 90
2
 70
0
 38
100.415
 10
1002.604
 20
1019.192
 10
1003.634
 20
1019.242
  0
LWPOLYLINE
  5
524
330
17
100
AcDbEntity
  8
M2404
100
AcDbPolyline
 90
2
 70
0
 38
100.315
 10
1003.877
 20
1016.777
 10
1004.82
 20
1015.576
  0
LINE
  5
525
330
17
100
AcDbEntity
  8
M2200
100
AcDbLine
 10
1010.675
 20
1020.976
 30
0.0
 11
1009.381
 21
1010.797
 31
0.0
  0
LINE
  5
526
330
17
100
AcDbEntity
  8
M2200
100
AcDbLine
 10
1008.675
 20
1020.976
 30
0.0
 11
1020.3519
 21
1021.7859
 31
0.0
  0
LINE
  5
527
330
17
100
AcDbEntity
  8
M2200
100
AcDbLine
 10
1009.381
 20
1010.797
 30
0.0
 11
1021.1453
 21
1011.613
 31
0.0
  0
LINE
  5
528
330
17
100
AcDbEntity
  8
M2200
100
AcDbLine
 10
1004.824
 20
968.725
 30
102.606
 11
1001.98
 21
968.491
 31
102.606
  0
LWPOLYLINE
  5
529
330
17
100
AcDbEntity
  8
M2200
100
AcDbPolyline
 90
3
 70
0
 38
100.612
 10
1001.98
 20
968.491
 10
1002.144
 20
966.4977
 10
1002.144
 20
966.4977
  0
ARC
  5
52A
330
17
100
AcDbEntity
  8
M2404
100
AcDbCircle
 10
1017.25923
 20
1026.421637
 30
100.517
 40
15.40110672
100
AcDbArc
 50
181.1073484
 51
207.7864011
  0
ARC
  5
52B
330
17
100
AcDbEntity
  8
M2404
100
AcDbCircle
 10
1013.996541
 20
1026.003743
 30
100.415
 40
13.27365246
100
AcDbArc
 50
179.7657999
 51
210.8757316
  0
LWPOLYLINE
  5
52C
330
17
100
AcDbEntity
  8
M2605
100
AcDbPolyline
 90
2
 70
0
 38
100.462
 10
1010.458
 20
1046.937
 10
1013.928
 20
1047.231
  0
LWPOLYLINE
  5
52D
330
17
100
AcDbEntity
  8
M2605
100
AcDbPolyline
 90
2
 70
0
 38
100.462
 10
1010.4411
 20
1047.1363
 10
1013.9111
 20
1047.4303
  0
LWPOLYLINE
  5
52E
330
17
100
AcDbEntity
  8
M2605
100
AcDbPolyline
 90
2
 70
0
 38
100.462
 10
1010.4411
 20
1047.1363
 10
1010.458
 20
1046.937
  0
LINE
  5
52F
330
17
100
AcDbEntity
  8
M2207
100
AcDbLine
 10
1008.9494
 20
1046.9834
 30
100.473
 11
1002.9796
 21
1046.2746
 31
100.473
  0
LWPOLYLINE
  5
530
330
17
100
AcDbEntity
  8
M2605
100
AcDbPolyline
 90
2
 70
0
 38
100.473
 10
1008.9122
 20
1048.993
 10
1009.148
 20
1047.007
  0
LWPOLYLINE
  5
531
330
17
100
AcDbEntity
  8
M2605
100
AcDbPolyline
 90
2
 70
0
 38
100.473
 10
1002.5452
 20
1048.237
 10
1002.781
 20
1046.251
  0
LWPOLYLINE
  5
532
330
17
100
AcDbEntity
  8
M2605
100
AcDbPolyline
 90
2
 70
0
 38
100.473
 10
1002.7438
 20
1048.2606
 10
1002.9796
 20
1046.2746
  0
LWPOLYLINE
  5
533
330
17
100
AcDbEntity
  8
M2605
100
AcDbPolyline
 90
2
 70
0
 38
100.473
 10
1008.7136
 20
1048.9695
 10
1008.9494
 20
1046.9834
  0
LWPOLYLINE
  5
534
330
17
100
AcDbEntity
  8
M2605
100
AcDbPolyline
 90
2
 70
0
 38
100.436
 10
1002.781
 20
1046.251
 10
1002.9796
 20
1046.2746
  0
LWPOLYLINE
  5
535
330
17
100
AcDbEntity
  8
M2605
100
AcDbPolyline
 90
2
 70
0
 38
100.473
 10
1008.9494
 20
1046.9834
 10
1009.148
 20
1047.007
  0
LINE
  5
536
330
17
100
AcDbEntity
  8
M2200
100
AcDbLine
 10
1005.4349
 20
1051.5133
 30
0.0
 11
1018.046
 21
1052.579
 31
0.0
  0
LINE
  5
537
330
17
100
AcDbEntity
  8
M2200
100
AcDbLine
 10
1005.26
 20
1053.583
 30
0.0
 11
1005.4349
 21
1051.5133
 31
0.0
  0
LINE
  5
538
330
17
100
AcDbEntity
  8
M2200
100
AcDbLine
 10
980.6087684
 20
1051.771046
 30
0.0
 11
980.8377709
 21
1049.45447
 31
0.0
  0
LINE
  5
539
330
17
100
AcDbEntity
  8
M2200
100
AcDbLine
 10
998.949
 20
1050.921
 30
0.0
 11
998.7903567
 21
1052.9147001
 31
0.0
  0
LINE
  5
53A
330
17
100
AcDbEntity
  8
M2200
100
AcDbLine
 10
980.8377709
 20
1049.45447
 30
0.0
 11
992.9985806
 21
1050.4391736
 31
0.0
  0
LINE
  5
53B
330
17
100
AcDbEntity
  8
M2200
100
AcDbLine
 10
992.9985806
 20
1050.4391736
 30
0.0
 11
998.949
 21
1050.921
 31
0.0
  0
LWPOLYLINE
  5
53C
330
17
100
AcDbEntity
  8
M2605
100
AcDbPolyline
 90
2
 70
0
 10
991.631
 20
1045.396
 10
991.2342
 20
1050.2963
  0
LWPOLYLINE
  5
53D
330
17
100
AcDbEntity
  8
M2605
100
AcDbPolyline
 90
4
 70
0
 10
980.9633
 20
1047.9225
 10
981.24
 20
1044.545
 10
989.023
 20
1045.182
 10
988.626
 20
1050.0851
  0
LWPOLYLINE
  5
53E
330
17
100
AcDbEntity
  8
M2605
100
AcDbPolyline
 90
4
 70
0
 10
991.2342
 20
1050.2963
 10
991.631
 20
1045.396
 10
999.674
 20
1046.036
 10
998.949
 20
1050.921
  0
LWPOLYLINE
  5
53F
330
17
100
AcDbEntity
  8
M2605
100
AcDbPolyline
 90
4
 70
0
 10
991.4336
 20
1050.3124
 10
991.8142
 20
1045.6112
 10
999.4447
 20
1046.2184
 10
998.7512
 20
1050.8916
  0
LWPOLYLINE
  5
540
330
17
100
AcDbEntity
  8
M2605
100
AcDbPolyline
 90
4
 70
0
 10
981.1626
 20
1047.9386
 10
981.423
 20
1044.7606
 10
988.8075
 20
1045.365
 10
988.4266
 20
1050.069
  0
LINE
  5
541
330
17
100
AcDbEntity
  8
M2605
100
AcDbLine
 10
981.24
 20
1044.545
 30
100.649
 11
989.023
 21
1045.182
 31
100.649
  0
LINE
  5
542
330
17
100
AcDbEntity
  8
M2605
100
AcDbLine
 10
991.631
 20
1045.396
 30
0.0
 11
999.674
 21
1046.036
 31
0.0
  0
LWPOLYLINE
  5
543
330
17
100
AcDbEntity
  8
M2200
100
AcDbPolyline
 90
2
 70
0
 38
100.517
 10
966.202
 20
1041.133
 10
964.328
 20
1042.911
  0
LWPOLYLINE
  5
544
330
17
100
AcDbEntity
  8
M2200
100
AcDbPolyline
 90
2
 70
0
 10
968.804
 20
1043.356
 10
964.328
 20
1042.911
  0
LWPOLYLINE
  5
545
330
17
100
AcDbEntity
  8
M2200
100
AcDbPolyline
 90
2
 70
0
 10
976.788
 20
1049.263
 10
968.804
 20
1043.356
  0
LWPOLYLINE
  5
546
330
17
100
AcDbEntity
  8
M2412
100
AcDbPolyline
 90
4
 70
0
 38
100.697
 10
965.421
 20
1029.968
 10
972.919
 20
1030.656
 10
976.533
 20
1030.915
 10
978.581
 20
1031.088
  0
LWPOLYLINE
  5
547
330
17
100
AcDbEntity
  8
M2412
100
AcDbPolyline
 90
3
 70
0
 38
100.697
 10
965.421
 20
1029.968
 10
972.919
 20
1030.656
 10
976.533
 20
1030.915
  0
LWPOLYLINE
  5
548
330
17
100
AcDbEntity
  8
M2412
100
AcDbPolyline
 90
3
 70
0
 38
100.697
 10
964.8679
 20
1035.9953
 10
972.4261
 20
1036.6888
 10
975.973
 20
1036.943
  0
LWPOLYLINE
  5
549
330
17
100
AcDbEntity
  8
M2412
100
AcDbPolyline
 90
2
 70
0
 38
100.585
 10
978.581
 20
1031.088
 10
999.218
 20
1032.867
  0
LWPOLYLINE
  5
54A
330
17
100
AcDbEntity
  8
M2412
100
AcDbPolyline
 90
2
 70
0
 38
100.378
 10
1001.288
 20
1033.075
 10
1008.564
 20
1033.706
  0
LWPOLYLINE
  5
54B
330
17
100
AcDbEntity
  8
M2412
100
AcDbPolyline
 90
2
 70
0
 38
100.378
 10
1000.795
 20
1039.082
 10
1015.727
 20
1040.313
  0
LWPOLYLINE
  5
54C
330
17
100
AcDbEntity
  8
M2412
100
AcDbPolyline
 90
2
 70
0
 38
100.481
 10
978.021
 20
1037.116
 10
998.725
 20
1038.874
  0
LINE
  5
54D
330
17
100
AcDbEntity
  8
M2404
100
AcDbLine
 10
976.533
 20
1030.915
 30
100.481
 11
978.581
 21
1031.088
 31
100.481
  0
LINE
  5
54E
330
17
100
AcDbEntity
  8
M2404
100
AcDbLine
 10
978.021
 20
1037.116
 30
100.481
 11
978.581
 21
1031.088
 31
100.481
  0
LINE
  5
54F
330
17
100
AcDbEntity
  8
M2404
100
AcDbLine
 10
975.973
 20
1036.943
 30
100.481
 11
976.533
 21
1030.915
 31
100.481
  0
LINE
  5
550
330
17
100
AcDbEntity
  8
M2404
100
AcDbLine
 10
975.973
 20
1036.943
 30
100.481
 11
978.021
 21
1037.116
 31
100.481
  0
LINE
  5
551
330
17
100
AcDbEntity
  8
M2404
100
AcDbLine
 10
998.725
 20
1038.874
 30
100.481
 11
999.218
 21
1032.867
 31
100.481
  0
LINE
  5
552
330
17
100
AcDbEntity
  8
M2404
100
AcDbLine
 10
998.725
 20
1038.874
 30
100.481
 11
1000.795
 21
1039.082
 31
100.481
  0
LINE
  5
553
330
17
100
AcDbEntity
  8
M2404
100
AcDbLine
 10
999.218
 20
1032.867
 30
100.481
 11
1001.288
 21
1033.075
 31
100.481
  0
LINE
  5
554
330
17
100
AcDbEntity
  8
M2404
100
AcDbLine
 10
1000.795
 20
1039.082
 30
100.481
 11
1001.288
 21
1033.075
 31
100.481
  0
HATCH
  5
555
330
17
100
AcDbEntity
  8
M2299
 62
7
100
AcDbHatch
 10
0.0
 20
0.0
 30
0.0
210
0.0
220
0.0
230
1.0
  2
DOTS
 70
0
 71
0
 91
1
 92
3
 72
0
 73
1
 93
4
 10
1010.46
 20
1046.93
 10
1013.93
 20
1047.23
 10
1013.91
 20
1047.43
 10
1010.44
 20
1047.14
 97
0
 75
1
 76
1
 52
0.0
 41
10.0
 77
0
 78
1
 53
0.0
 43
0.0
 44
0.0
 45
7.9375
 46
15.875
 79
2
 49
0.0
 49
-15.875
 98
0
  0
HATCH
  5
556
330
17
100
AcDbEntity
  8
M2299
 62
7
100
AcDbHatch
 10
0.0
 20
0.0
 30
0.0
210
0.0
220
0.0
230
1.0
  2
DOTS
 70
0
 71
0
 91
1
 92
3
 72
0
 73
1
 93
4
 10
972.382
 20
1043.754
 10
977.281
 20
1044.234
 10
976.788
 20
1049.263
 10
971.889
 20
1048.783
 97
0
 75
1
 76
1
 52
0.0
 41
10.0
 77
0
 78
1
 53
0.0
 43
0.0
 44
0.0
 45
7.9375
 46
15.875
 79
2
 49
0.0
 49
-15.875
 98
0
  0
HATCH
  5
557
330
17
100
AcDbEntity
  8
M2299
 62
7
100
AcDbHatch
 10
0.0
 20
0.0
 30
0.0
210
0.0
220
0.0
230
1.0
  2
DOTS
 70
0
 71
0
 91
1
 92
3
 72
0
 73
1
 93
4
 10
1003.066
 20
1009.488
 10
1002.228
 20
1009.411
 10
1002.849
 20
1002.642
 10
1003.066
 20
1009.488
 97
0
 75
1
 76
1
 52
0.0
 41
10.0
 77
0
 78
1
 53
0.0
 43
0.0
 44
0.0
 45
7.9375
 46
15.875
 79
2
 49
0.0
 49
-15.875
 98
0
  0
INSERT
  5
558
330
17
100
AcDbEntity
  8
C1609
100
AcDbBlockReference
 66
1
  2
C1609
 10
1010.3405
 20
996.5725
 30
0.0
 41
0.25
 42
0.25
 43
0.25
 50
274.71
  0
ATTRIB
  5
55A
330
17
100
AcDbEntity
  8
0
100
AcDbText
 10
1010.4011908621525
 20
996.2012297221011
 30
0.0
 40
0.0875
  1

 50
-85.29000000000005
  7
hebtxt
 72
1
 11
1010.4011908621525
 21
996.2012297221011
 31
0.0
100
AcDbAttribute
  2
LEGAL_LENGTH
 70
0
  0
ATTRIB
  5
55B
330
17
100
AcDbEntity
  8
0
100
AcDbText
 10
1009.8264541707593
 20
996.3570629199969
 30
0.0
 40
0.0875
  1
6.68
 50
-85.29000000000005
  7
hebtxt
 72
1
 11
1009.8264541707593
 21
996.3570629199969
 31
0.0
100
AcDbAttribute
  2
CALC_LENGTH
 70
0
  0
ATTRIB
  5
55C
330
17
100
AcDbEntity
  8
0
100
AcDbText
 10
1010.4011908621525
 20
996.2012297221011
 30
0.0
 40
0.0875
  1

 50
-85.29000000000005
  7
hebtxt
 72
1
 11
1010.4011908621525
 21
996.2012297221011
 31
0.0
100
AcDbAttribute
  2
RADIUS
 70
0
  0
ATTRIB
  5
55D
330
17
100
AcDbEntity
  8
0
100
AcDbText
 10
1010.4011908621525
 20
996.2012297221011
 30
0.0
 40
0.0875
  1

 50
-85.29000000000005
  7
hebtxt
 72
1
 11
1010.4011908621525
 21
996.2012297221011
 31
0.0
100
AcDbAttribute
  2
CROSS
 70
0
  0
ATTRIB
  5
55E
330
17
100
AcDbEntity
  8
0
100
AcDbText
 10
1010.156346418133
 20
997.68112243721
 30
0.0
 40
0.0625
  1

 50
-85.29000000000005
  7
hebtxt
 72
1
 11
1010.156346418133
 21
997.68112243721
 31
0.0
100
AcDbAttribute
  2
LINE_NAME
 70
0
  0
ATTRIB
  5
55F
330
17
100
AcDbEntity
  8
0
100
AcDbText
 10
1010.0956555559804
 20
998.052392715109
 30
0.0
 40
0.0625
  1

 50
-85.29000000000005
  7
hebtxt
 72
1
 11
1010.0956555559804
 21
998.052392715109
 31
0.0
100
AcDbAttribute
  2
TOPO
 70
0
  0
ATTRIB
  5
560
330
17
100
AcDbEntity
  8
0
100
AcDbText
 10
1010.0326784172848
 20
998.4209661541978
 30
0.0
 40
0.0625
  1

 50
-85.29000000000005
  7
hebtxt
 72
1
 11
1010.0326784172848
 21
998.4209661541978
 31
0.0
100
AcDbAttribute
  2
COMMENT
 70
0
  0
SEQEND
  5
559
330
558
100
AcDbEntity
  8
C1609
  0
INSERT
  5
561
330
17
100
AcDbEntity
  8
C1609
100
AcDbBlockReference
 66
1
  2
C1609
 10
1010.189
 20
1002.5437
 30
0.0
 41
0.25
 42
0.25
 43
0.25
 50
94.97
  0
ATTRIB
  5
563
330
17
100
AcDbEntity
  8
0
100
AcDbText
 10
1010.1266249974271
 20
1002.91469104983
 30
0.0
 40
0.0875
  1

 50
94.97
  7
hebtxt
 72
1
 11
1010.1266249974271
 21
1002.91469104983
 31
0.0
100
AcDbAttribute
  2
LEGAL_LENGTH
 70
0
  0
ATTRIB
  5
564
330
17
100
AcDbEntity
  8
0
100
AcDbText
 10
1010.7020629174957
 20
1002.761467519825
 30
0.0
 40
0.0875
  1
5.24
 50
94.97
  7
hebtxt
 72
1
 11
1010.7020629174957
 21
1002.761467519825
 31
0.0
100
AcDbAttribute
  2
CALC_LENGTH
 70
0
  0
ATTRIB
  5
565
330
17
100
AcDbEntity
  8
0
100
AcDbText
 10
1010.1266249974271
 20
1002.91469104983
 30
0.0
 40
0.0875
  1

 50
94.97
  7
hebtxt
 72
1
 11
1010.1266249974271
 21
1002.91469104983
 31
0.0
100
AcDbAttribute
  2
RADIUS
 70
0
  0
ATTRIB
  5
566
330
17
100
AcDbEntity
  8
0
100
AcDbText
 10
1010.1266249974271
 20
1002.91469104983
 30
0.0
 40
0.0875
  1

 50
94.97
  7
hebtxt
 72
1
 11
1010.1266249974271
 21
1002.91469104983
 31
0.0
100
AcDbAttribute
  2
CROSS
 70
0
  0
ATTRIB
  5
567
330
17
100
AcDbEntity
  8
0
100
AcDbText
 10
1010.3781824375862
 20
1001.4359246368017
 30
0.0
 40
0.0625
  1

 50
94.97
  7
hebtxt
 72
1
 11
1010.3781824375862
 21
1001.4359246368017
 31
0.0
100
AcDbAttribute
  2
LINE_NAME
 70
0
  0
ATTRIB
  5
568
330
17
100
AcDbEntity
  8
0
100
AcDbText
 10
1010.4405574401591
 20
1001.0649335869716
 30
0.0
 40
0.0625
  1

 50
94.97
  7
hebtxt
 72
1
 11
1010.4405574401591
 21
1001.0649335869716
 31
0.0
100
AcDbAttribute
  2
TOPO
 70
0
  0
ATTRIB
  5
569
330
17
100
AcDbEntity
  8
0
100
AcDbText
 10
1010.505206457911
 20
1000.6966497229432
 30
0.0
 40
0.0625
  1

 50
94.97
  7
hebtxt
 72
1
 11
1010.505206457911
 21
1000.6966497229432
 31
0.0
100
AcDbAttribute
  2
COMMENT
 70
0
  0
SEQEND
  5
562
330
561
100
AcDbEntity
  8
C1609
  0
INSERT
  5
56A
330
17
100
AcDbEntity
  8
C1609
100
AcDbBlockReference
 66
1
  2
C1609
 10
982.9335
 20
980.819
 30
0.0
 41
0.25
 42
0.25
 43
0.25
 50
4.58
  0
ATTRIB
  5
56C
330
17
100
AcDbEntity
  8
0
100
AcDbText
 10
983.3049070253232
 20
980.8788483211166
 30
0.0
 40
0.08749999999999998
  1

 50
4.580000000000001
  7
hebtxt
 72
1
 11
983.3049070253232
 21
980.8788483211166
 31
0.0
100
AcDbAttribute
  2
LEGAL_LENGTH
 70
0
  0
ATTRIB
  5
56D
330
17
100
AcDbEntity
  8
0
100
AcDbText
 10
983.1477701934759
 20
980.304466683112
 30
0.0
 40
0.08749999999999998
  1
5.93
 50
4.580000000000001
  7
hebtxt
 72
1
 11
983.1477701934759
 21
980.304466683112
 31
0.0
100
AcDbAttribute
  2
CALC_LENGTH
 70
0
  0
ATTRIB
  5
56E
330
17
100
AcDbEntity
  8
0
100
AcDbText
 10
983.3049070253232
 20
980.8788483211166
 30
0.0
 40
0.08749999999999998
  1

 50
4.580000000000001
  7
hebtxt
 72
1
 11
983.3049070253232
 21
980.8788483211166
 31
0.0
100
AcDbAttribute
  2
RADIUS
 70
0
  0
ATTRIB
  5
56F
330
17
100
AcDbEntity
  8
0
100
AcDbText
 10
983.3049070253232
 20
980.8788483211166
 30
0.0
 40
0.08749999999999998
  1

 50
4.580000000000001
  7
hebtxt
 72
1
 11
983.3049070253232
 21
980.8788483211166
 31
0.0
100
AcDbAttribute
  2
CROSS
 70
0
  0
ATTRIB
  5
570
330
17
100
AcDbEntity
  8
0
100
AcDbText
 10
981.8244625855372
 20
980.6373622745087
 30
0.0
 40
0.06249999999999999
  1

 50
4.580000000000001
  7
hebtxt
 72
1
 11
981.8244625855372
 21
980.6373622745087
 31
0.0
100
AcDbAttribute
  2
LINE_NAME
 70
0
  0
ATTRIB
  5
571
330
17
100
AcDbEntity
  8
0
100
AcDbText
 10
981.4530555602138
 20
980.5775139533921
 30
0.0
 40
0.06249999999999999
  1

 50
4.580000000000001
  7
hebtxt
 72
1
 11
981.4530555602138
 21
980.5775139533921
 31
0.0
100
AcDbAttribute
  2
TOPO
 70
0
  0
ATTRIB
  5
572
330
17
100
AcDbEntity
  8
0
100
AcDbText
 10
981.0843401793666
 20
980.5153732426893
 30
0.0
 40
0.06249999999999999
  1

 50
4.580000000000001
  7
hebtxt
 72
1
 11
981.0843401793666
 21
980.5153732426893
 31
0.0
100
AcDbAttribute
  2
COMMENT
 70
0
  0
SEQEND
  5
56B
330
56A
100
AcDbEntity
  8
C1609
  0
INSERT
  5
573
330
17
100
AcDbEntity
  8
C1609
100
AcDbBlockReference
 66
1
  2
C1609
 10
991.033
 20
981.5055
 30
0.0
 41
0.25
 42
0.25
 43
0.25
 50
4.79
  0
ATTRIB
  5
575
330
17
100
AcDbEntity
  8
0
100
AcDbText
 10
991.4041851755917
 20
981.5667091939252
 30
0.0
 40
0.0875
  1

 50
4.789999999999999
  7
hebtxt
 72
1
 11
991.4041851755917
 21
981.5667091939252
 31
0.0
100
AcDbAttribute
  2
LEGAL_LENGTH
 70
0
  0
ATTRIB
  5
576
330
17
100
AcDbEntity
  8
0
100
AcDbText
 10
991.2491546131453
 20
980.991755478651
 30
0.0
 40
0.0875
  1
5.90
 50
4.789999999999999
  7
hebtxt
 72
1
 11
991.2491546131453
 21
980.991755478651
 31
0.0
100
AcDbAttribute
  2
CALC_LENGTH
 70
0
  0
ATTRIB
  5
577
330
17
100
AcDbEntity
  8
0
100
AcDbText
 10
991.4041851755917
 20
981.5667091939252
 30
0.0
 40
0.0875
  1

 50
4.789999999999999
  7
hebtxt
 72
1
 11
991.4041851755917
 21
981.5667091939252
 31
0.0
100
AcDbAttribute
  2
RADIUS
 70
0
  0
ATTRIB
  5
578
330
17
100
AcDbEntity
  8
0
100
AcDbText
 10
991.4041851755917
 20
981.5667091939252
 30
0.0
 40
0.0875
  1

 50
4.789999999999999
  7
hebtxt
 72
1
 11
991.4041851755917
 21
981.5667091939252
 31
0.0
100
AcDbAttribute
  2
CROSS
 70
0
  0
ATTRIB
  5
579
330
17
100
AcDbEntity
  8
0
100
AcDbText
 10
989.9246357702712
 20
981.319798669209
 30
0.0
 40
0.0625
  1

 50
4.789999999999999
  7
hebtxt
 72
1
 11
989.9246357702712
 21
981.319798669209
 31
0.0
100
AcDbAttribute
  2
LINE_NAME
 70
0
  0
ATTRIB
  5
57A
330
17
100
AcDbEntity
  8
0
100
AcDbText
 10
989.5534505946795
 20
981.2585894752838
 30
0.0
 40
0.0625
  1

 50
4.789999999999999
  7
hebtxt
 72
1
 11
989.5534505946795
 21
981.2585894752838
 31
0.0
100
AcDbAttribute
  2
TOPO
 70
0
  0
ATTRIB
  5
57B
330
17
100
AcDbEntity
  8
0
100
AcDbText
 10
989.1849654475125
 20
981.1950977725402
 30
0.0
 40
0.0625
  1

 50
4.789999999999999
  7
hebtxt
 72
1
 11
989.1849654475125
 21
981.1950977725402
 31
0.0
100
AcDbAttribute
  2
COMMENT
 70
0
  0
SEQEND
  5
574
330
573
100
AcDbEntity
  8
C1609
  0
INSERT
  5
57C
330
17
100
AcDbEntity
  8
C1609
100
AcDbBlockReference
 66
1
  2
C1609
 10
1009.028
 20
1015.8865
 30
0.0
 41
0.25
 42
0.25
 43
0.25
 50
93.97
  0
ATTRIB
  5
57E
330
17
100
AcDbEntity
  8
0
100
AcDbText
 10
1008.9721091840285
 20
1016.2585231399927
 30
0.0
 40
0.0875
  1

 50
93.97
  7
hebtxt
 72
1
 11
1008.9721091840285
 21
1016.2585231399927
 31
0.0
100
AcDbAttribute
  2
LEGAL_LENGTH
 70
0
  0
ATTRIB
  5
57F
330
17
100
AcDbEntity
  8
0
100
AcDbText
 10
1009.5447853427931
 20
1016.095280170213
 30
0.0
 40
0.0875
  1
10.20
 50
93.97
  7
hebtxt
 72
1
 11
1009.5447853427931
 21
1016.095280170213
 31
0.0
100
AcDbAttribute
  2
CALC_LENGTH
 70
0
  0
ATTRIB
  5
580
330
17
100
AcDbEntity
  8
0
100
AcDbText
 10
1008.9721091840285
 20
1016.2585231399927
 30
0.0
 40
0.0875
  1

 50
93.97
  7
hebtxt
 72
1
 11
1008.9721091840285
 21
1016.2585231399927
 31
0.0
100
AcDbAttribute
  2
RADIUS
 70
0
  0
ATTRIB
  5
581
330
17
100
AcDbEntity
  8
0
100
AcDbText
 10
1008.9721091840285
 20
1016.2585231399927
 30
0.0
 40
0.0875
  1

 50
93.97
  7
hebtxt
 72
1
 11
1008.9721091840285
 21
1016.2585231399927
 31
0.0
100
AcDbAttribute
  2
CROSS
 70
0
  0
ATTRIB
  5
582
330
17
100
AcDbEntity
  8
0
100
AcDbText
 10
1009.197820278305
 20
1014.7755916675636
 30
0.0
 40
0.0625
  1

 50
93.97
  7
hebtxt
 72
1
 11
1009.197820278305
 21
1014.7755916675636
 31
0.0
100
AcDbAttribute
  2
LINE_NAME
 70
0
  0
ATTRIB
  5
583
330
17
100
AcDbEntity
  8
0
100
AcDbText
 10
1009.2537110942765
 20
1014.4035685275709
 30
0.0
 40
0.0625
  1

 50
93.97
  7
hebtxt
 72
1
 11
1009.2537110942765
 21
1014.4035685275709
 31
0.0
100
AcDbAttribute
  2
TOPO
 70
0
  0
ATTRIB
  5
584
330
17
100
AcDbEntity
  8
0
100
AcDbText
 10
1009.3119228259907
 20
1014.0342124740253
 30
0.0
 40
0.0625
  1

 50
93.97
  7
hebtxt
 72
1
 11
1009.3119228259907
 21
1014.0342124740253
 31
0.0
100
AcDbAttribute
  2
COMMENT
 70
0
  0
SEQEND
  5
57D
330
57C
100
AcDbEntity
  8
C1609
  0
INSERT
  5
585
330
17
100
AcDbEntity
  8
C1609
100
AcDbBlockReference
 66
1
  2
C1609
 10
997.8397
 20
1017.3178
 30
0.0
 41
0.25
 42
0.25
 43
0.25
 50
4.85
  0
ATTRIB
  5
587
330
17
100
AcDbEntity
  8
0
100
AcDbText
 10
998.2108208739604
 20
1017.3793978644994
 30
0.0
 40
0.0875
  1

 50
4.85
  7
hebtxt
 72
1
 11
998.2108208739604
 21
1017.3793978644994
 31
0.0
100
AcDbAttribute
  2
LEGAL_LENGTH
 70
0
  0
ATTRIB
  5
588
330
17
100
AcDbEntity
  8
0
100
AcDbText
 10
998.0563924865315
 20
1016.8042821168832
 30
0.0
 40
0.0875
  1
8.98
 50
4.85
  7
hebtxt
 72
1
 11
998.0563924865315
 21
1016.8042821168832
 31
0.0
100
AcDbAttribute
  2
CALC_LENGTH
 70
0
  0
ATTRIB
  5
589
330
17
100
AcDbEntity
  8
0
100
AcDbText
 10
998.2108208739604
 20
1017.3793978644994
 30
0.0
 40
0.0875
  1

 50
4.85
  7
hebtxt
 72
1
 11
998.2108208739604
 21
1017.3793978644994
 31
0.0
100
AcDbAttribute
  2
RADIUS
 70
0
  0
ATTRIB
  5
58A
330
17
100
AcDbEntity
  8
0
100
AcDbText
 10
998.2108208739604
 20
1017.3793978644994
 30
0.0
 40
0.0875
  1

 50
4.85
  7
hebtxt
 72
1
 11
998.2108208739604
 21
1017.3793978644994
 31
0.0
100
AcDbAttribute
  2
CROSS
 70
0
  0
ATTRIB
  5
58B
330
17
100
AcDbEntity
  8
0
100
AcDbText
 10
996.7315308439431
 20
1017.1309380949361
 30
0.0
 40
0.0625
  1

 50
4.85
  7
hebtxt
 72
1
 11
996.7315308439431
 21
1017.1309380949361
 31
0.0
100
AcDbAttribute
  2
LINE_NAME
 70
0
  0
ATTRIB
  5
58C
330
17
100
AcDbEntity
  8
0
100
AcDbText
 10
996.3604099699827
 20
1017.0693402304368
 30
0.0
 40
0.0625
  1

 50
4.85
  7
hebtxt
 72
1
 11
996.3604099699827
 21
1017.0693402304368
 31
0.0
100
AcDbAttribute
  2
TOPO
 70
0
  0
ATTRIB
  5
58D
330
17
100
AcDbEntity
  8
0
100
AcDbText
 10
995.9919915132037
 20
1017.0054626858331
 30
0.0
 40
0.0625
  1

 50
4.85
  7
hebtxt
 72
1
 11
995.9919915132037
 21
1017.0054626858331
 31
0.0
100
AcDbAttribute
  2
COMMENT
 70
0
  0
SEQEND
  5
586
330
585
100
AcDbEntity
  8
C1609
  0
INSERT
  5
58E
330
17
100
AcDbEntity
  8
C1609
100
AcDbBlockReference
 66
1
  2
C1609
 10
1002.6895
 20
1013.5925
 30
0.0
 41
0.25
 42
0.25
 43
0.25
 50
275.24
  0
ATTRIB
  5
590
330
17
100
AcDbEntity
  8
0
100
AcDbText
 10
1002.7536225576699
 20
1013.2218070035759
 30
0.0
 40
0.0875
  1

 50
-84.75999999999998
  7
hebtxt
 72
1
 11
1002.7536225576699
 21
1013.2218070035759
 31
0.0
100
AcDbAttribute
  2
LEGAL_LENGTH
 70
0
  0
ATTRIB
  5
591
330
17
100
AcDbEntity
  8
0
100
AcDbText
 10
1002.1774689806504
 20
1013.3723171550193
 30
0.0
 40
0.0875
  1
8.24
 50
-84.75999999999998
  7
hebtxt
 72
1
 11
1002.1774689806504
 21
1013.3723171550193
 31
0.0
100
AcDbAttribute
  2
CALC_LENGTH
 70
0
  0
ATTRIB
  5
592
330
17
100
AcDbEntity
  8
0
100
AcDbText
 10
1002.7536225576699
 20
1013.2218070035759
 30
0.0
 40
0.0875
  1

 50
-84.75999999999998
  7
hebtxt
 72
1
 11
1002.7536225576699
 21
1013.2218070035759
 31
0.0
100
AcDbAttribute
  2
RADIUS
 70
0
  0
ATTRIB
  5
593
330
17
100
AcDbEntity
  8
0
100
AcDbText
 10
1002.7536225576699
 20
1013.2218070035759
 30
0.0
 40
0.0875
  1

 50
-84.75999999999998
  7
hebtxt
 72
1
 11
1002.7536225576699
 21
1013.2218070035759
 31
0.0
100
AcDbAttribute
  2
CROSS
 70
0
  0
ATTRIB
  5
594
330
17
100
AcDbEntity
  8
0
100
AcDbText
 10
1002.4950994138666
 20
1014.6993715653186
 30
0.0
 40
0.0625
  1

 50
-84.75999999999998
  7
hebtxt
 72
1
 11
1002.4950994138666
 21
1014.6993715653186
 31
0.0
100
AcDbAttribute
  2
LINE_NAME
 70
0
  0
ATTRIB
  5
595
330
17
100
AcDbEntity
  8
0
100
AcDbText
 10
1002.4309768561966
 20
1015.0700645617427
 30
0.0
 40
0.0625
  1

 50
-84.75999999999998
  7
hebtxt
 72
1
 11
1002.4309768561966
 21
1015.0700645617427
 31
0.0
100
AcDbAttribute
  2
TOPO
 70
0
  0
ATTRIB
  5
596
330
17
100
AcDbEntity
  8
0
100
AcDbText
 10
1002.3645930658618
 20
1015.4380396864193
 30
0.0
 40
0.0625
  1

 50
-84.75999999999998
  7
hebtxt
 72
1
 11
1002.3645930658618
 21
1015.4380396864193
 31
0.0
100
AcDbAttribute
  2
COMMENT
 70
0
  0
SEQEND
  5
58F
330
58E
100
AcDbEntity
  8
C1609
  0
INSERT
  5
597
330
17
100
AcDbEntity
  8
C1609
100
AcDbBlockReference
 66
1
  2
C1609
 10
1002.647
 20
1009.4496
 30
0.0
 41
0.25
 42
0.25
 43
0.25
 50
185.24
  0
ATTRIB
  5
599
330
17
100
AcDbEntity
  8
0
100
AcDbText
 10
1002.276307003576
 20
1009.3854774423301
 30
0.0
 40
0.0875
  1

 50
-174.76000000000002
  7
hebtxt
 72
1
 11
1002.276307003576
 21
1009.3854774423301
 31
0.0
100
AcDbAttribute
  2
LEGAL_LENGTH
 70
0
  0
ATTRIB
  5
59A
330
17
100
AcDbEntity
  8
0
100
AcDbText
 10
1002.4268171550194
 20
1009.9616310193496
 30
0.0
 40
0.0875
  1
0.84
 50
-174.76000000000002
  7
hebtxt
 72
1
 11
1002.4268171550194
 21
1009.9616310193496
 31
0.0
100
AcDbAttribute
  2
CALC_LENGTH
 70
0
  0
ATTRIB
  5
59B
330
17
100
AcDbEntity
  8
0
100
AcDbText
 10
1002.276307003576
 20
1009.3854774423301
 30
0.0
 40
0.0875
  1

 50
-174.76000000000002
  7
hebtxt
 72
1
 11
1002.276307003576
 21
1009.3854774423301
 31
0.0
100
AcDbAttribute
  2
RADIUS
 70
0
  0
ATTRIB
  5
59C
330
17
100
AcDbEntity
  8
0
100
AcDbText
 10
1002.276307003576
 20
1009.3854774423301
 30
0.0
 40
0.0875
  1

 50
-174.76000000000002
  7
hebtxt
 72
1
 11
1002.276307003576
 21
1009.3854774423301
 31
0.0
100
AcDbAttribute
  2
CROSS
 70
0
  0
ATTRIB
  5
59D
330
17
100
AcDbEntity
  8
0
100
AcDbText
 10
1003.7538715653187
 20
1009.6440005861334
 30
0.0
 40
0.0625
  1

 50
-174.76000000000002
  7
hebtxt
 72
1
 11
1003.7538715653187
 21
1009.6440005861334
 31
0.0
100
AcDbAttribute
  2
LINE_NAME
 70
0
  0
ATTRIB
  5
59E
330
17
100
AcDbEntity
  8
0
100
AcDbText
 10
1004.1245645617428
 20
1009.7081231438034
 30
0.0
 40
0.0625
  1

 50
-174.76000000000002
  7
hebtxt
 72
1
 11
1004.1245645617428
 21
1009.7081231438034
 31
0.0
100
AcDbAttribute
  2
TOPO
 70
0
  0
ATTRIB
  5
59F
330
17
100
AcDbEntity
  8
0
100
AcDbText
 10
1004.4925396864194
 20
1009.7745069341382
 30
0.0
 40
0.0625
  1

 50
-174.76000000000002
  7
hebtxt
 72
1
 11
1004.4925396864194
 21
1009.7745069341382
 31
0.0
100
AcDbAttribute
  2
COMMENT
 70
0
  0
SEQEND
  5
598
330
597
100
AcDbEntity
  8
C1609
  0
INSERT
  5
5A0
330
17
100
AcDbEntity
  8
C1609
100
AcDbBlockReference
 66
1
  2
C1609
 10
1002.5385
 20
1006.0266
 30
0.0
 41
0.25
 42
0.25
 43
0.25
 50
275.24
  0
ATTRIB
  5
5A2
330
17
100
AcDbEntity
  8
0
100
AcDbText
 10
1002.60262255767
 20
1005.655907003576
 30
0.0
 40
0.0875
  1

 50
-84.75999999999998
  7
hebtxt
 72
1
 11
1002.60262255767
 21
1005.655907003576
 31
0.0
100
AcDbAttribute
  2
LEGAL_LENGTH
 70
0
  0
ATTRIB
  5
5A3
330
17
100
AcDbEntity
  8
0
100
AcDbText
 10
1002.0264689806504
 20
1005.8064171550194
 30
0.0
 40
0.0875
  1
6.80
 50
-84.75999999999998
  7
hebtxt
 72
1
 11
1002.0264689806504
 21
1005.8064171550194
 31
0.0
100
AcDbAttribute
  2
CALC_LENGTH
 70
0
  0
ATTRIB
  5
5A4
330
17
100
AcDbEntity
  8
0
100
AcDbText
 10
1002.60262255767
 20
1005.655907003576
 30
0.0
 40
0.0875
  1

 50
-84.75999999999998
  7
hebtxt
 72
1
 11
1002.60262255767
 21
1005.655907003576
 31
0.0
100
AcDbAttribute
  2
RADIUS
 70
0
  0
ATTRIB
  5
5A5
330
17
100
AcDbEntity
  8
0
100
AcDbText
 10
1002.60262255767
 20
1005.655907003576
 30
0.0
 40
0.0875
  1

 50
-84.75999999999998
  7
hebtxt
 72
1
 11
1002.60262255767
 21
1005.655907003576
 31
0.0
100
AcDbAttribute
  2
CROSS
 70
0
  0
ATTRIB
  5
5A6
330
17
100
AcDbEntity
  8
0
100
AcDbText
 10
1002.3440994138666
 20
1007.1334715653187
 30
0.0
 40
0.0625
  1

 50
-84.75999999999998
  7
hebtxt
 72
1
 11
1002.3440994138666
 21
1007.1334715653187
 31
0.0
100
AcDbAttribute
  2
LINE_NAME
 70
0
  0
ATTRIB
  5
5A7
330
17
100
AcDbEntity
  8
0
100
AcDbText
 10
1002.2799768561966
 20
1007.5041645617428
 30
0.0
 40
0.0625
  1

 50
-84.75999999999998
  7
hebtxt
 72
1
 11
1002.2799768561966
 21
1007.5041645617428
 31
0.0
100
AcDbAttribute
  2
TOPO
 70
0
  0
ATTRIB
  5
5A8
330
17
100
AcDbEntity
  8
0
100
AcDbText
 10
1002.2135930658618
 20
1007.8721396864194
 30
0.0
 40
0.0625
  1

 50
-84.75999999999998
  7
hebtxt
 72
1
 11
1002.2135930658618
 21
1007.8721396864194
 31
0.0
100
AcDbAttribute
  2
COMMENT
 70
0
  0
SEQEND
  5
5A1
330
5A0
100
AcDbEntity
  8
C1609
  0
INSERT
  5
5A9
330
17
100
AcDbEntity
  8
C1609
100
AcDbBlockReference
 66
1
  2
C1609
 10
1001.133
 20
1002.506
 30
0.0
 41
0.25
 42
0.25
 43
0.25
 50
184.53
  0
ATTRIB
  5
5AB
330
17
100
AcDbEntity
  8
0
100
AcDbText
 10
1000.7615408885919
 20
1002.4464758154036
 30
0.0
 40
0.0875
  1

 50
-175.47000000000003
  7
hebtxt
 72
1
 11
1000.7615408885919
 21
1002.4464758154036
 31
0.0
100
AcDbAttribute
  2
LEGAL_LENGTH
 70
0
  0
ATTRIB
  5
5AC
330
17
100
AcDbEntity
  8
0
100
AcDbText
 10
1000.9191789030797
 20
1003.0207201069628
 30
0.0
 40
0.0875
  1
3.44
 50
-175.47000000000003
  7
hebtxt
 72
1
 11
1000.9191789030797
 21
1003.0207201069628
 31
0.0
100
AcDbAttribute
  2
CALC_LENGTH
 70
0
  0
ATTRIB
  5
5AD
330
17
100
AcDbEntity
  8
0
100
AcDbText
 10
1000.7615408885919
 20
1002.4464758154036
 30
0.0
 40
0.0875
  1

 50
-175.47000000000003
  7
hebtxt
 72
1
 11
1000.7615408885919
 21
1002.4464758154036
 31
0.0
100
AcDbAttribute
  2
RADIUS
 70
0
  0
ATTRIB
  5
5AE
330
17
100
AcDbEntity
  8
0
100
AcDbText
 10
1000.7615408885919
 20
1002.4464758154036
 30
0.0
 40
0.0875
  1

 50
-175.47000000000003
  7
hebtxt
 72
1
 11
1000.7615408885919
 21
1002.4464758154036
 31
0.0
100
AcDbAttribute
  2
CROSS
 70
0
  0
ATTRIB
  5
5AF
330
17
100
AcDbEntity
  8
0
100
AcDbText
 10
1002.2421955009704
 20
1002.686669838731
 30
0.0
 40
0.0625
  1

 50
-175.47000000000003
  7
hebtxt
 72
1
 11
1002.2421955009704
 21
1002.686669838731
 31
0.0
100
AcDbAttribute
  2
LINE_NAME
 70
0
  0
ATTRIB
  5
5B0
330
17
100
AcDbEntity
  8
0
100
AcDbText
 10
1002.6136546123786
 20
1002.7461940233273
 30
0.0
 40
0.0625
  1

 50
-175.47000000000003
  7
hebtxt
 72
1
 11
1002.6136546123786
 21
1002.7461940233273
 31
0.0
100
AcDbAttribute
  2
TOPO
 70
0
  0
ATTRIB
  5
5B1
330
17
100
AcDbEntity
  8
0
100
AcDbText
 10
1002.9824240808226
 20
1002.8080129455396
 30
0.0
 40
0.0625
  1

 50
-175.47000000000003
  7
hebtxt
 72
1
 11
1002.9824240808226
 21
1002.8080129455396
 31
0.0
100
AcDbAttribute
  2
COMMENT
 70
0
  0
SEQEND
  5
5AA
330
5A9
100
AcDbEntity
  8
C1609
  0
INSERT
  5
5B2
330
17
100
AcDbEntity
  8
C1609
100
AcDbBlockReference
 66
1
  2
C1609
 10
999.114
 20
1006.1938
 30
0.0
 41
0.25
 42
0.25
 43
0.25
 50
94.53
  0
ATTRIB
  5
5B4
330
17
100
AcDbEntity
  8
0
100
AcDbText
 10
999.0544758154036
 20
1006.5652591114082
 30
0.0
 40
0.0875
  1

 50
94.53
  7
hebtxt
 72
1
 11
999.0544758154036
 21
1006.5652591114082
 31
0.0
100
AcDbAttribute
  2
LEGAL_LENGTH
 70
0
  0
ATTRIB
  5
5B5
330
17
100
AcDbEntity
  8
0
100
AcDbText
 10
999.6287201069629
 20
1006.4076210969204
 30
0.0
 40
0.0875
  1
7.67
 50
94.53
  7
hebtxt
 72
1
 11
999.6287201069629
 21
1006.4076210969204
 31
0.0
100
AcDbAttribute
  2
CALC_LENGTH
 70
0
  0
ATTRIB
  5
5B6
330
17
100
AcDbEntity
  8
0
100
AcDbText
 10
999.0544758154036
 20
1006.5652591114082
 30
0.0
 40
0.0875
  1

 50
94.53
  7
hebtxt
 72
1
 11
999.0544758154036
 21
1006.5652591114082
 31
0.0
100
AcDbAttribute
  2
RADIUS
 70
0
  0
ATTRIB
  5
5B7
330
17
100
AcDbEntity
  8
0
100
AcDbText
 10
999.0544758154036
 20
1006.5652591114082
 30
0.0
 40
0.0875
  1

 50
94.53
  7
hebtxt
 72
1
 11
999.0544758154036
 21
1006.5652591114082
 31
0.0
100
AcDbAttribute
  2
CROSS
 70
0
  0
ATTRIB
  5
5B8
330
17
100
AcDbEntity
  8
0
100
AcDbText
 10
999.294669838731
 20
1005.0846044990296
 30
0.0
 40
0.0625
  1

 50
94.53
  7
hebtxt
 72
1
 11
999.294669838731
 21
1005.0846044990296
 31
0.0
100
AcDbAttribute
  2
LINE_NAME
 70
0
  0
ATTRIB
  5
5B9
330
17
100
AcDbEntity
  8
0
100
AcDbText
 10
999.3541940233274
 20
1004.7131453876215
 30
0.0
 40
0.0625
  1

 50
94.53
  7
hebtxt
 72
1
 11
999.3541940233274
 21
1004.7131453876215
 31
0.0
100
AcDbAttribute
  2
TOPO
 70
0
  0
ATTRIB
  5
5BA
330
17
100
AcDbEntity
  8
0
100
AcDbText
 10
999.4160129455397
 20
1004.3443759191774
 30
0.0
 40
0.0625
  1

 50
94.53
  7
hebtxt
 72
1
 11
999.4160129455397
 21
1004.3443759191774
 31
0.0
100
AcDbAttribute
  2
COMMENT
 70
0
  0
SEQEND
  5
5B3
330
5B2
100
AcDbEntity
  8
C1609
  0
INSERT
  5
5BB
330
17
100
AcDbEntity
  8
C1609
100
AcDbBlockReference
 66
1
  2
C1609
 10
995.9645
 20
1009.7838
 30
0.0
 41
0.25
 42
0.25
 43
0.25
 50
184.69
  0
ATTRIB
  5
5BD
330
17
100
AcDbEntity
  8
0
100
AcDbText
 10
995.5932085596131
 20
1009.7232387393177
 30
0.0
 40
0.0875
  1

 50
-175.31
  7
hebtxt
 72
1
 11
995.5932085596131
 21
1009.7232387393177
 31
0.0
100
AcDbAttribute
  2
LEGAL_LENGTH
 70
0
  0
ATTRIB
  5
5BE
330
17
100
AcDbEntity
  8
0
100
AcDbText
 10
995.749242368963
 20
1010.2979209996493
 30
0.0
 40
0.0875
  1
5.71
 50
-175.31
  7
hebtxt
 72
1
 11
995.749242368963
 21
1010.2979209996493
 31
0.0
100
AcDbAttribute
  2
CALC_LENGTH
 70
0
  0
ATTRIB
  5
5BF
330
17
100
AcDbEntity
  8
0
100
AcDbText
 10
995.5932085596131
 20
1009.7232387393177
 30
0.0
 40
0.0875
  1

 50
-175.31
  7
hebtxt
 72
1
 11
995.5932085596131
 21
1009.7232387393177
 31
0.0
100
AcDbAttribute
  2
RADIUS
 70
0
  0
ATTRIB
  5
5C0
330
17
100
AcDbEntity
  8
0
100
AcDbText
 10
995.5932085596131
 20
1009.7232387393177
 30
0.0
 40
0.0875
  1

 50
-175.31
  7
hebtxt
 72
1
 11
995.5932085596131
 21
1009.7232387393177
 31
0.0
100
AcDbAttribute
  2
CROSS
 70
0
  0
ATTRIB
  5
5C1
330
17
100
AcDbEntity
  8
0
100
AcDbText
 10
997.0731866513943
 20
1009.9675665884218
 30
0.0
 40
0.0625
  1

 50
-175.31
  7
hebtxt
 72
1
 11
997.0731866513943
 21
1009.9675665884218
 31
0.0
100
AcDbAttribute
  2
LINE_NAME
 70
0
  0
ATTRIB
  5
5C2
330
17
100
AcDbEntity
  8
0
100
AcDbText
 10
997.4444780917812
 20
1010.0281278491042
 30
0.0
 40
0.0625
  1

 50
-175.31
  7
hebtxt
 72
1
 11
997.4444780917812
 21
1010.0281278491042
 31
0.0
100
AcDbAttribute
  2
TOPO
 70
0
  0
ATTRIB
  5
5C3
330
17
100
AcDbEntity
  8
0
100
AcDbText
 10
997.8130734915832
 20
1010.0909763275647
 30
0.0
 40
0.0625
  1

 50
-175.31
  7
hebtxt
 72
1
 11
997.8130734915832
 21
1010.0909763275647
 31
0.0
100
AcDbAttribute
  2
COMMENT
 70
0
  0
SEQEND
  5
5BC
330
5BB
100
AcDbEntity
  8
C1609
  0
INSERT
  5
5C4
330
17
100
AcDbEntity
  8
C1609
100
AcDbBlockReference
 66
1
  2
C1609
 10
993.286
 20
1007.55
 30
0.0
 41
0.25
 42
0.25
 43
0.25
 50
274.8
  0
ATTRIB
  5
5C6
330
17
100
AcDbEntity
  8
0
100
AcDbText
 10
993.347273977027
 20
1007.1788255130814
 30
0.0
 40
0.0875
  1

 50
-85.2
  7
hebtxt
 72
1
 11
993.347273977027
 21
1007.1788255130814
 31
0.0
100
AcDbAttribute
  2
LEGAL_LENGTH
 70
0
  0
ATTRIB
  5
5C7
330
17
100
AcDbEntity
  8
0
100
AcDbText
 10
992.7722932125725
 20
1007.3337557248133
 30
0.0
 40
0.0875
  1
4.01
 50
-85.2
  7
hebtxt
 72
1
 11
992.7722932125725
 21
1007.3337557248133
 31
0.0
100
AcDbAttribute
  2
CALC_LENGTH
 70
0
  0
ATTRIB
  5
5C8
330
17
100
AcDbEntity
  8
0
100
AcDbText
 10
993.347273977027
 20
1007.1788255130814
 30
0.0
 40
0.0875
  1

 50
-85.2
  7
hebtxt
 72
1
 11
993.347273977027
 21
1007.1788255130814
 31
0.0
100
AcDbAttribute
  2
RADIUS
 70
0
  0
ATTRIB
  5
5C9
330
17
100
AcDbEntity
  8
0
100
AcDbText
 10
993.347273977027
 20
1007.1788255130814
 30
0.0
 40
0.0875
  1

 50
-85.2
  7
hebtxt
 72
1
 11
993.347273977027
 21
1007.1788255130814
 31
0.0
100
AcDbAttribute
  2
CROSS
 70
0
  0
ATTRIB
  5
5CA
330
17
100
AcDbEntity
  8
0
100
AcDbText
 10
993.1001052259871
 20
1008.6583318018512
 30
0.0
 40
0.0625
  1

 50
-85.2
  7
hebtxt
 72
1
 11
993.1001052259871
 21
1008.6583318018512
 31
0.0
100
AcDbAttribute
  2
LINE_NAME
 70
0
  0
ATTRIB
  5
5CB
330
17
100
AcDbEntity
  8
0
100
AcDbText
 10
993.03883124896
 20
1009.0295062887698
 30
0.0
 40
0.0625
  1

 50
-85.2
  7
hebtxt
 72
1
 11
993.03883124896
 21
1009.0295062887698
 31
0.0
100
AcDbAttribute
  2
TOPO
 70
0
  0
ATTRIB
  5
5CC
330
17
100
AcDbEntity
  8
0
100
AcDbText
 10
992.9752752343932
 20
1009.3979803489319
 30
0.0
 40
0.0625
  1

 50
-85.2
  7
hebtxt
 72
1
 11
992.9752752343932
 21
1009.3979803489319
 31
0.0
100
AcDbAttribute
  2
COMMENT
 70
0
  0
SEQEND
  5
5C5
330
5C4
100
AcDbEntity
  8
C1609
  0
INSERT
  5
5CD
330
17
100
AcDbEntity
  8
C1609
100
AcDbBlockReference
 66
1
  2
C1609
 10
991.428
 20
1005.3765
 30
0.0
 41
0.25
 42
0.25
 43
0.25
 50
184.89
  0
ATTRIB
  5
5CF
330
17
100
AcDbEntity
  8
0
100
AcDbText
 10
991.056922219898
 20
1005.3146430592857
 30
0.0
 40
0.08749999999999998
  1

 50
-175.11
  7
hebtxt
 41
1.0000000000000002
 72
1
 11
991.056922219898
 21
1005.3146430592857
 31
0.0
100
AcDbAttribute
  2
LEGAL_LENGTH
 70
0
  0
ATTRIB
  5
5D0
330
17
100
AcDbEntity
  8
0
100
AcDbText
 10
991.210949063191
 20
1005.8898664780937
 30
0.0
 40
0.08749999999999998
  1
4.07
 50
-175.11
  7
hebtxt
 41
1.0000000000000002
 72
1
 11
991.210949063191
 21
1005.8898664780937
 31
0.0
100
AcDbAttribute
  2
CALC_LENGTH
 70
0
  0
ATTRIB
  5
5D1
330
17
100
AcDbEntity
  8
0
100
AcDbText
 10
991.056922219898
 20
1005.3146430592857
 30
0.0
 40
0.08749999999999998
  1

 50
-175.11
  7
hebtxt
 41
1.0000000000000002
 72
1
 11
991.056922219898
 21
1005.3146430592857
 31
0.0
100
AcDbAttribute
  2
RADIUS
 70
0
  0
ATTRIB
  5
5D2
330
17
100
AcDbEntity
  8
0
100
AcDbText
 10
991.056922219898
 20
1005.3146430592857
 30
0.0
 40
0.08749999999999998
  1

 50
-175.11
  7
hebtxt
 41
1.0000000000000002
 72
1
 11
991.056922219898
 21
1005.3146430592857
 31
0.0
100
AcDbAttribute
  2
CROSS
 70
0
  0
ATTRIB
  5
5D3
330
17
100
AcDbEntity
  8
0
100
AcDbText
 10
992.5360384317938
 20
1005.5641355074815
 30
0.0
 40
0.06249999999999999
  1

 50
-175.11
  7
hebtxt
 41
1.0000000000000002
 72
1
 11
992.5360384317938
 21
1005.5641355074815
 31
0.0
100
AcDbAttribute
  2
LINE_NAME
 70
0
  0
ATTRIB
  5
5D4
330
17
100
AcDbEntity
  8
0
100
AcDbText
 10
992.9071162118959
 20
1005.6259924481958
 30
0.0
 40
0.06249999999999999
  1

 50
-175.11
  7
hebtxt
 41
1.0000000000000002
 72
1
 11
992.9071162118959
 21
1005.6259924481958
 31
0.0
100
AcDbAttribute
  2
TOPO
 70
0
  0
ATTRIB
  5
5D5
330
17
100
AcDbEntity
  8
0
100
AcDbText
 10
993.2754899839583
 20
1005.6901271818159
 30
0.0
 40
0.06249999999999999
  1

 50
-175.11
  7
hebtxt
 41
1.0000000000000002
 72
1
 11
993.2754899839583
 21
1005.6901271818159
 31
0.0
100
AcDbAttribute
  2
COMMENT
 70
0
  0
SEQEND
  5
5CE
330
5CD
100
AcDbEntity
  8
C1609
  0
INSERT
  5
5D6
330
17
100
AcDbEntity
  8
C1609
100
AcDbBlockReference
 66
1
  2
C1609
 10
988.804
 20
1012.071
 30
0.0
 41
0.25
 42
0.25
 43
0.25
 50
94.98
  0
ATTRIB
  5
5D8
330
17
100
AcDbEntity
  8
0
100
AcDbText
 10
988.7415602482243
 20
1012.441980157688
 30
0.0
 40
0.08749999999999998
  1

 50
94.98
  7
hebtxt
 41
1.0000000000000002
 72
1
 11
988.7415602482243
 21
1012.441980157688
 31
0.0
100
AcDbAttribute
  2
LEGAL_LENGTH
 70
0
  0
ATTRIB
  5
5D9
330
17
100
AcDbEntity
  8
0
100
AcDbText
 10
989.3170249020793
 20
1012.2888570628796
 30
0.0
 40
0.08749999999999998
  1
13.79
 50
94.98
  7
hebtxt
 41
1.0000000000000002
 72
1
 11
989.3170249020793
 21
1012.2888570628796
 31
0.0
100
AcDbAttribute
  2
CALC_LENGTH
 70
0
  0
ATTRIB
  5
5DA
330
17
100
AcDbEntity
  8
0
100
AcDbText
 10
988.7415602482243
 20
1012.441980157688
 30
0.0
 40
0.08749999999999998
  1

 50
94.98
  7
hebtxt
 41
1.0000000000000002
 72
1
 11
988.7415602482243
 21
1012.441980157688
 31
0.0
100
AcDbAttribute
  2
RADIUS
 70
0
  0
ATTRIB
  5
5DB
330
17
100
AcDbEntity
  8
0
100
AcDbText
 10
988.7415602482243
 20
1012.441980157688
 30
0.0
 40
0.08749999999999998
  1

 50
94.98
  7
hebtxt
 41
1.0000000000000002
 72
1
 11
988.7415602482243
 21
1012.441980157688
 31
0.0
100
AcDbAttribute
  2
CROSS
 70
0
  0
ATTRIB
  5
5DC
330
17
100
AcDbEntity
  8
0
100
AcDbText
 10
988.9933757779785
 20
1010.9632576722382
 30
0.0
 40
0.06249999999999999
  1

 50
94.98
  7
hebtxt
 41
1.0000000000000002
 72
1
 11
988.9933757779785
 21
1010.9632576722382
 31
0.0
100
AcDbAttribute
  2
LINE_NAME
 70
0
  0
ATTRIB
  5
5DD
330
17
100
AcDbEntity
  8
0
100
AcDbText
 10
989.055815529754
 20
1010.5922775145502
 30
0.0
 40
0.06249999999999999
  1

 50
94.98
  7
hebtxt
 41
1.0000000000000002
 72
1
 11
989.055815529754
 21
1010.5922775145502
 31
0.0
100
AcDbAttribute
  2
TOPO
 70
0
  0
ATTRIB
  5
5DE
330
17
100
AcDbEntity
  8
0
100
AcDbText
 10
989.1205288241811
 20
1010.2240049395133
 30
0.0
 40
0.06249999999999999
  1

 50
94.98
  7
hebtxt
 41
1.0000000000000002
 72
1
 11
989.1205288241811
 21
1010.2240049395133
 31
0.0
100
AcDbAttribute
  2
COMMENT
 70
0
  0
SEQEND
  5
5D7
330
5D6
100
AcDbEntity
  8
C1609
  0
INSERT
  5
5DF
330
17
100
AcDbEntity
  8
C1609
100
AcDbBlockReference
 66
1
  2
C1609
 10
990.673
 20
1019.1665
 30
0.0
 41
0.25
 42
0.25
 43
0.25
 50
5.27
  0
ATTRIB
  5
5E1
330
17
100
AcDbEntity
  8
0
100
AcDbText
 10
991.0436593711191
 20
1019.2308166432704
 30
0.0
 40
0.0875
  1

 50
5.27
  7
hebtxt
 72
1
 11
991.0436593711191
 21
1019.2308166432704
 31
0.0
100
AcDbAttribute
  2
LEGAL_LENGTH
 70
0
  0
ATTRIB
  5
5E2
330
17
100
AcDbEntity
  8
0
100
AcDbText
 10
990.893450913601
 20
1018.6545843383013
 30
0.0
 40
0.0875
  1
4.95
 50
5.27
  7
hebtxt
 72
1
 11
990.893450913601
 21
1018.6545843383013
 31
0.0
100
AcDbAttribute
  2
CALC_LENGTH
 70
0
  0
ATTRIB
  5
5E3
330
17
100
AcDbEntity
  8
0
100
AcDbText
 10
991.0436593711191
 20
1019.2308166432704
 30
0.0
 40
0.0875
  1

 50
5.27
  7
hebtxt
 72
1
 11
991.0436593711191
 21
1019.2308166432704
 31
0.0
100
AcDbAttribute
  2
RADIUS
 70
0
  0
ATTRIB
  5
5E4
330
17
100
AcDbEntity
  8
0
100
AcDbText
 10
991.0436593711191
 20
1019.2308166432704
 30
0.0
 40
0.0875
  1

 50
5.27
  7
hebtxt
 72
1
 11
991.0436593711191
 21
1019.2308166432704
 31
0.0
100
AcDbAttribute
  2
CROSS
 70
0
  0
ATTRIB
  5
5E5
330
17
100
AcDbEntity
  8
0
100
AcDbText
 10
989.5662303743131
 20
1018.9715198839448
 30
0.0
 40
0.0625
  1

 50
5.27
  7
hebtxt
 72
1
 11
989.5662303743131
 21
1018.9715198839448
 31
0.0
100
AcDbAttribute
  2
LINE_NAME
 70
0
  0
ATTRIB
  5
5E6
330
17
100
AcDbEntity
  8
0
100
AcDbText
 10
989.195571003194
 20
1018.9072032406744
 30
0.0
 40
0.0625
  1

 50
5.27
  7
hebtxt
 72
1
 11
989.195571003194
 21
1018.9072032406744
 31
0.0
100
AcDbAttribute
  2
TOPO
 70
0
  0
ATTRIB
  5
5E7
330
17
100
AcDbEntity
  8
0
100
AcDbText
 10
988.8276306874284
 20
1018.8406267881235
 30
0.0
 40
0.0625
  1

 50
5.27
  7
hebtxt
 72
1
 11
988.8276306874284
 21
1018.8406267881235
 31
0.0
100
AcDbAttribute
  2
COMMENT
 70
0
  0
SEQEND
  5
5E0
330
5DF
100
AcDbEntity
  8
C1609
  0
INSERT
  5
5E8
330
17
100
AcDbEntity
  8
C1609
100
AcDbBlockReference
 66
1
  2
C1609
 10
993.2532
 20
1018.1663
 30
0.0
 41
0.25
 42
0.25
 43
0.25
 50
275.27
  0
ATTRIB
  5
5EA
330
17
100
AcDbEntity
  8
0
100
AcDbText
 10
993.3175166432703
 20
1017.7956406288808
 30
0.0
 40
0.08749999999999998
  1

 50
-84.73000000000003
  7
hebtxt
 72
1
 11
993.3175166432703
 21
1017.7956406288808
 31
0.0
100
AcDbAttribute
  2
LEGAL_LENGTH
 70
0
  0
ATTRIB
  5
5EB
330
17
100
AcDbEntity
  8
0
100
AcDbText
 10
992.7412843383013
 20
1017.945849086399
 30
0.0
 40
0.08749999999999998
  1
2.47
 50
-84.73000000000003
  7
hebtxt
 72
1
 11
992.7412843383013
 21
1017.945849086399
 31
0.0
100
AcDbAttribute
  2
CALC_LENGTH
 70
0
  0
ATTRIB
  5
5EC
330
17
100
AcDbEntity
  8
0
100
AcDbText
 10
993.3175166432703
 20
1017.7956406288808
 30
0.0
 40
0.08749999999999998
  1

 50
-84.73000000000003
  7
hebtxt
 72
1
 11
993.3175166432703
 21
1017.7956406288808
 31
0.0
100
AcDbAttribute
  2
RADIUS
 70
0
  0
ATTRIB
  5
5ED
330
17
100
AcDbEntity
  8
0
100
AcDbText
 10
993.3175166432703
 20
1017.7956406288808
 30
0.0
 40
0.08749999999999998
  1

 50
-84.73000000000003
  7
hebtxt
 72
1
 11
993.3175166432703
 21
1017.7956406288808
 31
0.0
100
AcDbAttribute
  2
CROSS
 70
0
  0
ATTRIB
  5
5EE
330
17
100
AcDbEntity
  8
0
100
AcDbText
 10
993.0582198839447
 20
1019.2730696256868
 30
0.0
 40
0.06249999999999999
  1

 50
-84.73000000000003
  7
hebtxt
 72
1
 11
993.0582198839447
 21
1019.2730696256868
 31
0.0
100
AcDbAttribute
  2
LINE_NAME
 70
0
  0
ATTRIB
  5
5EF
330
17
100
AcDbEntity
  8
0
100
AcDbText
 10
992.9939032406744
 20
1019.643728996806
 30
0.0
 40
0.06249999999999999
  1

 50
-84.73000000000003
  7
hebtxt
 72
1
 11
992.9939032406744
 21
1019.643728996806
 31
0.0
100
AcDbAttribute
  2
TOPO
 70
0
  0
ATTRIB
  5
5F0
330
17
100
AcDbEntity
  8
0
100
AcDbText
 10
992.9273267881234
 20
1020.0116693125716
 30
0.0
 40
0.06249999999999999
  1

 50
-84.73000000000003
  7
hebtxt
 72
1
 11
992.9273267881234
 21
1020.0116693125716
 31
0.0
100
AcDbAttribute
  2
COMMENT
 70
0
  0
SEQEND
  5
5E9
330
5E8
100
AcDbEntity
  8
C1609
  0
INSERT
  5
5F1
330
17
100
AcDbEntity
  8
M1000
100
AcDbBlockReference
 66
1
  2
M1000_E
 10
1004.8546
 20
1029.6663
 30
0.0
 41
0.25
 42
0.25
 43
0.25
  0
ATTRIB
  5
5F3
330
17
100
AcDbEntity
  8
0
100
AcDbText
 10
1004.2096
 20
1029.7913
 30
0.0
 40
0.0625
  1
שמאל
  7
hebtxt
 72
1
 11
1004.2096
 21
1029.7913
 31
0.0
100
AcDbAttribute
  2
DESC
 70
0
  0
SEQEND
  5
5F2
330
5F1
100
AcDbEntity
  8
M1000
  0
INSERT
  5
5F4
330
17
100
AcDbEntity
  8
M1000
100
AcDbBlockReference
 66
1
  2
M1000_E
 10
1014.2035
 20
1021.4752
 30
0.0
 41
0.25
 42
0.25
 43
0.25
 50
3.97
  0
ATTRIB
  5
5F6
330
17
100
AcDbEntity
  8
0
100
AcDbText
 10
1013.5513934499312
 20
1021.5552440338653
 30
0.0
 40
0.0625
  1
צינור
 50
3.970000000000001
  7
hebtxt
 72
1
 11
1013.5513934499312
 21
1021.5552440338653
 31
0.0
100
AcDbAttribute
  2
DESC
 70
0
  0
SEQEND
  5
5F5
330
5F4
100
AcDbEntity
  8
M1000
  0
INSERT
  5
5F7
330
17
100
AcDbEntity
  8
M1000
100
AcDbBlockReference
 66
1
  2
M1000_E
 10
1015.0396
 20
1016.6175
 30
0.0
 41
0.25
 42
0.25
 43
0.25
 50
273.94
  0
ATTRIB
  5
5F9
330
17
100
AcDbEntity
  8
0
100
AcDbText
 10
1015.1199854650686
 20
1017.2695645497231
 30
0.0
 40
0.0625
  1
גג
 50
-86.06
  7
hebtxt
 72
1
 11
1015.1199854650686
 21
1017.2695645497231
 31
0.0
100
AcDbAttribute
  2
DESC
 70
0
  0
SEQEND
  5
5F8
330
5F7
100
AcDbEntity
  8
M1000
  0
INSERT
  5
5FA
330
17
100
AcDbEntity
  8
M1000
100
AcDbBlockReference
 66
1
  2
M1000_E
 10
986.0545
 20
1015.7655
 30
0.0
 41
0.25
 42
0.25
 43
0.25
 50
279.11
  0
ATTRIB
  5
5FC
330
17
100
AcDbEntity
  8
0
100
AcDbText
 10
986.0758001648034
 20
1016.4221553913426
 30
0.0
 40
0.06249999999999999
  1
עץ דקל
 50
-80.88999999999997
  7
hebtxt
 72
1
 11
986.0758001648034
 21
1016.4221553913426
 31
0.0
100
AcDbAttribute
  2
DESC
 70
0
  0
SEQEND
  5
5FB
330
5FA
100
AcDbEntity
  8
M1000
  0
INSERT
  5
5FD
330
17
100
AcDbEntity
  8
M1000
100
AcDbBlockReference
 66
1
  2
M1000_E
 10
1002.7227
 20
1013.3005
 30
0.0
 41
0.25
 42
0.25
 43
0.25
 50
274.79
  0
ATTRIB
  5
5FF
330
17
100
AcDbEntity
  8
0
100
AcDbText
 10
1002.7934034018733
 20
1013.9536852945096
 30
0.0
 40
0.0625
  1
צינור גג
 50
-85.21000000000001
  7
hebtxt
 72
1
 11
1002.7934034018733
 21
1013.9536852945096
 31
0.0
100
AcDbAttribute
  2
DESC
 70
0
  0
SEQEND
  5
5FE
330
5FD
100
AcDbEntity
  8
M1000
  0
INSERT
  5
600
330
17
100
AcDbEntity
  8
M1000
100
AcDbBlockReference
 66
1
  2
M1000_E
 10
1012.1506
 20
998.6349
 30
0.0
 41
0.25
 42
0.25
 43
0.25
 50
274.75
  0
ATTRIB
  5
602
330
17
100
AcDbEntity
  8
0
100
AcDbText
 10
1012.2217593939669
 20
999.28803577505
 30
0.0
 40
0.0625
  1
צינור
 50
-85.25
  7
hebtxt
 72
1
 11
1012.2217593939669
 21
999.28803577505
 31
0.0
100
AcDbAttribute
  2
DESC
 70
0
  0
SEQEND
  5
601
330
600
100
AcDbEntity
  8
M1000
  0
INSERT
  5
603
330
17
100
AcDbEntity
  8
M1000
100
AcDbBlockReference
 66
1
  2
M1000_E
 10
1003.7002
 20
967.2461
 30
0.0
 41
0.25
 42
0.25
 43
0.25
 50
4.7
  0
ATTRIB
  5
605
330
17
100
AcDbEntity
  8
0
100
AcDbText
 10
1003.0471265719236
 20
967.3178293352859
 30
0.0
 40
0.0625
  1
צינור
 50
4.7
  7
hebtxt
 72
1
 11
1003.0471265719236
 21
967.3178293352859
 31
0.0
100
AcDbAttribute
  2
DESC
 70
0
  0
SEQEND
  5
604
330
603
100
AcDbEntity
  8
M1000
  0
INSERT
  5
606
330
17
100
AcDbEntity
  8
M1000
100
AcDbBlockReference
 66
1
  2
M1000_E
 10
987.9277
 20
977.4369
 30
0.0
 41
0.25
 42
0.25
 43
0.25
 50
1.1
  0
ATTRIB
  5
608
330
17
100
AcDbEntity
  8
0
100
AcDbText
 10
987.2804191853816
 20
977.5494946136674
 30
0.0
 40
0.06249999999999999
  1
צינור
 50
1.1000000000000003
  7
hebtxt
 72
1
 11
987.2804191853816
 21
977.5494946136674
 31
0.0
100
AcDbAttribute
  2
DESC
 70
0
  0
SEQEND
  5
607
330
606
100
AcDbEntity
  8
M1000
  0
INSERT
  5
609
330
17
100
AcDbEntity
  8
M1000
100
AcDbBlockReference
 66
1
  2
M1000_E
 10
981.9117
 20
997.7234
 30
0.0
 41
0.25
 42
0.25
 43
0.25
 50
274.75
  0
ATTRIB
  5
60B
330
17
100
AcDbEntity
  8
0
100
AcDbText
 10
981.9828593939668
 20
998.37653577505
 30
0.0
 40
0.0625
  1
צינור
 50
-85.25
  7
hebtxt
 72
1
 11
981.9828593939668
 21
998.37653577505
 31
0.0
100
AcDbAttribute
  2
DESC
 70
0
  0
SEQEND
  5
60A
330
609
100
AcDbEntity
  8
M1000
  0
INSERT
  5
60C
330
17
100
AcDbEntity
  8
M1000
100
AcDbBlockReference
 66
1
  2
M1000_E
 10
993.4874
 20
1013.0879
 30
0.0
 41
0.25
 42
0.25
 43
0.25
 50
274.98
  0
ATTRIB
  5
60E
330
17
100
AcDbEntity
  8
0
100
AcDbText
 10
993.5559369726291
 20
1013.7413161640048
 30
0.0
 40
0.0625
  1
צינור
 50
-85.01999999999997
  7
hebtxt
 72
1
 11
993.5559369726291
 21
1013.7413161640048
 31
0.0
100
AcDbAttribute
  2
DESC
 70
0
  0
SEQEND
  5
60D
330
60C
100
AcDbEntity
  8
M1000
  0
INSERT
  5
60F
330
17
100
AcDbEntity
  8
M1000
100
AcDbBlockReference
 66
1
  2
M1000_E
 10
997.4086
 20
1014.3043
 30
0.0
 41
0.25
 42
0.25
 43
0.25
 50
274.98
  0
ATTRIB
  5
611
330
17
100
AcDbEntity
  8
0
100
AcDbText
 10
997.4771369726291
 20
1014.9577161640049
 30
0.0
 40
0.0625
  1
דפנת.גג
 50
-85.01999999999997
  7
hebtxt
 72
1
 11
997.4771369726291
 21
1014.9577161640049
 31
0.0
100
AcDbAttribute
  2
DESC
 70
0
  0
SEQEND
  5
610
330
60F
100
AcDbEntity
  8
M1000
  0
INSERT
  5
612
330
17
100
AcDbEntity
  8
M1000
100
AcDbBlockReference
 66
1
  2
M1000_E
 10
1003.5289
 20
1023.3864
 30
0.0
 41
0.25
 42
0.25
 43
0.25
 50
0.69
  0
ATTRIB
  5
614
330
17
100
AcDbEntity
  8
0
100
AcDbText
 10
1002.882441460985
 20
1023.5036235357535
 30
0.0
 40
0.0625
  1
צינור
 50
0.69
  7
hebtxt
 72
1
 11
1002.882441460985
 21
1023.5036235357535
 31
0.0
100
AcDbAttribute
  2
DESC
 70
0
  0
SEQEND
  5
613
330
612
100
AcDbEntity
  8
M1000
  0
INSERT
  5
615
330
17
100
AcDbEntity
  8
M1000
100
AcDbBlockReference
 66
1
  2
M1000_E
 10
968.0927
 20
1021.0304
 30
0.0
 41
0.25
 42
0.25
 43
0.25
 50
274.14
  0
ATTRIB
  5
617
330
17
100
AcDbEntity
  8
0
100
AcDbText
 10
968.1708088452897
 20
1021.6827411747602
 30
0.0
 40
0.0625
  1
ברז עם זרבובית
 50
-85.86000000000001
  7
hebtxt
 72
1
 11
968.1708088452897
 21
1021.6827411747602
 31
0.0
100
AcDbAttribute
  2
DESC
 70
0
  0
SEQEND
  5
616
330
615
100
AcDbEntity
  8
M1000
  0
INSERT
  5
618
330
17
100
AcDbEntity
  8
M1000
100
AcDbBlockReference
 66
1
  2
M1000_E
 10
985.8613
 20
1022.0274
 30
0.0
 41
0.25
 42
0.25
 43
0.25
 50
275.48
  0
ATTRIB
  5
61A
330
17
100
AcDbEntity
  8
0
100
AcDbText
 10
985.9241323036008
 20
1022.6813893742441
 30
0.0
 40
0.0625
  1
גובה
 50
-84.52
  7
hebtxt
 72
1
 11
985.9241323036008
 21
1022.6813893742441
 31
0.0
100
AcDbAttribute
  2
DESC
 70
0
  0
SEQEND
  5
619
330
618
100
AcDbEntity
  8
M1000
  0
INSERT
  5
61B
330
17
100
AcDbEntity
  8
M1000
100
AcDbBlockReference
 66
1
  2
M1000_E
 10
1004.0865
 20
1013.6409
 30
0.0
 41
0.25
 42
0.25
 43
0.25
 50
274.79
  0
ATTRIB
  5
61D
330
17
100
AcDbEntity
  8
0
100
AcDbText
 10
1004.1572034018733
 20
1014.2940852945095
 30
0.0
 40
0.0625
  1
גובה
 50
-85.21000000000001
  7
hebtxt
 72
1
 11
1004.1572034018733
 21
1014.2940852945095
 31
0.0
100
AcDbAttribute
  2
DESC
 70
0
  0
SEQEND
  5
61C
330
61B
100
AcDbEntity
  8
M1000
  0
INSERT
  5
61E
330
17
100
AcDbEntity
  8
M1000
100
AcDbBlockReference
 66
1
  2
M1000_E
 10
1001.4389
 20
1023.9167
 30
0.0
 41
0.25
 42
0.25
 43
0.25
 50
277.07
  0
ATTRIB
  5
620
330
17
100
AcDbEntity
  8
0
100
AcDbText
 10
1001.4835617548881
 20
1024.5721809895415
 30
0.0
 40
0.0625
  1
גובה
 50
-82.92999999999999
  7
hebtxt
 72
1
 11
1001.4835617548881
 21
1024.5721809895415
 31
0.0
100
AcDbAttribute
  2
DESC
 70
0
  0
SEQEND
  5
61F
330
61E
100
AcDbEntity
  8
M1000
  0
INSERT
  5
621
330
17
100
AcDbEntity
  8
M1000
100
AcDbBlockReference
 66
1
  2
M1000_E
 10
1008.0463
 20
1036.9357
 30
0.0
 41
0.25
 42
0.25
 43
0.25
 50
274.69
  0
ATTRIB
  5
623
330
17
100
AcDbEntity
  8
0
100
AcDbText
 10
1008.1181433170085
 20
1037.5887608989988
 30
0.0
 40
0.0625
  1
עץ דקל
 50
-85.31
  7
hebtxt
 72
1
 11
1008.1181433170085
 21
1037.5887608989988
 31
0.0
100
AcDbAttribute
  2
DESC
 70
0
  0
SEQEND
  5
622
330
621
100
AcDbEntity
  8
M1000
  0
INSERT
  5
624
330
17
100
AcDbEntity
  8
M1000
100
AcDbBlockReference
 66
1
  2
M1000_E
 10
969.8722
 20
1033.4222
 30
0.0
 41
0.25
 42
0.25
 43
0.25
 50
275.31
  0
ATTRIB
  5
626
330
17
100
AcDbEntity
  8
0
100
AcDbText
 10
969.9369724497187
 20
1034.0760000686428
 30
0.0
 40
0.0625
  1
עץ דקל
 50
-84.68999999999998
  7
hebtxt
 72
1
 11
969.9369724497187
 21
1034.0760000686428
 31
0.0
100
AcDbAttribute
  2
DESC
 70
0
  0
SEQEND
  5
625
330
624
100
AcDbEntity
  8
M1000
  0
INSERT
  5
627
330
17
100
AcDbEntity
  8
M1000
100
AcDbBlockReference
 66
1
  2
M1000_E
 10
987.5393
 20
1035.3441
 30
0.0
 41
0.25
 42
0.25
 43
0.25
 50
275.31
  0
ATTRIB
  5
629
330
17
100
AcDbEntity
  8
0
100
AcDbText
 10
987.6040724497187
 20
1035.9979000686428
 30
0.0
 40
0.0625
  1
עץ דקל
 50
-84.68999999999998
  7
hebtxt
 72
1
 11
987.6040724497187
 21
1035.9979000686428
 31
0.0
100
AcDbAttribute
  2
DESC
 70
0
  0
SEQEND
  5
628
330
627
100
AcDbEntity
  8
M1000
  0
INSERT
  5
62A
330
17
100
AcDbEntity
  8
M1000
100
AcDbBlockReference
 66
1
  2
M1000_E
 10
1005.4928
 20
1048.1598
 30
0.0
 41
0.25
 42
0.25
 43
0.25
 50
274.14
  0
ATTRIB
  5
62C
330
17
100
AcDbEntity
  8
0
100
AcDbText
 10
1005.5709088452896
 20
1048.8121411747602
 30
0.0
 40
0.0625
  1
ברז עם זרבובית
 50
-85.86000000000001
  7
hebtxt
 72
1
 11
1005.5709088452896
 21
1048.8121411747602
 31
0.0
100
AcDbAttribute
  2
DESC
 70
0
  0
SEQEND
  5
62B
330
62A
100
AcDbEntity
  8
M1000
  0
INSERT
  5
62D
330
17
100
AcDbEntity
  8
M1000
100
AcDbBlockReference
 66
1
  2
M1000_E
 10
999.8052
 20
1036.0576
 30
0.0
 41
0.25
 42
0.25
 43
0.25
 50
274.69
  0
ATTRIB
  5
62F
330
17
100
AcDbEntity
  8
0
100
AcDbText
 10
999.8770433170085
 20
1036.7106608989989
 30
0.0
 40
0.0625
  1
צופית
 50
-85.31
  7
hebtxt
 72
1
 11
999.8770433170085
 21
1036.7106608989989
 31
0.0
100
AcDbAttribute
  2
DESC
 70
0
  0
SEQEND
  5
62E
330
62D
100
AcDbEntity
  8
M1000
  0
INSERT
  5
630
330
17
100
AcDbEntity
  8
M1000
100
AcDbBlockReference
 66
1
  2
M1000_E
 10
977.0221
 20
1034.3104
 30
0.0
 41
0.25
 42
0.25
 43
0.25
 50
275.31
  0
ATTRIB
  5
632
330
17
100
AcDbEntity
  8
0
100
AcDbText
 10
977.0868724497187
 20
1034.9642000686429
 30
0.0
 40
0.0625
  1
צופית
 50
-84.68999999999998
  7
hebtxt
 72
1
 11
977.0868724497187
 21
1034.9642000686429
 31
0.0
100
AcDbAttribute
  2
DESC
 70
0
  0
SEQEND
  5
631
330
630
100
AcDbEntity
  8
M1000
  0
INSERT
  5
633
330
17
100
AcDbEntity
  8
M1000
100
AcDbBlockReference
 66
1
  2
M1000_E
 10
974.2526
 20
1046.9489
 30
0.0
 41
0.25
 42
0.25
 43
0.25
 50
274.14
  0
ATTRIB
  5
635
330
17
100
AcDbEntity
  8
0
100
AcDbText
 10
974.3307088452897
 20
1047.6012411747604
 30
0.0
 40
0.0625
  1
ברז עם זרבובית
 50
-85.86000000000001
  7
hebtxt
 72
1
 11
974.3307088452897
 21
1047.6012411747604
 31
0.0
100
AcDbAttribute
  2
DESC
 70
0
  0
SEQEND
  5
634
330
633
100
AcDbEntity
  8
M1000
  0
INSERT
  5
636
330
17
100
AcDbEntity
  8
M1000
100
AcDbBlockReference
 66
1
  2
M1000_E
 10
971.7494
 20
1042.6417
 30
0.0
 41
0.25
 42
0.25
 43
0.25
 50
275.31
  0
ATTRIB
  5
638
330
17
100
AcDbEntity
  8
0
100
AcDbText
 10
971.8141724497187
 20
1043.2955000686427
 30
0.0
 40
0.0625
  1
צופית
 50
-84.68999999999998
  7
hebtxt
 72
1
 11
971.8141724497187
 21
1043.2955000686427
 31
0.0
100
AcDbAttribute
  2
DESC
 70
0
  0
SEQEND
  5
637
330
636
100
AcDbEntity
  8
M1000
  0
INSERT
  5
639
330
17
100
AcDbEntity
  8
M1000
100
AcDbBlockReference
 66
1
  2
M1000_E
 10
1000.9241
 20
1045.6137
 30
0.0
 41
0.25
 42
0.25
 43
0.25
 50
275.31
  0
ATTRIB
  5
63B
330
17
100
AcDbEntity
  8
0
100
AcDbText
 10
1000.9888724497187
 20
1046.267500068643
 30
0.0
 40
0.0625
  1
צופית
 50
-84.68999999999998
  7
hebtxt
 72
1
 11
1000.9888724497187
 21
1046.267500068643
 31
0.0
100
AcDbAttribute
  2
DESC
 70
0
  0
SEQEND
  5
63A
330
639
100
AcDbEntity
  8
M1000
  0
INSERT
  5
63C
330
17
100
AcDbEntity
  8
M1000
100
AcDbBlockReference
 66
1
  2
M1000_E
 10
1017.1651
 20
1028.2796
 30
0.0
 41
0.25
 42
0.25
 43
0.25
 50
275.31
  0
ATTRIB
  5
63E
330
17
100
AcDbEntity
  8
0
100
AcDbText
 10
1017.2298724497188
 20
1028.9334000686429
 30
0.0
 40
0.0625
  1
צופית
 50
-84.68999999999998
  7
hebtxt
 72
1
 11
1017.2298724497188
 21
1028.9334000686429
 31
0.0
100
AcDbAttribute
  2
DESC
 70
0
  0
SEQEND
  5
63D
330
63C
100
AcDbEntity
  8
M1000
  0
INSERT
  5
63F
330
17
100
AcDbEntity
  8
M1000
100
AcDbBlockReference
 66
1
  2
M1000_E
 10
990.9494
 20
1026.1934
 30
0.0
 41
0.25
 42
0.25
 43
0.25
 50
275.31
  0
ATTRIB
  5
641
330
17
100
AcDbEntity
  8
0
100
AcDbText
 10
991.0141724497187
 20
1026.847200068643
 30
0.0
 40
0.0625
  1
צופית
 50
-84.68999999999998
  7
hebtxt
 72
1
 11
991.0141724497187
 21
1026.847200068643
 31
0.0
100
AcDbAttribute
  2
DESC
 70
0
  0
SEQEND
  5
640
330
63F
100
AcDbEntity
  8
M1000
  0
INSERT
  5
642
330
17
100
AcDbEntity
  8
M1000
100
AcDbBlockReference
 66
1
  2
M1000_E
 10
972.1585
 20
1024.6501
 30
0.0
 41
0.25
 42
0.25
 43
0.25
 50
275.31
  0
ATTRIB
  5
644
330
17
100
AcDbEntity
  8
0
100
AcDbText
 10
972.2232724497187
 20
1025.3039000686429
 30
0.0
 40
0.0625
  1
צופית
 50
-84.68999999999998
  7
hebtxt
 72
1
 11
972.2232724497187
 21
1025.3039000686429
 31
0.0
100
AcDbAttribute
  2
DESC
 70
0
  0
SEQEND
  5
643
330
642
100
AcDbEntity
  8
M1000
  0
INSERT
  5
645
330
17
100
AcDbEntity
  8
M1000
100
AcDbBlockReference
 66
1
  2
M1000_E
 10
988.6026
 20
995.2478
 30
0.0
 41
0.25
 42
0.25
 43
0.25
 50
274.38
  0
ATTRIB
  5
647
330
17
100
AcDbEntity
  8
0
100
AcDbText
 10
988.6779756477109
 20
995.9004626324006
 30
0.0
 40
0.0625
  1
סנחם
 50
-85.62000000000003
  7
hebtxt
 72
1
 11
988.6779756477109
 21
995.9004626324006
 31
0.0
100
AcDbAttribute
  2
DESC
 70
0
  0
SEQEND
  5
646
330
645
100
AcDbEntity
  8
M1000
  0
INSERT
  5
648
330
17
100
AcDbEntity
  8
M1000
100
AcDbBlockReference
 66
1
  2
M1000_E
 10
992.2502
 20
995.4942
 30
0.0
 41
0.25
 42
0.25
 43
0.25
 50
274.38
  0
ATTRIB
  5
64A
330
17
100
AcDbEntity
  8
0
100
AcDbText
 10
992.3255756477108
 20
996.1468626324006
 30
0.0
 40
0.0625
  1
צינור
 50
-85.62000000000003
  7
hebtxt
 72
1
 11
992.3255756477108
 21
996.1468626324006
 31
0.0
100
AcDbAttribute
  2
DESC
 70
0
  0
SEQEND
  5
649
330
648
100
AcDbEntity
  8
M1000
  0
INSERT
  5
64B
330
17
100
AcDbEntity
  8
M1000
100
AcDbBlockReference
 66
1
  2
M1000_E
 10
995.7875
 20
1007.907
 30
0.0
 41
0.25
 42
0.25
 43
0.25
 50
274.8
  0
ATTRIB
  5
64D
330
17
100
AcDbEntity
  8
0
100
AcDbText
 10
995.8580893984569
 20
1008.5601976246326
 30
0.0
 40
0.0625
  1
הרקומת ציפור
 50
-85.2
  7
hebtxt
 72
1
 11
995.8580893984569
 21
1008.5601976246326
 31
0.0
100
AcDbAttribute
  2
DESC
 70
0
  0
SEQEND
  5
64C
330
64B
100
AcDbEntity
  8
M1000
  0
INSERT
  5
64E
330
17
100
AcDbEntity
  8
M1000
100
AcDbBlockReference
 66
1
  2
M1000_E
 10
983.8362
 20
1048.728
 30
0.0
 41
0.25
 42
0.25
 43
0.25
 50
4.63
  0
ATTRIB
  5
650
330
17
100
AcDbEntity
  8
0
100
AcDbText
 10
983.1832146932137
 20
1048.8005271612653
 30
0.0
 40
0.0625
  1
צרפם
 50
4.63
  7
hebtxt
 72
1
 11
983.1832146932137
 21
1048.8005271612653
 31
0.0
100
AcDbAttribute
  2
DESC
 70
0
  0
SEQEND
  5
64F
330
64E
100
AcDbEntity
  8
M1000
  0
INSERT
  5
651
330
17
100
AcDbEntity
  8
M1000
100
AcDbBlockReference
 66
1
  2
M1000_E
 10
995.0784
 20
1049.612
 30
0.0
 41
0.25
 42
0.25
 43
0.25
 50
4.55
  0
ATTRIB
  5
653
330
17
100
AcDbEntity
  8
0
100
AcDbText
 10
994.4255165967159
 20
1049.685438829757
 30
0.0
 40
0.06249999999999999
  1
צרפם
 50
4.55
  7
hebtxt
 72
1
 11
994.4255165967159
 21
1049.685438829757
 31
0.0
100
AcDbAttribute
  2
DESC
 70
0
  0
SEQEND
  5
652
330
651
100
AcDbEntity
  8
M1000
  0
INSERT
  5
654
330
17
100
AcDbEntity
  8
M1000
100
AcDbBlockReference
 66
1
  2
M1000_E
 10
988.0512
 20
999.6479
 30
0.0
 41
0.25
 42
0.25
 43
0.25
 50
275.27
  0
ATTRIB
  5
656
330
17
100
AcDbEntity
  8
0
100
AcDbText
 10
988.1164288724508
 20
1000.301654689619
 30
0.0
 40
0.06249999999999999
  1
צופית
 50
-84.73000000000003
  7
hebtxt
 72
1
 11
988.1164288724508
 21
1000.301654689619
 31
0.0
100
AcDbAttribute
  2
DESC
 70
0
  0
SEQEND
  5
655
330
654
100
AcDbEntity
  8
M1000
  0
INSERT
  5
657
330
17
100
AcDbEntity
  8
M1000
100
AcDbBlockReference
 66
1
  2
M1000_E
 10
990.8492
 20
1020.5552
 30
0.0
 41
0.25
 42
0.25
 43
0.25
 50
275.27
  0
ATTRIB
  5
659
330
17
100
AcDbEntity
  8
0
100
AcDbText
 10
990.9144288724508
 20
1021.208954689619
 30
0.0
 40
0.06249999999999999
  1
צופית
 50
-84.73000000000003
  7
hebtxt
 72
1
 11
990.9144288724508
 21
1021.208954689619
 31
0.0
100
AcDbAttribute
  2
DESC
 70
0
  0
SEQEND
  5
658
330
657
100
AcDbEntity
  8
M1000
  0
TEXT
  5
65A
330
17
100
AcDbEntity
  8
M1000
100
AcDbText
 10
981.281
 20
1031.5
 30
0.0
 40
0.25
  1
%%C=0.70
100
AcDbText
  0
TEXT
  5
65B
330
17
100
AcDbEntity
  8
M1000
100
AcDbText
 10
989.009
 20
1032.256
 30
0.0
 40
0.25
  1
%%C=0.40
100
AcDbText
  0
TEXT
  5
65C
330
17
100
AcDbEntity
  8
M1000
100
AcDbText
 10
995.367
 20
1032.678
 30
0.0
 40
0.25
  1
%%C=0.40
100
AcDbText
  0
TEXT
  5
65D
330
17
100
AcDbEntity
  8
M1000
100
AcDbText
 10
992.504
 20
1036.972
 30
0.0
 40
0.25
  1
%%C=0.40
100
AcDbText
  0
TEXT
  5
65E
330
17
100
AcDbEntity
  8
M1000
100
AcDbText
 10
1011.005
 20
1038.659
 30
0.0
 40
0.25
  1
%%C=0.40
100
AcDbText
  0
TEXT
  5
65F
330
17
100
AcDbEntity
  8
M1000
100
AcDbText
 10
974.312
 20
1035.212
 30
0.0
 40
0.25
  1
%%C=0.40
100
AcDbText
  0
TEXT
  5
660
330
17
100
AcDbEntity
  8
M1000
100
AcDbText
 10
1002.803
 20
987.477
 30
0.0
 40
0.25
  1
%%C=0.50
100
AcDbText
  0
TEXT
  5
661
330
17
100
AcDbEntity
  8
M1000
100
AcDbText
 10
984.717
 20
1035.837
 30
0.0
 40
0.25
  1
%%C=0.50
100
AcDbText
  0
TEXT
  5
662
330
17
100
AcDbEntity
  8
M1000
100
AcDbText
 10
978.906
 20
1035.769
 30
0.0
 40
0.25
  1
%%C=0.20
100
AcDbText
  0
TEXT
  5
663
330
17
100
AcDbEntity
  8
M1000
100
AcDbText
 10
972.299
 20
1032.178
 30
0.0
 40
0.25
  1
%%C=0.20
100
AcDbText
  0
TEXT
  5
664
330
17
100
AcDbEntity
  8
M1000
100
AcDbText
 10
968.353
 20
1030.501
 30
0.0
 40
0.25
  1
%%C=0.20
100
AcDbText
  0
TEXT
  5
665
330
17
100
AcDbEntity
  8
M1000
100
AcDbText
 10
1005.421
 20
1004.404
 30
0.0
 40
0.25
  1
%%C=0.20
100
AcDbText
  0
TEXT
  5
666
330
17
100
AcDbEntity
  8
M1000
100
AcDbText
 10
968.613
 20
1034.85
 30
0.0
 40
0.25
  1
%%C=0.30
100
AcDbText
  0
TEXT
  5
667
330
17
100
AcDbEntity
  8
M1000
100
AcDbText
 10
1005.661
 20
1000.901
 30
0.0
 40
0.25
  1
%%C=0.30
100
AcDbText
  0
TEXT
  5
668
330
17
100
AcDbEntity
  8
M1000
100
AcDbText
 10
1005.311
 20
1002.179
 30
0.0
 40
0.25
  1
%%C=0.10
100
AcDbText
  0
ENDSEC
  0
SECTION
  2
OBJECTS
  0
DICTIONARY
  5
A
330
0
100
AcDbDictionary
281
1
  3
ACAD_COLOR
350
B
  3
ACAD_GROUP
350
C
  3
ACAD_LAYOUT
350
D
  3
ACAD_MATERIAL
350
E
  3
ACAD_MLEADERSTYLE
350
F
  3
ACAD_MLINESTYLE
350
10
  3
ACAD_PLOTSETTINGS
350
11
  3
ACAD_PLOTSTYLENAME
350
12
  3
ACAD_SCALELIST
350
14
  3
ACAD_TABLESTYLE
350
15
  3
ACAD_VISUALSTYLE
350
16
  3
EZDXF_META
350
2D
  0
DICTIONARY
  5
B
330
A
100
AcDbDictionary
281
1
  0
DICTIONARY
  5
C
330
A
100
AcDbDictionary
281
1
  0
DICTIONARY
  5
D
330
A
100
AcDbDictionary
281
1
  3
Model
350
1A
  3
Layout1
350
1E
  0
DICTIONARY
  5
E
330
A
100
AcDbDictionary
281
1
  3
ByBlock
350
1F
  3
ByLayer
350
20
  3
Global
350
21
  0
DICTIONARY
  5
F
330
A
100
AcDbDictionary
281
1
  3
Standard
350
2C
  0
DICTIONARY
  5
10
330
A
100
AcDbDictionary
281
1
  3
Standard
350
22
  0
DICTIONARY
  5
11
330
A
100
AcDbDictionary
281
1
  0
ACDBDICTIONARYWDFLT
  5
12
330
A
100
AcDbDictionary
281
1
  3
Normal
350
13
100
AcDbDictionaryWithDefault
340
13
  0
ACDBPLACEHOLDER
  5
13
330
12
  0
DICTIONARY
  5
14
330
A
100
AcDbDictionary
281
1
  0
DICTIONARY
  5
15
330
A
100
AcDbDictionary
281
1
  0
DICTIONARY
  5
16
330
A
100
AcDbDictionary
281
1
  3
2dWireframe
350
5A
  3
Basic
350
5B
  3
Brighten
350
5C
  3
ColorChange
350
5D
  3
Conceptual
350
5E
  3
Dim
350
5F
  3
EdgeColorOff
350
60
  3
Facepattern
350
61
  3
Flat
350
62
  3
FlatWithEdges
350
63
  3
Gouraud
350
64
  3
GouraudWithEdges
350
65
  3
Hidden
350
66
  3
JitterOff
350
67
  3
Linepattern
350
68
  3
Modeling
350
69
  3
OverhangOff
350
6A
  3
Realistic
350
6B
  3
Shaded
350
6C
  3
Shaded with edges
350
6D
  3
Shades of Gray
350
6E
  3
Sketchy
350
6F
  3
Thicken
350
70
  3
Wireframe
350
71
  3
X-Ray
350
72
  0
LAYOUT
  5
1A
330
D
100
AcDbPlotSettings
  1

  4
A3
  6

 40
7.5
 41
20.0
 42
7.5
 43
20.0
 44
420.0
 45
297.0
 46
0.0
 47
0.0
 48
0.0
 49
0.0
140
0.0
141
0.0
142
1.0
143
1.0
 70
1024
 72
1
 73
0
 74
5
  7

 75
16
 76
0
 77
2
 78
300
147
1.0
148
0.0
149
0.0
100
AcDbLayout
  1
Model
 70
1
 71
0
 10
0.0
 20
0.0
 11
420.0
 21
297.0
 12
0.0
 22
0.0
 32
0.0
 14
1e+20
 24
1e+20
 34
1e+20
 15
-1e+20
 25
-1e+20
 35
-1e+20
146
0.0
 13
0.0
 23
0.0
 33
0.0
 16
1.0
 26
0.0
 36
0.0
 17
0.0
 27
1.0
 37
0.0
 76
1
330
17
  0
LAYOUT
  5
1E
330
D
100
AcDbPlotSettings
  1

  4
A3
  6

 40
7.5
 41
20.0
 42
7.5
 43
20.0
 44
420.0
 45
297.0
 46
0.0
 47
0.0
 48
0.0
 49
0.0
140
0.0
141
0.0
142
1.0
143
1.0
 70
0
 72
1
 73
0
 74
5
  7

 75
16
 76
0
 77
2
 78
300
147
1.0
148
0.0
149
0.0
100
AcDbLayout
  1
Layout1
 70
1
 71
1
 10
0.0
 20
0.0
 11
420.0
 21
297.0
 12
0.0
 22
0.0
 32
0.0
 14
1e+20
 24
1e+20
 34
1e+20
 15
-1e+20
 25
-1e+20
 35
-1e+20
146
0.0
 13
0.0
 23
0.0
 33
0.0
 16
1.0
 26
0.0
 36
0.0
 17
0.0
 27
1.0
 37
0.0
 76
1
330
1B
  0
MATERIAL
  5
1F
102
{ACAD_REACTORS
330
E
102
}
330
E
100
AcDbMaterial
  1
ByBlock
  2

 70
0
 40
1.0
 71
1
 41
1.0
 91
-1023410177
 42
1.0
 72
1
  3

 73
1
 74
1
 75
1
 44
0.5
 73
0
 45
1.0
 46
1.0
 77
1
  4

 78
1
 79
1
170
1
 48
1.0
171
1
  6

172
1
173
1
174
1
140
1.0
141
1.0
175
1
  7

176
1
177
1
178
1
143
1.0
179
1
  8

270
1
271
1
272
1
145
1.0
146
1.0
273
1
  9

274
1
275
1
276
1
 42
1.0
 72
1
  3

 73
1
 74
1
 75
1
 94
63
  0
MATERIAL
  5
20
102
{ACAD_REACTORS
330
E
102
}
330
E
100
AcDbMaterial
  1
ByLayer
  2

 70
0
 40
1.0
 71
1
 41
1.0
 91
-1023410177
 42
1.0
 72
1
  3

 73
1
 74
1
 75
1
 44
0.5
 73
0
 45
1.0
 46
1.0
 77
1
  4

 78
1
 79
1
170
1
 48
1.0
171
1
  6

172
1
173
1
174
1
140
1.0
141
1.0
175
1
  7

176
1
177
1
178
1
143
1.0
179
1
  8

270
1
271
1
272
1
145
1.0
146
1.0
273
1
  9

274
1
275
1
276
1
 42
1.0
 72
1
  3

 73
1
 74
1
 75
1
 94
63
  0
MATERIAL
  5
21
102
{ACAD_REACTORS
330
E
102
}
330
E
100
AcDbMaterial
  1
Global
  2

 70
0
 40
1.0
 71
1
 41
1.0
 91
-1023410177
 42
1.0
 72
1
  3

 73
1
 74
1
 75
1
 44
0.5
 73
0
 45
1.0
 46
1.0
 77
1
  4

 78
1
 79
1
170
1
 48
1.0
171
1
  6

172
1
173
1
174
1
140
1.0
141
1.0
175
1
  7

176
1
177
1
178
1
143
1.0
179
1
  8

270
1
271
1
272
1
145
1.0
146
1.0
273
1
  9

274
1
275
1
276
1
 42
1.0
 72
1
  3

 73
1
 74
1
 75
1
 94
63
  0
MLINESTYLE
  5
22
102
{ACAD_REACTORS
330
10
102
}
330
10
100
AcDbMlineStyle
  2
Standard
 70
0
  3

 62
256
 51
90.0
 52
90.0
 71
2
 49
0.5
 62
256
  6
BYLAYER
 49
-0.5
 62
256
  6
BYLAYER
  0
MLEADERSTYLE
  5
2C
102
{ACAD_REACTORS
330
F
102
}
330
F
100
AcDbMLeaderStyle
179
2
170
2
171
1
172
0
 90
2
 40
0.0
 41
0.0
173
1
 91
-1056964608
 92
-2
290
1
 42
2.0
291
1
 43
8.0
  3
Standard
 44
4.0
300

342
29
174
1
175
1
176
0
178
1
 93
-1056964608
 45
4.0
292
0
297
0
 46
4.0
 94
-1056964608
 47
1.0
 49
1.0
140
1.0
294
1
141
0.0
177
0
142
1.0
295
0
296
0
143
3.75
271
0
272
9
273
9
  0
DICTIONARY
  5
2D
330
A
100
AcDbDictionary
280
1
281
1
  3
CREATED_BY_EZDXF
350
2E
  3
WRITTEN_BY_EZDXF
350
66B
  0
DICTIONARYVAR
  5
2E
330
2D
100
DictionaryVariables
280
0
  1
1.4.3 @ 2026-05-14T09:30:59.837725+00:00
  0
VISUALSTYLE
  5
5A
102
{ACAD_REACTORS
330
16
102
}
330
16
100
AcDbVisualStyle
  2
2dWireframe
 70
4
 90
0
 40
0.6
 62
7
290
0
291
0
  0
VISUALSTYLE
  5
5B
102
{ACAD_REACTORS
330
16
102
}
330
16
100
AcDbVisualStyle
  2
Basic
 70
7
 90
1
 40
0.6
 62
7
290
0
291
1
  0
VISUALSTYLE
  5
5C
102
{ACAD_REACTORS
330
16
102
}
330
16
100
AcDbVisualStyle
  2
Brighten
 70
12
 90
2
 40
0.6
 62
7
290
0
291
1
  0
VISUALSTYLE
  5
5D
102
{ACAD_REACTORS
330
16
102
}
330
16
100
AcDbVisualStyle
  2
ColorChange
 70
16
 90
2
 40
0.6
 62
8
290
0
291
1
  0
VISUALSTYLE
  5
5E
102
{ACAD_REACTORS
330
16
102
}
330
16
100
AcDbVisualStyle
  2
Conceptual
 70
9
 90
3
 40
0.6
 62
7
290
0
291
0
  0
VISUALSTYLE
  5
5F
102
{ACAD_REACTORS
330
16
102
}
330
16
100
AcDbVisualStyle
  2
Dim
 70
11
 90
2
 40
0.6
 62
7
290
0
291
1
  0
VISUALSTYLE
  5
60
102
{ACAD_REACTORS
330
16
102
}
330
16
100
AcDbVisualStyle
  2
EdgeColorOff
 70
22
 90
2
 40
0.6
 62
7
290
0
291
1
  0
VISUALSTYLE
  5
61
102
{ACAD_REACTORS
330
16
102
}
330
16
100
AcDbVisualStyle
  2
Facepattern
 70
15
 90
2
 40
0.6
 62
7
290
0
291
1
  0
VISUALSTYLE
  5
62
102
{ACAD_REACTORS
330
16
102
}
330
16
100
AcDbVisualStyle
  2
Flat
 70
0
 90
2
 40
0.6
 62
7
290
0
291
1
  0
VISUALSTYLE
  5
63
102
{ACAD_REACTORS
330
16
102
}
330
16
100
AcDbVisualStyle
  2
FlatWithEdges
 70
1
 90
2
 40
0.6
 62
7
290
0
291
1
  0
VISUALSTYLE
  5
64
102
{ACAD_REACTORS
330
16
102
}
330
16
100
AcDbVisualStyle
  2
Gouraud
 70
2
 90
2
 40
0.6
 62
7
290
0
291
1
  0
VISUALSTYLE
  5
65
102
{ACAD_REACTORS
330
16
102
}
330
16
100
AcDbVisualStyle
  2
GouraudWithEdges
 70
3
 90
2
 40
0.6
 62
7
290
0
291
1
  0
VISUALSTYLE
  5
66
102
{ACAD_REACTORS
330
16
102
}
330
16
100
AcDbVisualStyle
  2
Hidden
 70
6
 90
1
 40
0.6
 62
7
290
0
291
0
  0
VISUALSTYLE
  5
67
102
{ACAD_REACTORS
330
16
102
}
330
16
100
AcDbVisualStyle
  2
JitterOff
 70
20
 90
2
 40
0.6
 62
7
290
0
291
1
  0
VISUALSTYLE
  5
68
102
{ACAD_REACTORS
330
16
102
}
330
16
100
AcDbVisualStyle
  2
Linepattern
 70
14
 90
2
 40
0.6
 62
7
290
0
291
1
  0
VISUALSTYLE
  5
69
102
{ACAD_REACTORS
330
16
102
}
330
16
100
AcDbVisualStyle
  2
Modeling
 70
10
 90
2
 40
0.6
 62
7
290
0
291
0
  0
VISUALSTYLE
  5
6A
102
{ACAD_REACTORS
330
16
102
}
330
16
100
AcDbVisualStyle
  2
OverhangOff
 70
21
 90
2
 40
0.6
 62
7
290
0
291
1
  0
VISUALSTYLE
  5
6B
102
{ACAD_REACTORS
330
16
102
}
330
16
100
AcDbVisualStyle
  2
Realistic
 70
8
 90
2
 40
0.6
 62
7
290
0
291
0
  0
VISUALSTYLE
  5
6C
102
{ACAD_REACTORS
330
16
102
}
330
16
100
AcDbVisualStyle
  2
Shaded
 70
27
 90
2
 40
0.6
 62
7
290
0
291
0
  0
VISUALSTYLE
  5
6D
102
{ACAD_REACTORS
330
16
102
}
330
16
100
AcDbVisualStyle
  2
Shaded with edges
 70
26
 90
2
 40
0.6
 62
7
290
0
291
0
  0
VISUALSTYLE
  5
6E
102
{ACAD_REACTORS
330
16
102
}
330
16
100
AcDbVisualStyle
  2
Shades of Gray
 70
23
 90
2
 40
0.6
 62
7
290
0
291
0
  0
VISUALSTYLE
  5
6F
102
{ACAD_REACTORS
330
16
102
}
330
16
100
AcDbVisualStyle
  2
Sketchy
 70
24
 90
1
 40
0.6
 62
7
290
0
291
0
  0
VISUALSTYLE
  5
70
102
{ACAD_REACTORS
330
16
102
}
330
16
100
AcDbVisualStyle
  2
Thicken
 70
13
 90
2
 40
0.6
 62
7
290
0
291
1
  0
VISUALSTYLE
  5
71
102
{ACAD_REACTORS
330
16
102
}
330
16
100
AcDbVisualStyle
  2
Wireframe
 70
5
 90
0
 40
0.6
 62
7
290
0
291
0
  0
VISUALSTYLE
  5
72
102
{ACAD_REACTORS
330
16
102
}
330
16
100
AcDbVisualStyle
  2
X-Ray
 70
25
 90
2
 40
0.5
 62
7
290
0
291
0
  0
DICTIONARYVAR
  5
66B
330
2D
100
DictionaryVariables
280
0
  1
1.4.3 @ 2026-05-14T09:30:59.938299+00:00
  0
ENDSEC
  0
EOF
